sample_id,relative_path,split,label,subject_id,session_id,clip_id,device_id,attack_type,attack_instrument_id,capture_time,sha256,dhash,height,width,bytes,brightness,contrast,blur,exact_component_id,near_component_id,status,reason_code
38daaf9c106adcb36515,test/images/17743421927071402.jpg,test,1,,,,,,,,ccaddb0084c793fa704de1775c68d0b5c09f89e65b70b270fadcc09231dc57de,c70f232321150f87,274,243,20961,130.320372,51.303442,172.075701,exact-f0672dd8e5e2,near-f3f43b0f4d14,quarantine,"MISSING_PROVENANCE:subject_id,session_id,clip_id,device_id"
3552940ab5fdbf721d0a,test/images/1774342192737091.jpg,test,1,,,,,,,,ccaddb0084c793fa704de1775c68d0b5c09f89e65b70b270fadcc09231dc57de,c70f232321150f87,274,243,20961,130.320372,51.303442,172.075701,exact-f0672dd8e5e2,near-f3f43b0f4d14,quarantine,"MISSING_PROVENANCE:subject_id,session_id,clip_id,device_id"
636b9f3d95854f254184,test/images/17743421932852015.jpg,test,1,,,,,,,,f5065fa2fe70c0b5ae54a9535a9f6031dbe043f15130b767461c3913e6159b19,460333211107078f,264,235,17100,107.322840,49.531376,140.125465,exact-29f6d328aa7c,near-f3f43b0f4d14,quarantine,"MISSING_PROVENANCE:subject_id,session_id,clip_id,device_id"
417b2f7757c263efe1ce,test/images/17743421934755735.jpg,test,1,,,,,,,,f68a37358191140573b927227e44415eb829cba1e11ca34e823b270b16977df9,8d032321110f070e,263,234,17328,100.450213,49.015259,141.711215,exact-b8e453642038,near-f3f43b0f4d14,quarantine,"MISSING_PROVENANCE:subject_id,session_id,clip_id,device_id"
a5b46261dfe4aa504bc7,test/images/1774342193494458.jpg,test,1,,,,,,,,f68a37358191140573b927227e44415eb829cba1e11ca34e823b270b16977df9,8d032321110f070e,263,234,17328,100.450213,49.015259,141.711215,exact-b8e453642038,near-f3f43b0f4d14,quarantine,"MISSING_PROVENANCE:subject_id,session_id,clip_id,device_id"
bd9ba8752c0fc589f524,test/images/1774342194039316.jpg,test,1,,,,,,,,ee09e91042f3956728e550c06af5ddc1ab64b02481d262d35308d386522b2e78,8f13333109070707,240,213,14831,101.961013,44.304203,146.708031,exact-955e218f59b1,near-273a90dbebc5,quarantine,"MISSING_PROVENANCE:subject_id,session_id,clip_id,device_id"
d508db62544bdca29ebb,test/images/17743421942398765.jpg,test,1,,,,,,,,57a18f459de9e842034949c8a0b16cc98f8b06978f94c2fbbb891b0448fbc7eb,0f3333130b070786,253,225,15809,96.200474,44.586065,122.412229,exact-82c77a55f1af,near-273a90dbebc5,quarantine,"MISSING_PROVENANCE:subject_id,session_id,clip_id,device_id"
13c20b06abfe0099ed7a,test/images/17743421944324815.jpg,test,1,,,,,,,,a484dc1b67ad8a75afe972f023b14a9c7d2a1977185edb72cefd46e30021e724,8b93b39389c78787,255,226,16498,97.618601,41.623232,109.866880,exact-46c3d10b9e53,near-46c3d10b9e53,quarantine,"MISSING_PROVENANCE:subject_id,session_id,clip_id,device_id"
50877fdd8180d684be65,test/images/17743421950526762.jpg,test,1,,,,,,,,35c139f6a977f4940f39e3bc86b156d21153add1397e23c4323e76354f9f3fe6,8d2723a78b87878e,247,219,15913,85.536299,41.566410,141.432954,exact-7a6e3b08cb3d,near-a689747f373d,quarantine,"MISSING_PROVENANCE:subject_id,session_id,clip_id,device_id"
eb530efc0ec1e14d6950,test/images/17743421951100526.jpg,test,1,,,,,,,,d9de6c69ab2cd2fc0fbff42369f80042ed4997b57c93045f24cebdac661ac36b,8d03a3a78d8797ce,243,216,15564,85.602709,41.198240,145.236969,exact-eb8d1dcb9642,near-18d1746ff716,quarantine,"MISSING_PROVENANCE:subject_id,session_id,clip_id,device_id"
3919e264a2dfb1fb480f,test/images/17743421951846933.jpg,test,1,,,,,,,,fedef4a60390530dc043f60a3fc29d46e83187ce0f694cd35fbd4dce3f2fc1a2,8d07a3a7898f974e,244,217,16109,86.949328,42.864853,155.525803,exact-ddfa7e2d711c,near-18d1746ff716,quarantine,"MISSING_PROVENANCE:subject_id,session_id,clip_id,device_id"
fcc9a8aeb87b031730e5,test/images/17743421952914205.jpg,test,1,,,,,,,,a643d2414f19c47d255f16d5cbcf95869e778d3ba7de3282bc9e2930e6843635,8d0723a7898f970e,240,213,15203,87.968858,42.616173,156.467504,exact-81f8ad04da60,near-18d1746ff716,quarantine,"MISSING_PROVENANCE:subject_id,session_id,clip_id,device_id"
02976ca50003bc99de88,test/images/17743421954945192.jpg,test,1,,,,,,,,75dd6babf4bbfb9d2f58a57c54b41cf0ef7936d8b9e3e4d561aabdbf3bced286,cd03a3a7cd8f974e,244,217,15557,85.574262,42.686376,146.398916,exact-8326e2028b85,near-18d1746ff716,quarantine,"MISSING_PROVENANCE:subject_id,session_id,clip_id,device_id"
c0465427e83cd9299115,test/images/1774342196646112.jpg,test,1,,,,,,,,46b9000af79aeecadd54258ba2f396e55655a068aae7f2151334938f473a0d27,cd8723a78a8f8782,244,217,15519,85.749811,43.883686,153.012841,exact-8bae6f6623ba,near-43d9b6cc9894,quarantine,"MISSING_PROVENANCE:subject_id,session_id,clip_id,device_id"
b20daf5d94b57b87ae01,test/images/17743421983203192.jpg,test,1,,,,,,,,8a09e5b08e65df0352860effcfc3a78d9ef12d418df5712b7dd31b594867192f,8f87a3a3a3070f06,225,200,13314,81.382600,42.669021,156.181668,exact-15b6edd2c28b,near-60e2d74e03e2,quarantine,"MISSING_PROVENANCE:subject_id,session_id,clip_id,device_id"
1c0aef0b25c53e60a47d,test/images/17743421991277554.jpg,test,1,,,,,,,,107c1ede69da528e16a97a6afa197c1907e6d13639c5631118728c40eadd9742,8f0707431b9b8b9e,221,196,12752,92.575192,42.846870,166.469937,exact-eadba53927ca,near-6b4083a19e44,quarantine,"MISSING_PROVENANCE:subject_id,session_id,clip_id,device_id"
59ea393de7187bdaf355,test/images/17743421996171257.jpg,test,1,,,,,,,,3508de0f392f4927a405a8a8f85485b690aff6948447d1c60d25c26e7061b831,0f0723230b0f0f06,214,190,11109,81.381112,42.510131,144.328402,exact-458489e501a2,near-d6b1e3bf3af6,quarantine,"MISSING_PROVENANCE:subject_id,session_id,clip_id,device_id"
5f0bc549afd7ea1ff39c,test/images/1774342199632863.jpg,test,1,,,,,,,,3508de0f392f4927a405a8a8f85485b690aff6948447d1c60d25c26e7061b831,0f0723230b0f0f06,214,190,11109,81.381112,42.510131,144.328402,exact-458489e501a2,near-d6b1e3bf3af6,quarantine,"MISSING_PROVENANCE:subject_id,session_id,clip_id,device_id"
8309c0ecca999ae9a53e,test/images/17743421997210863.jpg,test,1,,,,,,,,7e1b04d1f1278183a890ddbc1573023bb333b1f7b17a2dab22c61507a75a0c2e,0f072323090f0f06,213,189,10879,81.537198,42.350567,140.260811,exact-42a4255a6aa0,near-d6b1e3bf3af6,quarantine,"MISSING_PROVENANCE:subject_id,session_id,clip_id,device_id"
5a806e034e7d3b4044f0,test/images/17743422000279398.jpg,test,1,,,,,,,,a50629bb53fabaed32a726b35dc42d09150ec8711c080168a89323db3ba8be7b,0f072323090f0706,217,193,11490,79.468518,42.990299,162.813466,exact-db258260c789,near-d6b1e3bf3af6,quarantine,"MISSING_PROVENANCE:subject_id,session_id,clip_id,device_id"
1938a66d8976ff949631,test/images/1774342201345822.jpg,test,1,,,,,,,,e382244925a51126321da5b563ef6e1081339ca29ee3debddded2703aafe5c4e,8d0727270a0f070e,224,199,11544,82.685032,43.728534,138.009613,exact-6e171f6ec7f5,near-d6b1e3bf3af6,quarantine,"MISSING_PROVENANCE:subject_id,session_id,clip_id,device_id"
157c90a6a771d5595266,test/images/17743422016183121.jpg,test,1,,,,,,,,20396290224d0151907917cb3535ab3053cbec5175cb324af5399100671aced6,0f272327090f0707,198,176,9392,87.602646,42.767672,120.716511,exact-dc7e62debbbb,near-d6b1e3bf3af6,quarantine,"MISSING_PROVENANCE:subject_id,session_id,clip_id,device_id"
70912b9207182c0f868c,test/images/17743422019022639.jpg,test,1,,,,,,,,6aa7100e972360951c8bb4850dfb68280d712e1852ad0269f5578cdb022703a2,4703232f0f0f0f0e,209,186,9927,80.484437,43.105210,103.050654,exact-37d1542d7c00,near-37d1542d7c00,quarantine,"MISSING_PROVENANCE:subject_id,session_id,clip_id,device_id"
b3fc8f9905a7260b8c34,test/images/17743422019201434.jpg,test,1,,,,,,,,6aa7100e972360951c8bb4850dfb68280d712e1852ad0269f5578cdb022703a2,4703232f0f0f0f0e,209,186,9927,80.484437,43.105210,103.050654,exact-37d1542d7c00,near-37d1542d7c00,quarantine,"MISSING_PROVENANCE:subject_id,session_id,clip_id,device_id"
15b9dd4f311a23604841,test/images/17743422030971766.jpg,test,1,,,,,,,,43120d3a12725bb530c87a62667a8a10b96b21bb784b3584347e40b2c6807753,8f97170b0b0f070e,197,175,9609,94.721595,46.623646,102.336516,exact-172bf7d3f850,near-e075a2073445,quarantine,"MISSING_PROVENANCE:subject_id,session_id,clip_id,device_id"
a8c94b789278000ea08a,test/images/17743422031137505.jpg,test,1,,,,,,,,43120d3a12725bb530c87a62667a8a10b96b21bb784b3584347e40b2c6807753,8f97170b0b0f070e,197,175,9609,94.721595,46.623646,102.336516,exact-172bf7d3f850,near-e075a2073445,quarantine,"MISSING_PROVENANCE:subject_id,session_id,clip_id,device_id"
b3e238e81501bb78a17f,test/images/17743422059540951.jpg,test,1,,,,,,,,f048485f256d5016f25cf408cc45f8f67a9f24893d6c46d9f71461237d78a226,0c5d4f191b1f0f04,180,160,8081,87.956632,42.230933,75.021269,exact-3abcb9e6a95d,near-a690660a0a4f,quarantine,"MISSING_PROVENANCE:subject_id,session_id,clip_id,device_id"
e5a92040aed20d7f6968,test/images/17743422065350606.jpg,test,1,,,,,,,,44c5606cbf86284d6f9054deeed0bed5906f56f2693335e52b1022f72609f1e7,0c0c061313130706,182,162,8386,80.491351,43.759999,103.866759,exact-cbca55cf621f,near-8e0b925ba705,quarantine,"MISSING_PROVENANCE:subject_id,session_id,clip_id,device_id"
7b540783004398d8523f,test/images/17743422068151307.jpg,test,1,,,,,,,,7a2e2e5c7a85aa75574b9a9c5c2d26150208162308e5029d5e88cb2cfb45887a,0c0c061333330706,183,163,7927,79.679574,43.572864,87.971400,exact-4941f8aca24f,near-8e0b925ba705,quarantine,"MISSING_PROVENANCE:subject_id,session_id,clip_id,device_id"
5de3a920170539f60bc8,test/images/17743422079411714.jpg,test,1,,,,,,,,48d5c94a8d1370c9173dc25a02d2246ff81f018511294498fb23f270c1789ad2,080939210d0f0f0f,178,158,7830,78.452745,32.952856,58.400360,exact-79c36eab8390,near-af992fb56af4,quarantine,"MISSING_PROVENANCE:subject_id,session_id,clip_id,device_id"
ce82a78ca3ef09d2a5ab,test/images/17743422080321221.jpg,test,1,,,,,,,,b3280095adf32759affbaca13e8d96726215cd05f3db0977ef0481c0739a47a0,093931212d0d0f0f,171,152,7018,76.900739,29.408685,53.197024,exact-4d9a8389508d,near-4d9a8389508d,quarantine,"MISSING_PROVENANCE:subject_id,session_id,clip_id,device_id"
bf06cd2bf4b1f186bd6e,test/images/17743422081077878.jpg,test,1,,,,,,,,b0b96479b65ceb1dd810cd6696595d0e4c517db594f76958aa24b7569c23f2cc,01193131050d0f0f,172,153,7345,72.143373,30.064727,70.253849,exact-1491edf95548,near-1491edf95548,quarantine,"MISSING_PROVENANCE:subject_id,session_id,clip_id,device_id"
b23ff3ec45f517654a4e,test/images/17743422082614813.jpg,test,1,,,,,,,,f610f463090442c39a529eda59d007b8970d0d099d0068d8c14fc2086f7907af,1307313115070f0f,176,157,7421,68.098618,31.900702,84.452262,exact-ed6f1d0a1d0d,near-ed6f1d0a1d0d,quarantine,"MISSING_PROVENANCE:subject_id,session_id,clip_id,device_id"
202d5a588921e163d6fd,test/images/17743422121794252.jpg,test,1,,,,,,,,9eda3ebb473de3a3e8c9bca63143e55e17d1b1c1edd344ec7391af8151e1aaba,99070d4337673607,168,150,7302,87.397619,39.007314,90.562316,exact-3c60cda1e58c,near-3c60cda1e58c,quarantine,"MISSING_PROVENANCE:subject_id,session_id,clip_id,device_id"
7f868391e225b2f1f066,test/images/17743422127726681.jpg,test,1,,,,,,,,da3176c2afb291f3d409e4d6d3ee1ef71f4aae33004ac44727f2d00803a6e512,030b1d1b050f0f0b,187,166,7739,80.144836,35.555401,46.951112,exact-a04541784873,near-a04541784873,quarantine,"MISSING_PROVENANCE:subject_id,session_id,clip_id,device_id"
767cfacd86f4a1775427,test/images/17743422146750593.jpg,test,1,,,,,,,,7f1cb6e5274ec9c545aee667685ba86682f2163169805e6fcbac119abb619c97,9129146d0d0f0f0c,213,189,9908,78.771617,41.178007,60.779505,exact-f67d0ece91ca,near-f67d0ece91ca,quarantine,"MISSING_PROVENANCE:subject_id,session_id,clip_id,device_id"
23cf42e8292f286e17ae,test/images/1774342214767711.jpg,test,1,,,,,,,,2fa26c6b244cb409071eba6504f0b6e845e0a110272a09c50688e635822cd265,a149554d0d0f0f0c,198,176,8832,80.149277,38.768749,52.384992,exact-0e2a4f8f7ccd,near-0e2a4f8f7ccd,quarantine,"MISSING_PROVENANCE:subject_id,session_id,clip_id,device_id"
2aeb2c9ba55e73ae53d5,test/images/17743422148556204.jpg,test,1,,,,,,,,8cd35d3a297be3005c59472207b35a09368b3415c787d6e9baf4e443a3827675,115955590b0f1f5c,193,171,9369,79.856952,38.318623,59.633266,exact-a355a32f27b2,near-a355a32f27b2,quarantine,"MISSING_PROVENANCE:subject_id,session_id,clip_id,device_id"
287cd6287829aa73264e,test/images/17743422148866951.jpg,test,1,,,,,,,,8cd35d3a297be3005c59472207b35a09368b3415c787d6e9baf4e443a3827675,115955590b0f1f5c,193,171,9369,79.856952,38.318623,59.633266,exact-a355a32f27b2,near-a355a32f27b2,quarantine,"MISSING_PROVENANCE:subject_id,session_id,clip_id,device_id"
c8d2b6baf663d24cfca9,test/images/17743422152785244.jpg,test,1,,,,,,,,9588312760cf3b7973e89f6a2cc847170d7c25e7d67b38e7181b4d4a908c4044,cc04862e0f870f00,247,219,13062,72.138853,44.662082,110.074694,exact-ee40670f8183,near-ee40670f8183,quarantine,"MISSING_PROVENANCE:subject_id,session_id,clip_id,device_id"
54130347f0814551b65d,test/images/17743422156253161.jpg,test,1,,,,,,,,681c1907080dd78d3506195f36ce06b100ed3579c0fe183da6ad03efd7a18d2b,cc04272b0b0f070a,232,206,12268,75.377657,43.145430,127.530946,exact-dc6254b696cb,near-310e827e74fd,quarantine,"MISSING_PROVENANCE:subject_id,session_id,clip_id,device_id"
b3f1e09b6bc50b402db9,test/images/17743422157737815.jpg,test,1,,,,,,,,8e649e352fc5dfbd822a34358b0336ca737a5d2adbef76dbf2287804c8499e18,cc04a72b0b0f870a,229,204,11992,75.747966,42.979635,123.757632,exact-3de9ed7ef370,near-310e827e74fd,quarantine,"MISSING_PROVENANCE:subject_id,session_id,clip_id,device_id"
feeae51c2ef5cfe939b1,test/images/17743422159257455.jpg,test,1,,,,,,,,a5d42cd873b2713a66bc3603a01a58b720f9b394e51eca867d777a5f11da80b1,4c84a72b0b0f070a,229,204,11853,75.238548,42.861404,122.530791,exact-b10fd0cf950e,near-310e827e74fd,quarantine,"MISSING_PROVENANCE:subject_id,session_id,clip_id,device_id"
f93b26b9cf1358809578,test/images/17743422160447793.jpg,test,1,,,,,,,,a789cbe87642151abc29696a4750e0789d23324e498fcb25fb9f71de0a6b0551,4c84272b0b8f070a,228,202,11710,75.736234,42.577227,113.478655,exact-4f9564dae254,near-310e827e74fd,quarantine,"MISSING_PROVENANCE:subject_id,session_id,clip_id,device_id"
808d0ba5563523365988,test/images/17743422164802449.jpg,test,1,,,,,,,,b20369d5a2c7680893205b6b12c9d91e1025056aabd94de80e85becf6827b36e,51012f27070f070a,221,196,9897,72.412965,38.824484,84.324972,exact-33c44c820a97,near-33c44c820a97,quarantine,"MISSING_PROVENANCE:subject_id,session_id,clip_id,device_id"
f40eae1441915f08897a,test/images/17743422173430085.jpg,test,1,,,,,,,,41e4d9cc8c3be536f33f8aa1586bd0cbd64418b237c74dcc1c1fd6cb8eacc2db,83031f4b4b0f0f0e,213,189,10701,65.678739,38.298081,105.752898,exact-ed44194c4a80,near-a0220459d8a2,quarantine,"MISSING_PROVENANCE:subject_id,session_id,clip_id,device_id"
f22045e756d13ce00cae,test/images/17743422175537193.jpg,test,1,,,,,,,,5b9407a54262430cd1ccd40d0260acb77666843de29873d9668b1a80fe69abc1,03031f0b0b0f0f0e,209,186,10419,65.698950,37.748733,105.009460,exact-fcf24812170e,near-a0220459d8a2,quarantine,"MISSING_PROVENANCE:subject_id,session_id,clip_id,device_id"
54608a515b2e1423cfdd,test/images/17743422176743672.jpg,test,1,,,,,,,,f999186325139450566aa812b4bbd29cf07647eb0679a7d27e0458727cb1e156,03031f0b0b0f0f0e,213,189,10720,64.743175,38.040773,108.008420,exact-520f02db991d,near-a0220459d8a2,quarantine,"MISSING_PROVENANCE:subject_id,session_id,clip_id,device_id"
29de1c6769a0017794ec,test/images/17743422182902536.jpg,test,1,,,,,,,,8f062a2a05d40b356eadf69bb9a40396fad0122caf6a99046f8209fe6c507c13,8707030b090f0f0e,202,180,9746,69.549092,38.332823,94.618747,exact-517f5979c71a,near-a0220459d8a2,quarantine,"MISSING_PROVENANCE:subject_id,session_id,clip_id,device_id"
42390eddfbd3eb7ecd3d,test/images/17743422183294847.jpg,test,1,,,,,,,,47d10c26c7f0c6aabd79e8fde5b5f57cd6d82a755226c1d28f259e0f9fd16d24,8707130f090f0f0e,205,182,9911,69.083624,38.453132,94.823670,exact-e6ec32f89862,near-a0220459d8a2,quarantine,"MISSING_PROVENANCE:subject_id,session_id,clip_id,device_id"
bc3c8f569d2019920bb2,test/images/17743422185433116.jpg,test,1,,,,,,,,4eaade0e9c287ce1f9bb2c10d2571a2c41dd79f97e6136a98962573b1dffa77b,0703030f090f0f0e,202,180,9714,69.383856,38.259734,90.682472,exact-05cac8a48834,near-a0220459d8a2,quarantine,"MISSING_PROVENANCE:subject_id,session_id,clip_id,device_id"
b3e191002967fded7100,test/images/17743422185702045.jpg,test,1,,,,,,,,4eaade0e9c287ce1f9bb2c10d2571a2c41dd79f97e6136a98962573b1dffa77b,0703030f090f0f0e,202,180,9714,69.383856,38.259734,90.682472,exact-05cac8a48834,near-a0220459d8a2,quarantine,"MISSING_PROVENANCE:subject_id,session_id,clip_id,device_id"
75a12bed62cb9e8c2d2b,test/images/17743422186578465.jpg,test,1,,,,,,,,1c748c2763ac1fe577772d8581f49bb1b8922de33508d326f54d32e24d15584a,8707130f0d0f0f0e,205,182,9637,68.954731,38.586299,89.395432,exact-c37a0cb2399b,near-a0220459d8a2,quarantine,"MISSING_PROVENANCE:subject_id,session_id,clip_id,device_id"
63869e1dde2847f5bda4,test/images/17743422186738577.jpg,test,1,,,,,,,,1c748c2763ac1fe577772d8581f49bb1b8922de33508d326f54d32e24d15584a,8707130f0d0f0f0e,205,182,9637,68.954731,38.586299,89.395432,exact-c37a0cb2399b,near-a0220459d8a2,quarantine,"MISSING_PROVENANCE:subject_id,session_id,clip_id,device_id"
1cdfd1bbd78f6105a639,test/images/1774342218730987.jpg,test,1,,,,,,,,75c9a8004d801d791d393de6404718d4022c51c572a63eaa11caa658ef85c199,0703130d0d0f0f0e,203,181,9508,68.056555,38.698964,90.378369,exact-662021820a24,near-a0220459d8a2,quarantine,"MISSING_PROVENANCE:subject_id,session_id,clip_id,device_id"
b2e63095565dd165b8c1,test/images/17743422187818732.jpg,test,1,,,,,,,,75c9a8004d801d791d393de6404718d4022c51c572a63eaa11caa658ef85c199,0703130d0d0f0f0e,203,181,9508,68.056555,38.698964,90.378369,exact-662021820a24,near-a0220459d8a2,quarantine,"MISSING_PROVENANCE:subject_id,session_id,clip_id,device_id"
37e63cea1e4d828a0d5d,test/images/17743422188330693.jpg,test,1,,,,,,,,91e14a62d2cf7d4d00aa9533fa04f3ede11de5afb8087b943de0c04d01ebbd8f,0703131d0d0f0f0e,206,183,9501,68.080482,38.909286,91.442613,exact-4ff7eaa19213,near-a0220459d8a2,quarantine,"MISSING_PROVENANCE:subject_id,session_id,clip_id,device_id"
4f1ed18f47ed713a5d5e,test/images/17743422189230769.jpg,test,1,,,,,,,,2fad218d40f9d2e50ae94d6a8cdb3c1c56b1ce24a9257ab26cc7970114066a70,8707130f4d0f0f0e,206,183,9444,68.552523,38.837115,90.335610,exact-f29f6a533452,near-a0220459d8a2,quarantine,"MISSING_PROVENANCE:subject_id,session_id,clip_id,device_id"
ed9b41f98b1b270ebfe9,test/images/1774342219088091.jpg,test,1,,,,,,,,b42b75c4bc9c4518741d0a60dccd8ff847430ab309238100e1d435c5478c9b45,8707130f090f0f0e,205,182,9439,69.049960,38.667380,85.270729,exact-e8d90dd8e86d,near-a0220459d8a2,quarantine,"MISSING_PROVENANCE:subject_id,session_id,clip_id,device_id"
6921a16554b1a2033fba,test/images/17743422203786972.jpg,test,1,,,,,,,,398c82acaa2eb04b1344f1dcabc1865b95059179cce6c6fe499361bd63a03992,070743471d0f0f0f,195,174,7976,74.501886,35.746486,67.564734,exact-d2ac5c9b6564,near-d2ac5c9b6564,quarantine,"MISSING_PROVENANCE:subject_id,session_id,clip_id,device_id"
23e9e2423c1ab3168de4,test/images/17743422209829106.jpg,test,1,,,,,,,,88030e74adfcbf440ed35f4046d0e845191513f7061bb149267b7c1c6f6de79b,0b83322a0b07070f,198,176,8829,72.918302,37.603658,89.211247,exact-5597f81fc742,near-5597f81fc742,quarantine,"MISSING_PROVENANCE:subject_id,session_id,clip_id,device_id"
7455a254886caa89f5d9,test/images/17743422213856277.jpg,test,1,,,,,,,,2e07837fb77f5acf3e34d124528dafde39d32bfec13b83889cdf4521344ef228,0ba525250d0f070e,211,188,9869,68.138147,38.260242,84.741748,exact-33339ef05c9c,near-e5e2080391b8,quarantine,"MISSING_PROVENANCE:subject_id,session_id,clip_id,device_id"
8996f39de8dd20e355dc,test/images/1774342223036774.jpg,test,1,,,,,,,,0e78a80ce474c979afc216b4bec77a828a6dfef9c3701d60fa3cfe904baa190c,0f0727270b0f070c,205,182,9552,71.946341,33.726796,99.383894,exact-85107918176a,near-d6b1e3bf3af6,quarantine,"MISSING_PROVENANCE:subject_id,session_id,clip_id,device_id"
94ef37e282d3906f4be4,test/images/17743422231293888.jpg,test,1,,,,,,,,7749cf6b7902516585c274e58267021f6c85e2583d7c13f0c88a0d00bd136fde,1f07272f0b0f070c,206,183,9265,71.836437,33.775325,98.535152,exact-d549bf11dbb2,near-d6b1e3bf3af6,quarantine,"MISSING_PROVENANCE:subject_id,session_id,clip_id,device_id"
af65ce3535a5af188599,test/images/17743422235331845.jpg,test,1,,,,,,,,a321683899d3331cfd3c1aaac6d90c1333359097dbd6cc622a2b33b8cb14ba6c,1f07272f0b0f070c,205,182,9394,72.367971,33.745215,93.470257,exact-9bfc03eaf49e,near-d6b1e3bf3af6,quarantine,"MISSING_PROVENANCE:subject_id,session_id,clip_id,device_id"
56f51d20b06a0e212a76,test/images/17743422239311216.jpg,test,1,,,,,,,,b49e832ea0bb223ed804fa8ecabe31fbf7e5cc57de052bd01f3c8ae188cf8d0b,1f07272e0b0f0704,206,183,9163,72.207438,34.371636,96.741682,exact-0d6c90d0f8fd,near-d6b1e3bf3af6,quarantine,"MISSING_PROVENANCE:subject_id,session_id,clip_id,device_id"
dae8ff8c6a56482844e2,test/images/177434222407275.jpg,test,1,,,,,,,,e71e6486e5a62b96c7c157b8d159835a402393cf1f79aa1271b82f0ed42858b7,0f07472e0b0f0706,203,181,9214,72.686335,34.732455,90.816272,exact-53fa3fcc40a2,near-d6b1e3bf3af6,quarantine,"MISSING_PROVENANCE:subject_id,session_id,clip_id,device_id"
827ece596442d68e00d2,test/images/17743422241631615.jpg,test,1,,,,,,,,76eaf5f3e2453172bcddf573ece5f4ccb963a239c31ea90e72348de8028574d7,1f07474b490f0d03,179,159,7089,77.253891,32.054860,55.092194,exact-31835f1ef0c2,near-bcdc1f9253a1,quarantine,"MISSING_PROVENANCE:subject_id,session_id,clip_id,device_id"
12f6914f84e9c7b64693,test/images/17743422243310966.jpg,test,1,,,,,,,,21d704677a59cc531bffa1e3ed99acfcbb4af7e3211a6e4502387a1abe2114c5,0f07434b490f0b02,176,157,7163,73.532680,32.861396,73.138344,exact-ecef74c11601,near-bcdc1f9253a1,quarantine,"MISSING_PROVENANCE:subject_id,session_id,clip_id,device_id"
ce3a888e7411c96d1170,test/images/17743422246335318.jpg,test,1,,,,,,,,ef28ed7d2b5a06e97a53b68fdcf812f32e8c1c891b075b3b1af79a74179a3b1f,1f070343590b0b02,171,152,6799,73.311904,32.565160,75.842287,exact-3140cf967c90,near-bcdc1f9253a1,quarantine,"MISSING_PROVENANCE:subject_id,session_id,clip_id,device_id"
ee534b64f4a6f2d9a93b,test/images/17743422247339442.jpg,test,1,,,,,,,,5034c51f81c84beff52c1e1dcce61c7f241917df485beb2ac134f3aed9ab0c69,1f070743590b0b02,172,153,7010,72.382201,33.147872,83.087814,exact-6709bd9555f0,near-bcdc1f9253a1,quarantine,"MISSING_PROVENANCE:subject_id,session_id,clip_id,device_id"
675638c60822c8326004,test/images/17743422249584465.jpg,test,1,,,,,,,,3bd814f440bfcedc69d854415691f580aa19d4cac55a1ef3fc094c14e52a0de2,1f070743190b0b02,168,150,6498,73.248095,32.242141,68.398588,exact-3ff758eb3eb6,near-bcdc1f9253a1,quarantine,"MISSING_PROVENANCE:subject_id,session_id,clip_id,device_id"
92a328508bec215c4aae,test/images/1774342225034836.jpg,test,1,,,,,,,,5d0f520be0f54a549f7b4fe0d34fd1d533f97b7a23ce05a4489f9af740c6f984,1f070743190b0b02,167,148,6455,73.961442,31.635590,62.204491,exact-607e37279a0b,near-bcdc1f9253a1,quarantine,"MISSING_PROVENANCE:subject_id,session_id,clip_id,device_id"
41dacecb71dee4b4c91f,test/images/1774342225565547.jpg,test,1,,,,,,,,5e444736ca57817222df6e5a85190d623c28c277b2aaa8dab35a2b3f1ba75b7f,8f87076b0f070daa,195,174,9037,70.553876,37.068193,69.050673,exact-d960a8f3c3ed,near-9152d346fc25,quarantine,"MISSING_PROVENANCE:subject_id,session_id,clip_id,device_id"
71c309ad4a953506011c,test/images/17743422256510184.jpg,test,1,,,,,,,,2791e0a02e1f505e7442aec39b806b9a5ad9321135ea7555726a2e31e23b3805,8f87474b0f070fba,202,180,9502,70.576540,36.940485,68.996425,exact-774f9ee40100,near-9152d346fc25,quarantine,"MISSING_PROVENANCE:subject_id,session_id,clip_id,device_id"
c6b70b75216744653b97,test/images/17743422257640162.jpg,test,1,,,,,,,,3c82a0ae992aaa907f79a5076b85425098a710111ee45c3a5687eeeea0e2af26,9f8f070b0f070fb8,207,184,9661,70.165170,37.164530,83.106881,exact-e0d555ea665d,near-9152d346fc25,quarantine,"MISSING_PROVENANCE:subject_id,session_id,clip_id,device_id"
66eb38da978c74ce445d,test/images/1774342226010666.jpg,test,1,,,,,,,,4f3a7f5066af5af30109f7cb9ccf0fdbe0fb675f30f65d3a6d444d27c542e619,9f87072b0e070fbc,213,189,9901,69.504111,37.612930,71.832302,exact-05db80adc979,near-9152d346fc25,quarantine,"MISSING_PROVENANCE:subject_id,session_id,clip_id,device_id"
2f8b88e2d72f5e046ac2,test/images/17743422264919896.jpg,test,1,,,,,,,,3868010c80c6442e60f3a66913770db4b0a7ccad7448f57446c14755eee67d18,070723031b1a1f0f,205,182,8909,70.981453,35.515328,69.091055,exact-5c1f90232a5c,near-3426653b7cea,quarantine,"MISSING_PROVENANCE:subject_id,session_id,clip_id,device_id"
bce5351ba0844eb16cb7,test/images/17743422279411118.jpg,test,1,,,,,,,,35040d2bd20ea4d7060bbed1dcd5ff6af5e98653e9319351dfdc070fb4ab9ffb,0e0707030b0f0707,209,186,9851,68.241370,37.418645,89.490191,exact-245a517f6d49,near-df82c08d9228,quarantine,"MISSING_PROVENANCE:subject_id,session_id,clip_id,device_id"
5c39a8aea0ffee1f6a38,test/images/177434222805286.jpg,test,1,,,,,,,,e4448047648f85a4351300e7bd3940a50b480ae61e9a58172896aa71ffca4649,0f072323090f0f06,203,181,9354,66.368669,36.428893,88.553857,exact-658aef6aefb1,near-d6b1e3bf3af6,quarantine,"MISSING_PROVENANCE:subject_id,session_id,clip_id,device_id"
fbbc639e19294dd69b95,test/images/1774342228116261.jpg,test,1,,,,,,,,e4448047648f85a4351300e7bd3940a50b480ae61e9a58172896aa71ffca4649,0f072323090f0f06,203,181,9354,66.368669,36.428893,88.553857,exact-658aef6aefb1,near-d6b1e3bf3af6,quarantine,"MISSING_PROVENANCE:subject_id,session_id,clip_id,device_id"
9034e70a519bd1d37d54,test/images/177434222840381.jpg,test,1,,,,,,,,8101e9cc5b5cec0b5c598ce20e38e9b1b0d46d2135acc85526f70d06e83e9403,0f032323090f0f06,199,177,8941,68.221759,34.946600,82.273289,exact-a9663314e338,near-d6b1e3bf3af6,quarantine,"MISSING_PROVENANCE:subject_id,session_id,clip_id,device_id"
17b0e59c7c304e20034c,test/images/17743422284639533.jpg,test,1,,,,,,,,f5a2ebb64c22baadf9afbb80c9438a9776f1d0b1cff90125ad570b68d0eb0277,0f032323090d0f06,198,176,8589,68.382576,34.962326,86.987480,exact-66964c164395,near-d6b1e3bf3af6,quarantine,"MISSING_PROVENANCE:subject_id,session_id,clip_id,device_id"
eb5d2025be3278f9e928,test/images/17743422286020188.jpg,test,1,,,,,,,,b48dbf78a696ebe372daa0b5141dfe1291a0bb6c3e13807520ed8f9f8b253130,87032323090d0f06,199,177,8853,67.435199,35.264785,89.046185,exact-a515e94cbf92,near-d6b1e3bf3af6,quarantine,"MISSING_PROVENANCE:subject_id,session_id,clip_id,device_id"
d1a5c09ad3918c9e7e25,test/images/17743422293883348.jpg,test,1,,,,,,,,e2a29fd3f94420181864d370cc97b2c31ab5cdd4ab1377ca0bd9069281a18b32,0c07232309090f06,205,182,8798,60.313508,27.885620,61.442237,exact-6bf78c87e447,near-d6b1e3bf3af6,quarantine,"MISSING_PROVENANCE:subject_id,session_id,clip_id,device_id"
0af49512fb08b20645d6,test/images/1774342230443007.jpg,test,1,,,,,,,,10b84b0b3965677ff0f7415a866eca620be5013b61d8f0977880ab0520b49701,0f0323030b0d090e,186,165,8197,75.753796,36.594845,92.341986,exact-e4ac6be4c721,near-e4ac6be4c721,quarantine,"MISSING_PROVENANCE:subject_id,session_id,clip_id,device_id"
2beb05bbe0a28ea7f043,test/images/177434223046596.jpg,test,1,,,,,,,,10b84b0b3965677ff0f7415a866eca620be5013b61d8f0977880ab0520b49701,0f0323030b0d090e,186,165,8197,75.753796,36.594845,92.341986,exact-e4ac6be4c721,near-e4ac6be4c721,quarantine,"MISSING_PROVENANCE:subject_id,session_id,clip_id,device_id"
c37082aa8817634a363c,test/images/177434223049151.jpg,test,1,,,,,,,,10b84b0b3965677ff0f7415a866eca620be5013b61d8f0977880ab0520b49701,0f0323030b0d090e,186,165,8197,75.753796,36.594845,92.341986,exact-e4ac6be4c721,near-e4ac6be4c721,quarantine,"MISSING_PROVENANCE:subject_id,session_id,clip_id,device_id"
a175ae0d6c9562f0e598,test/images/1774342231075418.jpg,test,1,,,,,,,,ace6acf21bb43c5d7fc6048385bd8f6736ff1aafbdbb05abdded38f271396205,0f074743131d1c16,194,172,8719,74.634860,35.142364,83.616077,exact-c0eac22bbeac,near-0f3c2725424a,quarantine,"MISSING_PROVENANCE:subject_id,session_id,clip_id,device_id"
d56aa5877752b0fd45bc,test/images/17743422311463287.jpg,test,1,,,,,,,,44a4d1b6d2da6284cb126f423be1f35b17c7640fdee888b53f0c46cf2822143e,0f074743191b1c16,191,170,8179,74.869572,34.382193,78.063252,exact-8a193c1bd8c9,near-0f3c2725424a,quarantine,"MISSING_PROVENANCE:subject_id,session_id,clip_id,device_id"
4eda84dc1df038bbd0b4,test/images/17743422312901027.jpg,test,1,,,,,,,,3105d43623cf836cbf0f5acec4b6b68e3e8e1e952098a8b58033684b09483aac,0f074343091b1c06,184,164,7791,76.779626,33.887442,72.714029,exact-802ba4d1d969,near-0f3c2725424a,quarantine,"MISSING_PROVENANCE:subject_id,session_id,clip_id,device_id"
804ab8fc4e6bfd32bde7,test/images/17743422315020416.jpg,test,1,,,,,,,,e5a53e2ecdb4d291da70171fdb9f69f6f15ba7c9f42b2e8c64252b70f96b54cf,0f074743191b1c04,190,169,8245,75.682093,34.563451,80.528982,exact-2c054135e870,near-0f3c2725424a,quarantine,"MISSING_PROVENANCE:subject_id,session_id,clip_id,device_id"
54f0e21e6dc245148eab,test/images/17743422317553644.jpg,test,1,,,,,,,,b3f8245ac589def9886f8683867c9b54610c9de8735278a5cc59b1076de111e7,0f0747421b190e04,199,177,8850,72.576243,35.143891,85.584676,exact-7a8c8f7a25bb,near-0f3c2725424a,quarantine,"MISSING_PROVENANCE:subject_id,session_id,clip_id,device_id"
d73ba43cefa29c7c1aa5,test/images/17743422325590284.jpg,test,1,,,,,,,,0a8607df515638f1b7368220e2ae8c75ac7579d8fcbacc89821619848ef5548e,0f33333334040b25,176,157,7540,78.984366,32.857020,66.835371,exact-3c196bd9aa0d,near-3c196bd9aa0d,quarantine,"MISSING_PROVENANCE:subject_id,session_id,clip_id,device_id"
602cd0b96eb3d5bbc7c9,test/images/17743422326542864.jpg,test,1,,,,,,,,eccb2570d68061b7d4e532014638ab1c2f8f9ce3ca8cbbadc6d72e02d1a73890,0f33333234090126,178,158,7737,78.804580,32.216640,69.351914,exact-4febb06a136d,near-d807f3ed42b4,quarantine,"MISSING_PROVENANCE:subject_id,session_id,clip_id,device_id"
38aa76aac75906b9dbf6,test/images/1774342233106025.jpg,test,1,,,,,,,,25a6b1be1ca13d0a677aba48e7bb6e26c5699c48a07c331874b097d30f27bba7,0f33313234010106,172,153,7306,80.082041,32.361781,67.115979,exact-19fd37bb8239,near-d807f3ed42b4,quarantine,"MISSING_PROVENANCE:subject_id,session_id,clip_id,device_id"
fb0904398ee9977a5a0c,test/images/17743422331805072.jpg,test,1,,,,,,,,e30b64075e777893fd146097f810716a1727689a2a9fc617310679e2a415e219,0f1b313334050902,178,158,7598,79.163704,33.251873,75.461576,exact-48c22f07e7d6,near-b76d857cee1a,quarantine,"MISSING_PROVENANCE:subject_id,session_id,clip_id,device_id"
2a894f64a87d1e17967e,test/images/17743422335428362.jpg,test,1,,,,,,,,1a6cf5f69b6922af61b65b645f14fc96fca1163efb7484801fa48438d1b7918a,0f33333421030409,194,172,8574,73.888606,34.859452,84.173493,exact-986f1215ee48,near-9919a1c5837c,quarantine,"MISSING_PROVENANCE:subject_id,session_id,clip_id,device_id"
ee34acbe0b0c10648460,test/images/17743422336788037.jpg,test,1,,,,,,,,068cb76a302aff9a04a772c4fb7118dfe6c7bfeab3ffc59436bce1f78bf312ef,0f1b333334050902,182,162,7825,77.851682,33.611730,78.306013,exact-3f041d6cc07b,near-b76d857cee1a,quarantine,"MISSING_PROVENANCE:subject_id,session_id,clip_id,device_id"
43f0e67d43099ff46e01,test/images/17743422341557813.jpg,test,1,,,,,,,,398c77fcd7228ba76f3c8413c8fdbdfb8060bfc24a1b9a97c114137bd316a83e,0f2623272c090906,195,174,8470,75.824963,34.254377,74.155346,exact-93e1e24b40b2,near-93e1e24b40b2,quarantine,"MISSING_PROVENANCE:subject_id,session_id,clip_id,device_id"
0ae6b5ca7129fe83564b,test/images/17743422345829108.jpg,test,1,,,,,,,,543e78e31244d0b277e6fa07ac260c31636fb1b859d6467b8fdcd9ae9ab4b85c,0e060452130f0706,207,184,9455,70.098220,36.298662,62.956400,exact-c65394375f27,near-c65394375f27,quarantine,"MISSING_PROVENANCE:subject_id,session_id,clip_id,device_id"
f6d577a986f8ab4fa732,test/images/17743422346726975.jpg,test,1,,,,,,,,3779963dfd63b7f08a1bc0899eddda99408acb955dec1b263b14d8d9cd48ad48,0c062632030f0f06,214,190,10562,71.137654,37.053012,79.127956,exact-5bdfc36a491c,near-a1aa7a276873,quarantine,"MISSING_PROVENANCE:subject_id,session_id,clip_id,device_id"
a860b6582de42571d1e0,test/images/1774342234860081.jpg,test,1,,,,,,,,d27aa882dd484895db2e3763fe76416a69af6c06ea987ac86698f96f69852fff,0c062723070f070f,209,186,10553,72.076658,37.987591,91.971588,exact-f56c69bd6881,near-f56c69bd6881,quarantine,"MISSING_PROVENANCE:subject_id,session_id,clip_id,device_id"
dfccbb8a683e463bc74a,test/images/1774342235004779.jpg,test,1,,,,,,,,05034229495e9d700ad03bef1e05d3fb7645aada2bc707d4505f9bc13b68d525,0e062627230f0707,202,180,10012,74.312871,37.452565,97.125087,exact-74b5fa51c198,near-74b5fa51c198,quarantine,"MISSING_PROVENANCE:subject_id,session_id,clip_id,device_id"
f296a7413747eb461265,test/images/1774342235448084.jpg,test,1,,,,,,,,e15497317a8d0fbeb659f5678fc9514f76b4bac18e79d510675be17e55cc8dc1,8f0c061f0f0f870c,228,202,11080,71.333898,38.610237,68.010029,exact-3c8e8d51ea09,near-3c8e8d51ea09,quarantine,"MISSING_PROVENANCE:subject_id,session_id,clip_id,device_id"
ea89afe7ce32cdb08c47,test/images/17743422367172396.jpg,test,1,,,,,,,,ec0e95d3bfdfd89d2bc1f8cdfbac1d048a435b875fec5e83f5e83c108ed45a89,0f0723270d0f0f0f,207,184,9191,69.787571,37.142939,88.139957,exact-4ce2a344c09b,near-d6b1e3bf3af6,quarantine,"MISSING_PROVENANCE:subject_id,session_id,clip_id,device_id"
9a9113ff09908e959313,test/images/1774342286522517.jpg,test,0,,,,,,,,cdec591b66d20296aa7ad8edda5648632067a19ce5069fbf2e32e1528f68354e,1f0f77275f0f0f0f,155,138,8325,148.931043,72.670880,109.849545,exact-482d9673cfee,near-9921f1f91726,quarantine,"MISSING_PROVENANCE:subject_id,session_id,clip_id,device_id"
16829a71b3132cd039a4,test/images/1774342310839555.jpg,test,0,,,,,,,,4ebaa64c4b7f1e59f892dc8c03892977ace89d6427b8babeb93fe3420c74a526,c70f070913030301,174,154,8497,164.855874,63.177051,61.188254,exact-3346f2bbf6c3,near-8dbbf895c2c0,quarantine,"MISSING_PROVENANCE:subject_id,session_id,clip_id,device_id"
dc952a1014198b56f592,test/images/1774342312350155.jpg,test,0,,,,,,,,10ca3cd9e1c1e62050c4e79c81f647baa76cae9e04272dc35ca9abead5a61502,4307078b13030380,176,157,8538,137.732846,58.714771,37.457316,exact-9537f32ec759,near-8dbbf895c2c0,quarantine,"MISSING_PROVENANCE:subject_id,session_id,clip_id,device_id"
84126b5f282ce45eff55,test/images/1774342321380293.jpg,test,0,,,,,,,,e244d49440188882a4a8a453a47e227709426ac075bbbcaa408c6b167aee6690,6361e12f4c470f9e,126,112,6001,146.801587,79.965560,195.683504,exact-0fd42b3f73c4,near-0fd42b3f73c4,quarantine,"MISSING_PROVENANCE:subject_id,session_id,clip_id,device_id"
3c0bc1a40a0b9e63a61e,test/images/1774342321683414.jpg,test,0,,,,,,,,51a66cd4328b9e44249e5548d93fac14b1a7f7a0286e0a8b36a91ef485acbe3e,7379715305078f92,129,115,6556,146.928008,85.782793,233.566173,exact-9bdb2af67992,near-9bdb2af67992,quarantine,"MISSING_PROVENANCE:subject_id,session_id,clip_id,device_id"
92b5f891e788dbbfacf0,test/images/1774342321720242.jpg,test,0,,,,,,,,99375cbc13832a51c8ef83349098f2a3a66f27c69ff8f2b4209b19a6594df874,635979536507078e,120,106,5847,159.715409,79.015021,259.036370,exact-f6e0a1e2ac41,near-f6e0a1e2ac41,quarantine,"MISSING_PROVENANCE:subject_id,session_id,clip_id,device_id"
352962871f0280894885,test/images/1774346714457932.jpg,test,1,,,,,,,,225b74c20026b4a3409dfc37d196e1c60a38f5cfbd315fd895845e7fd8241b89,63131111110f0707,305,271,26976,107.171835,61.978395,124.002149,exact-67674f3c06b8,near-ba562e161c72,quarantine,"MISSING_PROVENANCE:subject_id,session_id,clip_id,device_id"
ea364668579c7ff7dadb,test/images/1774346714896752.jpg,test,1,,,,,,,,6987a13cd22023973906fd7cb480b277d5949b0c227a32fbbc4977ec5510539f,6703132111070707,288,256,22350,100.885105,56.676355,59.447641,exact-6c658ee83fb7,near-ba562e161c72,quarantine,"MISSING_PROVENANCE:subject_id,session_id,clip_id,device_id"
d7c3fbf817626413fa72,test/images/1774346715651882.jpg,test,1,,,,,,,,fec162fafb801264e80cd95b9dbf109de37c7f6a7b517e4bccedc69e5e81798b,4713331111070707,276,246,21890,95.488910,56.773560,83.028518,exact-9f1f9dce319c,near-ba562e161c72,quarantine,"MISSING_PROVENANCE:subject_id,session_id,clip_id,device_id"
9384bb94fac3222a70e3,test/images/1774346717649277.jpg,test,1,,,,,,,,d2da17af1fc9f0257ffc554c91b25a626e0332981fd47792d9e2787b62b71e70,8e072323110f0707,176,157,8224,78.441083,38.397361,35.327897,exact-67282af7a521,near-d6b1e3bf3af6,quarantine,"MISSING_PROVENANCE:subject_id,session_id,clip_id,device_id"
d3cbb008ab9a58dfc4af,test/images/1774346717958024.jpg,test,1,,,,,,,,8e71c41bb450c62b13d31160d727e1e53b3f29cfcc59086b4fb161199246e6ab,9d0f1313898b0303,179,159,8682,76.563649,40.294918,45.109734,exact-e5b861a6d8a9,near-e5b861a6d8a9,quarantine,"MISSING_PROVENANCE:subject_id,session_id,clip_id,device_id"
db049f122679ccdb3550,test/images/1774346721954895.jpg,test,1,,,,,,,,3c5d33dc15ba45f24adeffebbf0428b32a95c516ec6818f06c64cb5e4b12df4c,060313131a0f0e06,248,220,14264,115.699102,63.875780,38.040615,exact-fd0183286f1c,near-fd0183286f1c,quarantine,"MISSING_PROVENANCE:subject_id,session_id,clip_id,device_id"
bd011777c77d30ad5016,test/images/1774346724118015.jpg,test,1,,,,,,,,81bf6f9aaac1ed90a24a17e9ef733cb8424f3186b8ac2ace791218c01b0e8683,12220343333b1d1d,261,232,19408,109.449333,52.009695,56.943338,exact-85daaf6f7055,near-85daaf6f7055,quarantine,"MISSING_PROVENANCE:subject_id,session_id,clip_id,device_id"
2d40dbc33e84c784919f,test/images/1774346726945139.jpg,test,1,,,,,,,,9fc16c0d993f25f84a03a04418a2953194f429932b215a3cb8ac410deb2b793b,6293111113070f0e,216,192,14044,111.197627,55.032540,98.643558,exact-3038bfb575be,near-9af6f8d4b310,quarantine,"MISSING_PROVENANCE:subject_id,session_id,clip_id,device_id"
19902c84938e52c68d8a,test/images/1774346727170061.jpg,test,1,,,,,,,,680becd1e7ade8abe53d7f060d721e0c121709456df2bd80ad190ddfdb121060,c3933111331b1f0c,198,176,11776,90.519829,50.737551,89.237541,exact-2abaca4911e6,near-2abaca4911e6,quarantine,"MISSING_PROVENANCE:subject_id,session_id,clip_id,device_id"
ca65e2d20ed20cdf1196,test/images/1774346733033393.jpg,test,1,,,,,,,,0c6abbb53bd6146e1f1d2866df9c6ef25d2a937492dca8bdc0f6fca6a6cb0e04,05002331110f0707,257,229,15714,102.087353,53.753825,41.588878,exact-05a597c92cdd,near-05a597c92cdd,quarantine,"MISSING_PROVENANCE:subject_id,session_id,clip_id,device_id"
20b3a08eb95de493fc9d,test/images/177434673478704.jpg,test,1,,,,,,,,a2bc9c56c21eb5e738c21e5e8f992aae3271866ac777a5d6066fab6ec43812cb,46332121211e0f0e,276,246,20321,82.911703,44.631553,67.138496,exact-1be00341082e,near-1be00341082e,quarantine,"MISSING_PROVENANCE:subject_id,session_id,clip_id,device_id"
8ade353c497e5595fd11,test/images/177434673625848.jpg,test,1,,,,,,,,01c35d352abb1388b14a65c435b503776eb30db237387488656df981ef462b6d,6c03332125230608,346,308,26885,101.075473,65.253122,40.084744,exact-a665a4592042,near-a665a4592042,quarantine,"MISSING_PROVENANCE:subject_id,session_id,clip_id,device_id"
f7a5615d1a3f0d495c09,test/images/1774346737356963.jpg,test,1,,,,,,,,c29271e5f07d77b9cbdfda54bb3953c8c0b1a64fdcef0262f1c60b082dd1ff16,810d110909070707,275,244,20951,108.513711,58.859076,90.976018,exact-6affdae3b3c1,near-6affdae3b3c1,quarantine,"MISSING_PROVENANCE:subject_id,session_id,clip_id,device_id"
b340a589007094c35e2d,test/images/1774346738231714.jpg,test,1,,,,,,,,4ff8de11474e9ab57ed37ec3cadf4ab70078fc3afb5b3b1f2a017f8ee71afb0c,c3933121110f0707,290,258,24364,109.792408,56.282878,110.638906,exact-0f8ef3377b30,near-ba562e161c72,quarantine,"MISSING_PROVENANCE:subject_id,session_id,clip_id,device_id"
6a4bf67ad66fe48e1d07,test/images/1774346739420425.jpg,test,1,,,,,,,,3356b80c9dbb2df3fdb5251b1d322dc1c0c87741388312af2def2cef6e50a027,0ea7071f3b3e3833,278,247,18154,105.263143,65.640281,47.557811,exact-65a699905c02,near-65a699905c02,quarantine,"MISSING_PROVENANCE:subject_id,session_id,clip_id,device_id"
76f499e05072650c4d29,test/images/177434674246709.jpg,test,1,,,,,,,,2c8801d72074e2d64ca91f3180490495cd48cb01513f21376cd152a2aec62c8c,0319111521171f0e,253,225,19231,113.547756,50.984217,110.374088,exact-9bb3636a2c86,near-f6a75a4e0ef5,quarantine,"MISSING_PROVENANCE:subject_id,session_id,clip_id,device_id"
b2dedae158852dd6ee31,test/images/1774346872756618.jpg,test,0,,,,,,,,102c84792ec610acb1a8276973eef22739f3aebe640418f5a0c6727a67bf5e84,c0f0b2056c0d0383,140,124,6178,182.549885,53.878333,88.031770,exact-2747b7c71856,near-938105284fe4,quarantine,"MISSING_PROVENANCE:subject_id,session_id,clip_id,device_id"
02883e5fd6bb8d443b4b,test/images/17743468731880374.jpg,test,0,,,,,,,,06fd962aeaa3c10e9cadc155552d919cecedcecb375fc5af703f995f574d1dc4,c2e0b00949094282,148,132,6123,151.436886,54.364901,57.218930,exact-6566230e3a3c,near-938105284fe4,quarantine,"MISSING_PROVENANCE:subject_id,session_id,clip_id,device_id"
01d6a14e2d097588b1ae,test/images/17743468736523674.jpg,test,0,,,,,,,,6764c3ca496dc51224258eb54f138ad9e65506e9e9849a5743844e7c51155ee5,e2f0f0a8ad8da2c0,137,122,5397,164.588190,52.903437,60.573498,exact-b4633d9a82f8,near-335f5c8adbc1,quarantine,"MISSING_PROVENANCE:subject_id,session_id,clip_id,device_id"
537faa3967c230ab14ca,test/images/17743468756199005.jpg,test,0,,,,,,,,d9f410af5241be151094041b722c985404e3f88daa44df05d09cf699830f6d78,e4f0f0494d4d43e2,157,140,6571,161.035077,41.610566,42.266755,exact-eeca91fd439b,near-eeca91fd439b,quarantine,"MISSING_PROVENANCE:subject_id,session_id,clip_id,device_id"
0073e22b1fc9bf6a2714,test/images/1774346876257321.jpg,test,0,,,,,,,,e9e00c54df8ee47d06ac20f35fff9d7526f0b63dcb1cfcb2faf0db5a2cdd367f,dee4f02a494d4382,167,148,7197,159.133719,41.976671,39.498216,exact-dbb1ded63bc7,near-938105284fe4,quarantine,"MISSING_PROVENANCE:subject_id,session_id,clip_id,device_id"
561a7fc7f7ceb8b8dc12,test/images/17743468763620677.jpg,test,0,,,,,,,,552ad83ee926e8166cfc311d168bc1fbcd22a69408bf8dfded3af383cdaa3cc5,dee4f06b4d4d4382,171,152,7556,154.796784,45.539063,41.270019,exact-d2f483672c02,near-938105284fe4,quarantine,"MISSING_PROVENANCE:subject_id,session_id,clip_id,device_id"
39b50087033b5934ae78,test/images/17743468773898075.jpg,test,0,,,,,,,,8e9f7d542bdb828c6a3b9e43d4ebc104af85af930ef86dd321ddd71dd71bf899,f0f0b04d4d4d4382,141,126,5663,168.859000,47.679790,48.607202,exact-5d389f5e2e34,near-938105284fe4,quarantine,"MISSING_PROVENANCE:subject_id,session_id,clip_id,device_id"
ce340770a8fb505e3257,test/images/17743468927032237.jpg,test,0,,,,,,,,47bc13664a15db124428d2d970181898ca696180c083b58354376ff05b02ac8c,e4e0644b49094286,121,108,4831,179.738139,45.294124,51.821529,exact-13671077b66a,near-13671077b66a,quarantine,"MISSING_PROVENANCE:subject_id,session_id,clip_id,device_id"
da7831eecac02eb78cd3,test/images/17743468969829836.jpg,test,0,,,,,,,,a8df2a6ef69458d6bc0f887755de33e16eeefbcb3f2fbc207a8fd9eeb294df83,c0a0a000484a4684,164,146,5953,230.205521,42.274074,42.381998,exact-36ebe205bcdf,near-46576a3bb024,quarantine,"MISSING_PROVENANCE:subject_id,session_id,clip_id,device_id"
700733d5650c487b1482,test/images/17743469050613947.jpg,test,0,,,,,,,,487e924c604f19f794bab4b54f5a01078af96bbaa0760a80cdc28fc8b993ca49,f2f0b2254c6c0743,148,132,6361,196.170352,41.327736,57.205499,exact-d80eae6e96d1,near-d80eae6e96d1,quarantine,"MISSING_PROVENANCE:subject_id,session_id,clip_id,device_id"
7691cac7afdfca0409c9,test/images/17743469202498865.jpg,test,0,,,,,,,,2c8f53961c7d3285bec49e5fcfbf12eebf1453874777457094c4322463edc28d,0f0721b11a3181c2,135,120,7048,153.918086,62.347644,281.226282,exact-d6a403173361,near-201a7f5a6474,quarantine,"MISSING_PROVENANCE:subject_id,session_id,clip_id,device_id"
cf0bc3fbc0ccb5950873,test/images/17743469209073002.jpg,test,0,,,,,,,,825b9b689952d3af5146446623eac8a968e1901aa4270499f1982728e4dbe05c,1f0721b19ab181e2,178,158,10892,140.400512,66.556965,93.478911,exact-8d27ba37c5d8,near-201a7f5a6474,quarantine,"MISSING_PROVENANCE:subject_id,session_id,clip_id,device_id"
f075430406a12c94895a,test/images/1774346920938391.jpg,test,0,,,,,,,,b463b6c0d3f2211af52813cf5154b4c614769d8fe7d7612256c240b41171b2f9,1e0721b19ab081e2,180,160,11083,140.732917,66.611765,94.662003,exact-dbae772db290,near-201a7f5a6474,quarantine,"MISSING_PROVENANCE:subject_id,session_id,clip_id,device_id"
0ca61e8c60d96347acff,test/images/17743469209463642.jpg,test,0,,,,,,,,7828f6524700bef6eddc1d8b9ba78a86189a954a002057dfa61095c494a14ccb,17039392918181c1,139,123,7096,140.147628,61.595941,89.521040,exact-2c7d5490e605,near-276e820f36a7,quarantine,"MISSING_PROVENANCE:subject_id,session_id,clip_id,device_id"
5794cdbe0e515475217c,test/images/1774346921135604.jpg,test,0,,,,,,,,7fdad0e791e86397ce35645ccdbeb0f8be53316c739582c02e4ec68d3400a834,170393939181c1e1,144,128,7424,144.469238,60.135672,102.751910,exact-d4ee9f58e586,near-276e820f36a7,quarantine,"MISSING_PROVENANCE:subject_id,session_id,clip_id,device_id"
e3809afc735f0fdd912b,test/images/1774346921287655.jpg,test,0,,,,,,,,1dc08a6d8020156fa7478c0dabab326ed8427caee740f58307038f4ffb9ac42a,0e076523122181c2,178,158,11201,143.894183,63.134072,101.844338,exact-d6f0c71ef0c8,near-201a7f5a6474,quarantine,"MISSING_PROVENANCE:subject_id,session_id,clip_id,device_id"
91e3c599c0f8266b4793,test/images/17743469214033303.jpg,test,0,,,,,,,,3506996661250cc4bd1ed8cb4d621b29c9776324554e3b104c8732e01f2346d3,e1c1d0d0d4c4e0e5,136,121,6304,121.618437,63.125119,87.542974,exact-5ec1a0c99d42,near-5ec1a0c99d42,quarantine,"MISSING_PROVENANCE:subject_id,session_id,clip_id,device_id"
206abe4469cf5266eca4,test/images/17743469214741113.jpg,test,0,,,,,,,,faa7f558cef7e8b5757506df4d383c3c04ed311f88b4fbf7912ba5394168a4c0,0311928a8a80c1c1,133,118,6660,151.768893,57.853652,107.527905,exact-be47addbcb8f,near-276e820f36a7,quarantine,"MISSING_PROVENANCE:subject_id,session_id,clip_id,device_id"
3c641b523aa01d0961ed,test/images/177434692149965.jpg,test,0,,,,,,,,e3ab7b9971bf76797b68faeb9b00484190488536dcb833215a4c7c98a7ed28a3,0e072521123081c3,178,158,11015,146.084803,61.436972,92.740986,exact-0a5b046d07f6,near-201a7f5a6474,quarantine,"MISSING_PROVENANCE:subject_id,session_id,clip_id,device_id"
afc0675d6bea1b472675,test/images/17743469219658458.jpg,test,0,,,,,,,,0dad13c0ebfbac983733767845f1b2e1c9baeb6cb3ccede72d44242fe0d7a916,070392928aa08181,135,120,6688,153.605556,55.625549,102.994635,exact-1d28c120568c,near-276e820f36a7,quarantine,"MISSING_PROVENANCE:subject_id,session_id,clip_id,device_id"
40fc79ba7a4b09c96f7f,test/images/17743469221691272.jpg,test,0,,,,,,,,e75366051b5eb6013bf72428481b260cad7bb482f6f8f239613bbb162475ef74,0e0725b31a3081e2,180,160,11093,155.103681,59.724447,92.044303,exact-ec2e990b934d,near-201a7f5a6474,quarantine,"MISSING_PROVENANCE:subject_id,session_id,clip_id,device_id"
a5019fc5bd20f4a37a7b,test/images/17743469222123373.jpg,test,0,,,,,,,,74cfa9af551b993f235a9e502e59f008b181c8865f531dd24cd5fd02a825e4b5,878389cacac0c1b0,147,130,7994,156.598744,59.218555,92.046186,exact-05ada863a4cf,near-05ada863a4cf,quarantine,"MISSING_PROVENANCE:subject_id,session_id,clip_id,device_id"
340d7a13e8079a96680c,test/images/17743469223681629.jpg,test,0,,,,,,,,0bc8c55c52afe05f0b575c2a7978176442ab048b046614934757d188d1567d0a,878391cacbc1c1e1,147,130,7892,157.397645,59.372042,96.944540,exact-9ae2bdd7beed,near-92fffba8ec54,quarantine,"MISSING_PROVENANCE:subject_id,session_id,clip_id,device_id"
b94e660360227c94d474,test/images/17743469226466327.jpg,test,0,,,,,,,,e8985dfe6ba59520977e82e9511ed24450dfa279c086728f9477847e8125ebab,0e2361b21a3080e3,147,130,7447,170.425641,52.028498,65.809771,exact-8e612bd1f5d1,near-201a7f5a6474,quarantine,"MISSING_PROVENANCE:subject_id,session_id,clip_id,device_id"
c5a537563ff60e88f27d,test/images/17743469227730727.jpg,test,0,,,,,,,,e9374ae38d7dc8fc24b44011d8d0168ff2a5c136da73d3dce14a2e0d4083edc8,0f2361929ab0c1e3,148,132,7624,168.516380,53.734026,81.824936,exact-043066daf210,near-201a7f5a6474,quarantine,"MISSING_PROVENANCE:subject_id,session_id,clip_id,device_id"
85ecc665dd1f6bf2db6e,test/images/1774346923813728.jpg,test,0,,,,,,,,d705c9789a45e7d94000c58a980dfd3180fe23c8b3306121490311885ca5a021,3c0c229693c77028,141,126,7595,179.328155,65.346800,299.082113,exact-620c9c332101,near-1f607de851a4,quarantine,"MISSING_PROVENANCE:subject_id,session_id,clip_id,device_id"
b1fa4ebc6311d71d5327,test/images/17743469249569337.jpg,test,0,,,,,,,,c93273e86a61931575a0ec5cae9c0ef00da9333119b27fdc8dbf3173d2bd7b70,8686a283928684e1,136,121,6572,154.382839,63.680465,90.071842,exact-1d0ebea552eb,near-1d0ebea552eb,quarantine,"MISSING_PROVENANCE:subject_id,session_id,clip_id,device_id"
b23159e183df0838e82f,test/images/17743469249941049.jpg,test,0,,,,,,,,4056f5256c66f5885e3a35c97e5e5a0430409b270b44dadc2b00a5c1675ac0cf,8683a381939286c0,132,117,6334,151.960502,62.482929,93.126922,exact-210e3b160c35,near-f42186085099,quarantine,"MISSING_PROVENANCE:subject_id,session_id,clip_id,device_id"
294e6541496ef7c276bd,test/images/17743469250704749.jpg,test,0,,,,,,,,6ef7f94e353cd7d3cf0127ef182b238acf87358d44b1e6d9f4de5b063addcba5,8381c9ca81c1c1c2,152,135,8072,142.928850,60.223270,88.930200,exact-0fecf9247f3d,near-0fecf9247f3d,quarantine,"MISSING_PROVENANCE:subject_id,session_id,clip_id,device_id"
37741f2d0e53010003bc,test/images/17743469253076267.jpg,test,0,,,,,,,,5ce48153a25cfd65e5eaa764376e518d3b21c3d5f5644345403c3f0ff036caf4,0321414111130306,151,134,7464,165.240140,58.877841,76.521649,exact-c75de23d89df,near-ea541ea6192c,quarantine,"MISSING_PROVENANCE:subject_id,session_id,clip_id,device_id"
3c97696ef3b8689201c2,test/images/17743469256887867.jpg,test,0,,,,,,,,6cc161cc7b15ce3c19dfcb0e075c90712078a5135280796b91bd3e48574f33d0,8383214981918382,153,136,7490,172.903691,55.084593,66.736236,exact-7ed8f0f3b707,near-940fb6e6cc11,quarantine,"MISSING_PROVENANCE:subject_id,session_id,clip_id,device_id"
f73146bb5afbd6a33a0a,test/images/17743469258681908.jpg,test,0,,,,,,,,55acb9e90a7ccc3da3eac306f7198631e1ba26a22b0aeb881e2d14d2b5fad16e,3458181e0623d191,259,231,19908,124.798576,66.486064,53.633911,exact-ff2ccb6ba423,near-ff2ccb6ba423,quarantine,"MISSING_PROVENANCE:subject_id,session_id,clip_id,device_id"
e49437115aa9d1e0903c,test/images/1774346925894827.jpg,test,0,,,,,,,,81e39d3f74688b7612a2daf446c68ac7f344a6978623eabcc6be6d76cdd0512c,0e0686a321899993,148,132,7489,132.060299,70.529352,91.150552,exact-a512db2741cd,near-9e4ee3adfa36,quarantine,"MISSING_PROVENANCE:subject_id,session_id,clip_id,device_id"
2434a8a942446fa2399a,test/images/17743469259745555.jpg,test,0,,,,,,,,fd251361293e7c9373a88d31706e7852df99bb218c1673693a8ecdbdf8328a8a,0607236149c99983,135,120,6416,144.848580,67.672738,100.249695,exact-9cc947ecd7f5,near-9cc947ecd7f5,quarantine,"MISSING_PROVENANCE:subject_id,session_id,clip_id,device_id"
bfca12fc24defc00c84e,test/images/1774346947463245.jpg,test,0,,,,,,,,86097d7c0058e7cb56472e57be7242fbfa9ed459309fa8b10640494a7f04ff44,f2604818348484f0,117,104,5258,180.031969,63.600723,125.742450,exact-2013fcd9fc93,near-dad8ad20e199,quarantine,"MISSING_PROVENANCE:subject_id,session_id,clip_id,device_id"
02dbb83225a55951d0bc,test/images/17743469496788492.jpg,test,0,,,,,,,,e08df650dabad69322636358ed8a27af85e02fa939c49a27be887c96f86bc8ba,f9604808341484e0,116,103,4837,188.059759,59.595301,75.875700,exact-3d3286f7cd19,near-dad8ad20e199,quarantine,"MISSING_PROVENANCE:subject_id,session_id,clip_id,device_id"
b6e060640d5d3b502a35,test/images/17743469502901962.jpg,test,0,,,,,,,,a06d81919ac1e48b07993f9edc0103937513a85cefac03e1a4c50c8e95828d20,f060881834340604,112,99,4456,198.367695,53.237205,84.151977,exact-3f9807cb9ae9,near-dad8ad20e199,quarantine,"MISSING_PROVENANCE:subject_id,session_id,clip_id,device_id"
51a423faaaea31986e69,test/images/17743469510654957.jpg,test,0,,,,,,,,6427ceeda5076ac54bd68a61156315a4e0a2ad0193798d8a3a508de7239818d9,f8604808341484e0,116,103,4946,188.473217,59.364737,84.013599,exact-bc52dd634277,near-dad8ad20e199,quarantine,"MISSING_PROVENANCE:subject_id,session_id,clip_id,device_id"
fdd88f7bfefaf3ac8e20,test/images/17743469660500343.jpg,test,0,,,,,,,,9a36ddf365b733f26d938693008639bc940ba3387a15e3443162930052fe8214,f0488834341404ac,147,130,7187,208.969440,58.323806,113.284525,exact-e0f05da93a0f,near-e0f05da93a0f,quarantine,"MISSING_PROVENANCE:subject_id,session_id,clip_id,device_id"
c9206e04fd3d9d814942,test/images/17743469669471035.jpg,test,0,,,,,,,,4c49db3e92a4799ddc08730c7009718de6384fcdb83f8e4621d96e750a89997b,79302c1098c470e1,156,139,7860,208.750415,54.575639,151.478353,exact-73d3f1ba0625,near-09e9c51d33bb,quarantine,"MISSING_PROVENANCE:subject_id,session_id,clip_id,device_id"
8cb1b24231524d9f0306,test/images/17743469670123343.jpg,test,0,,,,,,,,7c10aea4f7404245151f3a5903f299e228d17aad0ce5985a487c718ffa83de8c,7934049888c670e1,145,129,7211,204.295108,56.586390,151.214916,exact-80c3cd40fa35,near-09e9c51d33bb,quarantine,"MISSING_PROVENANCE:subject_id,session_id,clip_id,device_id"
627f1a579043a9eff364,test/images/17743469679666374.jpg,test,0,,,,,,,,1249f6e522ab0c4606a66ea79680a55065c0c741d25513c270c331d323d6cab9,7b302c1894c571e1,147,130,7348,207.184249,55.641078,158.044191,exact-f57e5cb1f453,near-f143ff9c9309,quarantine,"MISSING_PROVENANCE:subject_id,session_id,clip_id,device_id"
9520346fe6431cf72ca9,test/images/17743469683053477.jpg,test,0,,,,,,,,5ebd17ff9454f2a5fac0ea10fa6747718fcbf22694eaba7fd53426a0204b60ed,4b382c0c90c4c5f1,137,122,6872,199.619421,59.862597,182.317159,exact-734d0759cdb4,near-734d0759cdb4,quarantine,"MISSING_PROVENANCE:subject_id,session_id,clip_id,device_id"
ec89f761506f6eab639b,test/images/17743469694100857.jpg,test,0,,,,,,,,650cbdc9528d7b19428a1f952a198838caaeb707e86b7fa4f999b79304aaa67e,6b7a1008d1c5f1e3,156,139,8854,193.126545,67.207344,224.069122,exact-284de502c984,near-284de502c984,quarantine,"MISSING_PROVENANCE:subject_id,session_id,clip_id,device_id"
1da0f35ae5e8a81ebb15,test/images/17743469697435405.jpg,test,0,,,,,,,,95aa602bbe1f1465c8ec23370dfd42f47660d39c1854e2776e8b99ffab8b6f47,7b300890cde1f1a7,143,127,6801,204.039425,59.963400,212.163799,exact-68519a9eca55,near-baa9275071e8,quarantine,"MISSING_PROVENANCE:subject_id,session_id,clip_id,device_id"
78b686dc01a0f748717c,test/images/17743469718254008.jpg,test,0,,,,,,,,1ba42ab89112682d992dbb4b338383d40601961c7cb994ef11005a4509271888,47722909938be3cf,136,121,6773,198.353853,62.219673,179.444064,exact-4a8596a7790b,near-4a8596a7790b,quarantine,"MISSING_PROVENANCE:subject_id,session_id,clip_id,device_id"
10692cf48be0d6026316,test/images/17743469723524308.jpg,test,0,,,,,,,,f1607606edd9abc5f8a3caf3e4f693a9843e0041ef52a5913fe978c6a092010c,79644c0d341486e4,133,118,6295,201.442526,62.075760,112.881786,exact-d9950ce1b981,near-dad8ad20e199,quarantine,"MISSING_PROVENANCE:subject_id,session_id,clip_id,device_id"
f6df8dc02a413cd66862,test/images/17743469723809018.jpg,test,0,,,,,,,,f1607606edd9abc5f8a3caf3e4f693a9843e0041ef52a5913fe978c6a092010c,79644c0d341486e4,133,118,6295,201.442526,62.075760,112.881786,exact-d9950ce1b981,near-dad8ad20e199,quarantine,"MISSING_PROVENANCE:subject_id,session_id,clip_id,device_id"
ce7a9c289d99bcc2964a,test/images/17743469728506458.jpg,test,0,,,,,,,,e050172c3d2fc11757c3e3a98ab17f22573fbf5948a630296f38dc2334ecf83a,f870440c321a8282,141,126,6846,200.554993,59.505878,116.909692,exact-cba28b89eb85,near-dad8ad20e199,quarantine,"MISSING_PROVENANCE:subject_id,session_id,clip_id,device_id"
93026bd8718f50831229,test/images/17743469731517107.jpg,test,0,,,,,,,,75f0787dc5886226e49b53af1e4b2d104e56c7c8ab2d9df85485249b55832a1f,706c8c3434348604,139,123,6710,196.841902,62.468247,126.092919,exact-8cd251027157,near-8cd251027157,quarantine,"MISSING_PROVENANCE:subject_id,session_id,clip_id,device_id"
edb584320c09c942c4db,test/images/1774346973187132.jpg,test,0,,,,,,,,b825189efe688adbaa707cb87451396573829c55d4d0b0d0170bbccd26a773bc,704ccc1432128686,135,120,6347,194.400617,62.049700,131.706911,exact-cff3de718843,near-dad8ad20e199,quarantine,"MISSING_PROVENANCE:subject_id,session_id,clip_id,device_id"
eda1f28cfe6e3d29e32d,test/images/1774346973364556.jpg,test,0,,,,,,,,1cbc2337d3c0d5b87852d634344db60c23be22e8ade3d2aeeab5056b325f62b4,f834440c1a1a8282,128,114,6155,189.170436,64.174848,147.634688,exact-3068430da9e4,near-dad8ad20e199,quarantine,"MISSING_PROVENANCE:subject_id,session_id,clip_id,device_id"
c15f1a92c64cf3fb38d6,test/images/17743469737599516.jpg,test,0,,,,,,,,d44dad808f23e9f2f7ddf6f7b19d239b01c23649533278283a380766da336dda,2739180449c5e1e3,148,132,7933,184.558456,65.874718,98.371944,exact-7b69759630f8,near-1f2a1a8a89ad,quarantine,"MISSING_PROVENANCE:subject_id,session_id,clip_id,device_id"
b633f08f7f6702f7999d,test/images/1774346979677519.jpg,test,0,,,,,,,,56141e59e219d423914432d8f2b1b07f0a210db24f1b880872478b3043c9e807,fa60081834158de1,139,123,6360,213.207112,51.902540,109.303492,exact-580811fa9526,near-580811fa9526,quarantine,"MISSING_PROVENANCE:subject_id,session_id,clip_id,device_id"
e414b1682c28e713b8d0,test/images/17743469798976786.jpg,test,0,,,,,,,,3fb0268ea62bb2d85b1ad3009db2aec53a57652928bccd545daf80f635e1dce8,f2489828202909d1,129,115,5362,216.735558,51.266464,92.951293,exact-bfa7634640c5,near-bfa7634640c5,quarantine,"MISSING_PROVENANCE:subject_id,session_id,clip_id,device_id"
d1fd35755b617aa3d1d4,test/images/17743469976598635.jpg,test,0,,,,,,,,1aa93b5dd274ee6a85dfa2cff806405557b2b6bbad38e23c98078964bad6df6b,61e36323090d83ce,261,232,19137,179.563070,57.063703,199.279963,exact-b8aed072d294,near-cfad0a67c103,quarantine,"MISSING_PROVENANCE:subject_id,session_id,clip_id,device_id"
af90cafa05dc4a5c10d8,test/images/17743469984989564.jpg,test,0,,,,,,,,d51a8a1930caa313041b510696d57540bd98657572b508dfe84b4c17fc9dbbed,f2f167232d0583c6,217,193,15163,126.733459,57.176533,145.312727,exact-52f11620e397,near-1f864a29eafe,quarantine,"MISSING_PROVENANCE:subject_id,session_id,clip_id,device_id"
2fa51afc07baf0b48c1c,test/images/1774346999005141.jpg,test,0,,,,,,,,c2a7c35f8b1d598321310511dbdf69fcb7c38383f9eb54d53d8e6f1dbc3a6273,f2f17327050d0386,191,170,12432,144.337881,53.094777,233.666878,exact-61a229bae1e9,near-1f864a29eafe,quarantine,"MISSING_PROVENANCE:subject_id,session_id,clip_id,device_id"
78547e42e0e9960112b3,test/images/17743469991399603.jpg,test,0,,,,,,,,29d5089db6b72f343e4c27637cf50b39b8c36d63dc13f8d0b091159101b80ea1,f2f1632309098386,189,168,12594,142.701373,55.945662,292.428595,exact-2811745d7b8d,near-1f864a29eafe,quarantine,"MISSING_PROVENANCE:subject_id,session_id,clip_id,device_id"
514bc4ac9e7cc44cc2fe,test/images/17743469994777782.jpg,test,0,,,,,,,,366c06bef453639f0d4d0362ab924ec5ba91acdf89fd2898452f0cf83da21eaa,e2f16323490d0386,159,141,9407,150.485436,52.477845,281.427774,exact-38b2d03f3256,near-1f864a29eafe,quarantine,"MISSING_PROVENANCE:subject_id,session_id,clip_id,device_id"
8b57c5326614c07b9aca,test/images/1774347000466951.jpg,test,0,,,,,,,,62a9c80be3074e1b7172baec86782cc55a994ceea0eef1d961ab5597a83b26d1,f1715317050d8386,122,109,6220,147.349677,57.255184,227.213836,exact-d6061bbee6cf,near-1f864a29eafe,quarantine,"MISSING_PROVENANCE:subject_id,session_id,clip_id,device_id"
2a6a499a3d718c3375ca,test/images/17743470008127794.jpg,test,0,,,,,,,,b5bd8b75e6573200ac52255346b1723eed6fefb154442a1a86e06d56a01585fd,f9f07911040481c3,121,108,5847,157.973064,55.995213,175.953697,exact-7045d16ae7f0,near-7045d16ae7f0,quarantine,"MISSING_PROVENANCE:subject_id,session_id,clip_id,device_id"
5e9a336798d908749882,test/images/1774347001461045.jpg,test,0,,,,,,,,17b5550929ac0ee35f945ec7cedf854f16fdafc2c10abd28cd67c4f44b4194d4,e1c3e22727070386,132,117,6257,157.667444,51.853761,117.990839,exact-2397346b4582,near-2397346b4582,quarantine,"MISSING_PROVENANCE:subject_id,session_id,clip_id,device_id"
6cdc7c8a70676b7f43ad,test/images/17743470018852262.jpg,test,0,,,,,,,,cdbf4401e1933a4a42742b9f77dd3a36c488a25abf10c8c0e4e892c8e69044a8,e1dbca0b13038182,136,121,6423,141.361509,52.017840,121.021992,exact-a8df22703036,near-602f4af33f5c,quarantine,"MISSING_PROVENANCE:subject_id,session_id,clip_id,device_id"
65e5bc0e74e1a847673e,test/images/17743470019131634.jpg,test,0,,,,,,,,5ebdb01f53dce700fef2dd9965f46534628452f915b9baeb30c04b2743abe4ea,e1dbca0b13038182,136,121,6330,140.159759,51.299589,120.102043,exact-eb3be230bbd2,near-602f4af33f5c,quarantine,"MISSING_PROVENANCE:subject_id,session_id,clip_id,device_id"
ace1406ad0226c5d9411,test/images/177434700236953.jpg,test,0,,,,,,,,25a7e8236ec163c474e521a894107d2bca3121272a2364c5f6e49122c0f96d34,c3c90b0b33010186,133,118,6447,182.027208,43.998347,109.367832,exact-684fe39f0375,near-684fe39f0375,quarantine,"MISSING_PROVENANCE:subject_id,session_id,clip_id,device_id"
46293a9678f65f0100c2,test/images/17743470047732744.jpg,test,0,,,,,,,,bdb3f3205bad61c165e9d91c0be7be66a68a5fbf4b9886abc7c7f72e84f0cb45,e0d98b0bb3130903,225,200,11810,226.530556,40.465926,59.456274,exact-03ee4adbc2d1,near-03ee4adbc2d1,quarantine,"MISSING_PROVENANCE:subject_id,session_id,clip_id,device_id"
2c8c2e962a5248d661be,test/images/17743470050878577.jpg,test,0,,,,,,,,e941b33801173e2c816e15e7bd41a032dc845a9492e0a619df1b6202ef23d06c,e0f3632325058b8e,233,207,13033,223.010595,42.092897,67.179281,exact-867f52bc9662,near-867f52bc9662,quarantine,"MISSING_PROVENANCE:subject_id,session_id,clip_id,device_id"
efaca5887d68d8d04252,test/images/17743470051989117.jpg,test,0,,,,,,,,4e4cb492bc286391d23dac18bace6fb9fa33446315954ce872678c279538c828,60f363230d05818e,228,202,12868,229.068200,38.402395,77.178667,exact-04b23e301a09,near-04b23e301a09,quarantine,"MISSING_PROVENANCE:subject_id,session_id,clip_id,device_id"
7fd7cfaf4f2eb7ab834b,test/images/17743470053619142.jpg,test,0,,,,,,,,2ccc0e71e62ecc0b4ec94642e00bb8b32d195e5d89153951f339ebdb2f38ed92,60636329490d038e,211,188,10642,233.172759,32.956760,67.911831,exact-a2b5a7b1f555,near-1f864a29eafe,quarantine,"MISSING_PROVENANCE:subject_id,session_id,clip_id,device_id"
b6598b044cdf19c3bf83,test/images/17743470057885516.jpg,test,0,,,,,,,,1e9ea59cd5257f7b9deee5c5a2466e61d99331e5e5b6fd32f36832d695a951bf,e26323214d050b86,198,176,8733,234.825270,31.527485,54.187867,exact-d948b6bc2a79,near-d948b6bc2a79,quarantine,"MISSING_PROVENANCE:subject_id,session_id,clip_id,device_id"
60b6ada5626914ff6bc8,test/images/1774347011477618.jpg,test,0,,,,,,,,ac210eb6b77dbe7149aeb12dea7346c6778d5f9c23b2390098371da984d53705,79676c6e6e1e5c18,148,132,7901,142.482699,64.842381,182.143289,exact-5a39cadd1b00,near-5a39cadd1b00,quarantine,"MISSING_PROVENANCE:subject_id,session_id,clip_id,device_id"
b59eabf420202741e3e7,test/images/1774347028767595.jpg,test,0,,,,,,,,770ab1a157254dd23dbf3ec4b79c745d0691529dae6971afe7cf8612bf2f08c3,1f3787911806870e,276,246,19079,184.893411,66.721759,44.673043,exact-a493571e0288,near-a493571e0288,quarantine,"MISSING_PROVENANCE:subject_id,session_id,clip_id,device_id"
5685728913a3f7ffd328,test/images/17743470291434221.jpg,test,0,,,,,,,,845d3145657d4a776fc8296af3acaf8273432efe262efc18e8a3b79f1d8f850d,33658f03130d068f,228,202,14009,187.925938,63.689073,60.992190,exact-dd7e7c4e363b,near-dd7e7c4e363b,quarantine,"MISSING_PROVENANCE:subject_id,session_id,clip_id,device_id"
ee9bb00bd9a7f3afd388,test/images/1774347038706524.jpg,test,0,,,,,,,,46710aac0272739fb298832604ee57fec4d6e2fcc4b7fc390f8c116276849a60,f339797935263e59,157,140,9148,171.547270,59.538664,115.804816,exact-c17edaae86e4,near-c17edaae86e4,quarantine,"MISSING_PROVENANCE:subject_id,session_id,clip_id,device_id"
17141628b1276b7889fa,test/images/17743470387401757.jpg,test,0,,,,,,,,5902c0af25717ce9d4446f02ee0ddbdc0270fd3a49ba6d5b3cae707a934dca81,f37179796d6c3c5a,157,140,9229,170.632302,59.957448,121.321191,exact-4621c1d55fa4,near-4621c1d55fa4,quarantine,"MISSING_PROVENANCE:subject_id,session_id,clip_id,device_id"
4b7e52268412901b8fdf,test/images/1774347039758524.jpg,test,0,,,,,,,,01c10b9275191cba739787ede30ff82dcd5fcd1b308819259de07768b42ce7ac,792b7b33a26cb8fd,157,140,9252,176.777707,55.083569,163.226444,exact-fc56dbc6d465,near-fc56dbc6d465,quarantine,"MISSING_PROVENANCE:subject_id,session_id,clip_id,device_id"
dd65df82026417f08b80,test/images/1774347040202249.jpg,test,0,,,,,,,,a728b10aa37dcbfc875df375664fbe7d1fb8837c8dcd07453617bdf15354e18c,f9313919b48cd6ed,159,141,8699,168.720728,49.016522,78.524051,exact-f8809aff4d69,near-f8809aff4d69,quarantine,"MISSING_PROVENANCE:subject_id,session_id,clip_id,device_id"
ec7e1aaec7951d4d45c9,test/images/17743470403093636.jpg,test,0,,,,,,,,d3bf61e30cc77d61a8d37793cfb2513c894356e67dd06bfceb4ea609e21fe27e,58b539199576dced,155,138,8296,176.255867,50.622477,67.047658,exact-5cf4e26bd3d8,near-5cf4e26bd3d8,quarantine,"MISSING_PROVENANCE:subject_id,session_id,clip_id,device_id"
e561310d415cd8b1649a,test/images/17743470775780535.jpg,test,0,,,,,,,,09fe5d2ab149297ae613e5bcfed5f0780ef562a75be690633d11a63345dbb658,8e5e34361e1c1d19,133,118,7352,154.439722,86.526348,295.785176,exact-968076be2e38,near-968076be2e38,quarantine,"MISSING_PROVENANCE:subject_id,session_id,clip_id,device_id"
b9e645cf52ed04edece9,test/images/1774347078039702.jpg,test,0,,,,,,,,4d590c24a2c5215d1a73292169e50afd357d9316340a7b7758318cf8404b6050,cf9f1a1b4b1f1e1e,139,123,6924,154.448734,83.210667,134.279067,exact-8df66f64b574,near-054758cb40f9,quarantine,"MISSING_PROVENANCE:subject_id,session_id,clip_id,device_id"
00fcac8a51ec7531d083,test/images/1774347078069443.jpg,test,0,,,,,,,,c78b1204f4eeafaf06568699996841f5d0246c1ce61d93941d64f1cbdeb8592e,4f9b1b1b4b0f1e8e,137,122,6946,152.750090,82.603037,138.830181,exact-83f814f7a92e,near-054758cb40f9,quarantine,"MISSING_PROVENANCE:subject_id,session_id,clip_id,device_id"
783bdc7261ecf6eb6182,test/images/17743470782526965.jpg,test,0,,,,,,,,c78ac96eb7619eb74ec5d0e449012141bd80db5bbdfd4180bb077ef8c132472c,4f9a1b1b4b1e1e8c,140,124,7196,148.505127,84.483524,154.656168,exact-936b659017b3,near-054758cb40f9,quarantine,"MISSING_PROVENANCE:subject_id,session_id,clip_id,device_id"
2280f728685c1c722135,test/images/17743470787425873.jpg,test,0,,,,,,,,468d39e56b7c53f0ea6e8ff760ace664ecbcf5ede6505373191dff293aa60fa4,4f9b3a1b4f1f1e8e,116,103,5716,164.151490,78.454399,207.554139,exact-093434a3ee9e,near-054758cb40f9,quarantine,"MISSING_PROVENANCE:subject_id,session_id,clip_id,device_id"
7caa8247a10baed7c1ec,test/images/1774347080621137.jpg,test,0,,,,,,,,6f2df7a422e817565cc8168690435bb896c8e8417e5666892a2b16d904ddc27b,9f3b3b1b5f1f1f1f,109,97,5173,158.459851,75.216633,325.515073,exact-fa2b7af0a811,near-054758cb40f9,quarantine,"MISSING_PROVENANCE:subject_id,session_id,clip_id,device_id"
5e9263c2f27a0f1cd363,test/images/17743470810211246.jpg,test,0,,,,,,,,cb0c6bee70f5b56a1af44a2eb39f96087bf6c4896ea5202d1e9afb8bdb6fa719,4799191b4f0f1f0f,114,102,5723,172.853629,69.844896,383.727218,exact-d48ff4b2f68a,near-054758cb40f9,quarantine,"MISSING_PROVENANCE:subject_id,session_id,clip_id,device_id"
c11626509eaf7fdff2a4,test/images/177434708105826.jpg,test,0,,,,,,,,a751ff75e43fcf00bd283a0d9cac70890505aaa766d29b554ac5a8c2b7c13bf3,4799191b4f0f1f0f,117,104,5886,170.653271,71.172550,408.809843,exact-802b906a1859,near-054758cb40f9,quarantine,"MISSING_PROVENANCE:subject_id,session_id,clip_id,device_id"
f7e91131d36403f00653,test/images/17743470820837636.jpg,test,0,,,,,,,,96aaad37fe662ebdb8c0ae235dbbef3548ead3f0667483589c6889fad42dec62,4f9b1b0b4d0f0f8f,122,109,5897,154.159498,80.093945,213.188017,exact-d86580a57f7b,near-054758cb40f9,quarantine,"MISSING_PROVENANCE:subject_id,session_id,clip_id,device_id"
c8f5286362203b7dba73,test/images/1774347082223818.jpg,test,0,,,,,,,,503c1e0246d3623e831326cabdf099efc3d6dfd4455ce0892b5149eabecdf15b,cf9b1b1b4d0f0f8f,124,110,5981,150.354399,80.412403,209.048498,exact-0f4121d0ef1d,near-054758cb40f9,quarantine,"MISSING_PROVENANCE:subject_id,session_id,clip_id,device_id"
26fa8dbf62cc722d7223,test/images/17743470827222016.jpg,test,0,,,,,,,,fb775d08423eed7f8c38cb3b5a73e8ccd59bef041a6e01379bdb424c9387960f,079d1d0d27070f8f,117,104,5074,160.970168,75.998475,164.964155,exact-16badfc6202c,near-56e12088f13f,quarantine,"MISSING_PROVENANCE:subject_id,session_id,clip_id,device_id"
e3c10bc8ce8ec28675a5,test/images/1774347082948834.jpg,test,0,,,,,,,,d91d9dbaed7756cea859d7fe4b065563f5b4475b4c6088346f1c17e43c329aa6,0e0f1f1717078746,129,115,6061,129.068284,81.585133,146.096327,exact-5966abd0cbfc,near-a6fb97589b5b,quarantine,"MISSING_PROVENANCE:subject_id,session_id,clip_id,device_id"
2e6caf2974870f3a09a3,test/images/17743470830555658.jpg,test,0,,,,,,,,7522923080e6581827730d2461c7d6cd00db7533e543144b85d874bfecaf4ccb,0e0f1f17371707c6,126,112,5612,133.074121,80.735073,160.219946,exact-314f04b30f62,near-a6fb97589b5b,quarantine,"MISSING_PROVENANCE:subject_id,session_id,clip_id,device_id"
6494895890f179a3ac1b,test/images/17743470831559122.jpg,test,0,,,,,,,,e204573fac39f7908dffb1e12fba42042ddc6b73d46b577cec777e6fbd06a9b4,478f1f3716078f46,130,116,6382,134.292042,81.659405,182.928148,exact-36790ecd55c2,near-a6fb97589b5b,quarantine,"MISSING_PROVENANCE:subject_id,session_id,clip_id,device_id"
7fdecbc9d19bd2d3efc9,test/images/17743470831906831.jpg,test,0,,,,,,,,8957b37d63e73d92e955a04b794e34c5047708a23de68cd927ef39f35b82e27e,4e8f1f3716078fc6,136,121,7098,131.379740,80.952245,237.466887,exact-67e9c3acebb1,near-a6fb97589b5b,quarantine,"MISSING_PROVENANCE:subject_id,session_id,clip_id,device_id"
c9c40d0d23a18eee7f6c,test/images/1774347083378104.jpg,test,0,,,,,,,,5dc71220435d76e8e446d0d45cafc9e825bb591acd08e733ec5212f8cd799549,cf9b1b0b4c0e0f8e,124,110,6190,145.546701,78.342908,274.395073,exact-9b871512327c,near-054758cb40f9,quarantine,"MISSING_PROVENANCE:subject_id,session_id,clip_id,device_id"
cf5eda160bddb48e7ee1,test/images/177434708380882.jpg,test,0,,,,,,,,d29b4a048d0b55f30302ab5c2024a12918d0775b946eee7d5a2901edb638fe0a,8f3637371f1f1f1f,112,99,4945,148.070166,74.649144,219.131244,exact-56f4da26ed95,near-d947a58d8bab,quarantine,"MISSING_PROVENANCE:subject_id,session_id,clip_id,device_id"
2bed734804c53b098606,test/images/17743470838419154.jpg,test,0,,,,,,,,c98cb98d62e7fbab365a101ecdd2dd417306d9caf93437517a507acddeb9e753,cf3337371f1f1f1f,112,99,4918,148.065115,74.036677,194.097435,exact-84a5092e4a5b,near-d947a58d8bab,quarantine,"MISSING_PROVENANCE:subject_id,session_id,clip_id,device_id"
cab1bc1714bd46d826ce,test/images/17743470838685725.jpg,test,0,,,,,,,,7d383deefa08a94d549796064b88b30a15d7e4bad1324d10db608999f7d11371,4fb736371f1f1f1f,121,108,5756,133.793771,78.516143,191.077699,exact-0e6523810856,near-d947a58d8bab,quarantine,"MISSING_PROVENANCE:subject_id,session_id,clip_id,device_id"
dec034a0a666a0459737,test/images/1774347084416312.jpg,test,0,,,,,,,,6f950a62be59d5e3c2794f1fc7efa0b44fc163986f6feda4750ad398ab6d42aa,cf1a1a1b4f0e0e8e,122,109,5709,118.955482,78.849178,178.627439,exact-8f1f64db81c4,near-054758cb40f9,quarantine,"MISSING_PROVENANCE:subject_id,session_id,clip_id,device_id"
8f56ce194f46b2f70d63,test/images/17743470846180217.jpg,test,0,,,,,,,,f6c0287e350a8224834c3a37ca5716f214c05c2af92a120d179f191ebf345332,cf5e9a1b4e0e1e8e,125,111,5783,120.636757,76.075822,173.867066,exact-dfe62e836a0a,near-054758cb40f9,quarantine,"MISSING_PROVENANCE:subject_id,session_id,clip_id,device_id"
7b83af62dd4777d40e88,test/images/1774347084647407.jpg,test,0,,,,,,,,39a3629b46d4d790a6295c4651f19e4cba3ebdbd27c211c6e7bfd37c5adf8fa3,8f8b9a1b2e0e0f8e,124,110,5561,122.787170,75.175179,175.395434,exact-9d693eeee1d1,near-054758cb40f9,quarantine,"MISSING_PROVENANCE:subject_id,session_id,clip_id,device_id"
4f469bf5236bd2986688,test/images/17743470846785052.jpg,test,0,,,,,,,,76f2b770052453c444e93244c0fb4bc8a80e09365434c0c4f90e41122faf226a,8f9b9b1b0e0f0f8e,121,108,5492,124.618916,74.374260,184.458270,exact-08490295488a,near-054758cb40f9,quarantine,"MISSING_PROVENANCE:subject_id,session_id,clip_id,device_id"
ad4c9125afd4af1ccb48,test/images/17743470847840116.jpg,test,0,,,,,,,,4206a6d8b05e2e1317675aa38d528ddebff52b94eb2be51429d5953606369aff,8f8b9b1b4b0f0f0f,118,105,5408,127.709927,71.775958,203.308796,exact-a0eaec5a55dc,near-054758cb40f9,quarantine,"MISSING_PROVENANCE:subject_id,session_id,clip_id,device_id"
c658c2a51f039445d960,test/images/17743470848157368.jpg,test,0,,,,,,,,76c812121e39c1059ee24fd4a8b3990a889179495a50fb15e364755075216a12,cf5f9a1b4a0e1f1e,120,106,5616,128.419025,71.915726,193.265895,exact-138d9e809e38,near-138d9e809e38,quarantine,"MISSING_PROVENANCE:subject_id,session_id,clip_id,device_id"
2b07353a5d7d9c8b9a8f,test/images/1774347085409639.jpg,test,0,,,,,,,,9ab27095ecd59bf193abee9f81af5148bf9fe5dfec879853429f50fab184efa0,cfcf9b1b4b0f1e1e,114,102,5516,118.520726,70.897524,199.893659,exact-835d5e831434,near-054758cb40f9,quarantine,"MISSING_PROVENANCE:subject_id,session_id,clip_id,device_id"
cd1504d316b696b99425,test/images/17743470856874807.jpg,test,0,,,,,,,,cff4d71fa302a415daf4b6986d452d637680548eaa3cfe5c7ddd4741945829bc,9e9eba1a4e1e1ecd,128,114,6418,111.397067,76.095074,195.482446,exact-c0509a487a18,near-c0509a487a18,quarantine,"MISSING_PROVENANCE:subject_id,session_id,clip_id,device_id"
5067525a0c0d6c5adff5,test/images/17743470857243383.jpg,test,0,,,,,,,,f73f4502395de233426ae143637e8fc2bc168608b9aeabfaef9b155e60df5194,8f9b3a1b4f1e1e8c,117,104,5462,118.844017,75.632540,187.914955,exact-114bd151f8fb,near-054758cb40f9,quarantine,"MISSING_PROVENANCE:subject_id,session_id,clip_id,device_id"
52aed80947ee9f4d21df,test/images/17743470861426585.jpg,test,0,,,,,,,,13a37c3b57caff86870603bd1fecdfc76e41a7a411e24b349723b0b8c01b689a,cfdb1a0b2f1f8f4f,124,110,5643,115.134604,79.880946,168.713307,exact-0a2d643bfd24,near-054758cb40f9,quarantine,"MISSING_PROVENANCE:subject_id,session_id,clip_id,device_id"
d834dfba5e63ba029f09,test/images/1774347086480055.jpg,test,0,,,,,,,,1fa1ea6216773b6e1f390300333ebcb6f1c3b64670d7ce34d18ad1edcab04d79,879f1d2f2f0f8ece,125,111,6162,114.958991,77.583328,234.704114,exact-9a049b03f6fc,near-9a049b03f6fc,quarantine,"MISSING_PROVENANCE:subject_id,session_id,clip_id,device_id"
aa001630416389d0b947,test/images/1774347086546161.jpg,test,0,,,,,,,,d2d531987dd48e377a18e86fc88e08670af5858c3d9b7d8b2584108355fecdca,069f1d2f270f0e45,133,118,7178,110.061871,76.960845,250.078739,exact-f0bc318fb896,near-09aa8fda3957,quarantine,"MISSING_PROVENANCE:subject_id,session_id,clip_id,device_id"
417711ae94fd3b1885b8,test/images/1774347086961109.jpg,test,0,,,,,,,,1a47e76fe888d99bd4e3190008a30bbfa7acd3693b45e314deecd615918ba86d,8b4f9a0b2f0f0f8f,122,109,6216,120.284479,73.043129,328.249397,exact-8ae4c23b80d1,near-054758cb40f9,quarantine,"MISSING_PROVENANCE:subject_id,session_id,clip_id,device_id"
8948bcf4ade13dc4a3a1,test/images/1774347087749812.jpg,test,0,,,,,,,,81973f7ff0678fbc1a199b41299d73f8cfb6e7333254966d29c31df5132b6c0c,4b1d1b4b0f1f1e8f,117,104,5122,122.593935,72.116297,182.502081,exact-79bf08685d31,near-054758cb40f9,quarantine,"MISSING_PROVENANCE:subject_id,session_id,clip_id,device_id"
79d432da8a337e8d3624,test/images/17743470881803365.jpg,test,0,,,,,,,,80ddcd1e070432a9df6ab8862dd934edf37db120dcd4a4f5bab5e1eabe765556,1b393b4b4d1f1f0f,109,97,4654,133.645796,64.833292,187.822450,exact-6af1f692e949,near-054758cb40f9,quarantine,"MISSING_PROVENANCE:subject_id,session_id,clip_id,device_id"
19806e49f31c1379e6cc,train/images/17743421922649975.jpg,train,1,,,,,,,,80ae3f25c2dc587297a656f696d507ba66d3ee75e1972252c6e5fa2dffcbef96,0e032323310f070e,244,217,16532,75.919034,43.585236,128.909235,exact-749fc650cacb,near-f3f43b0f4d14,quarantine,"MISSING_PROVENANCE:subject_id,session_id,clip_id,device_id"
736f8da0f94d6006925a,train/images/17743421922838554.jpg,train,1,,,,,,,,2cd42dbd7c5264a1a8ae04b927fc0869bff3bf126200dc6d10bff6ec9f45c6f4,46032321110f078e,256,228,18506,87.875994,48.207325,139.899197,exact-d13b5f175b99,near-f3f43b0f4d14,quarantine,"MISSING_PROVENANCE:subject_id,session_id,clip_id,device_id"
45a9b76cf0883b4b273c,train/images/177434219231877.jpg,train,1,,,,,,,,2cd42dbd7c5264a1a8ae04b927fc0869bff3bf126200dc6d10bff6ec9f45c6f4,46032321110f078e,256,228,18506,87.875994,48.207325,139.899197,exact-d13b5f175b99,near-f3f43b0f4d14,quarantine,"MISSING_PROVENANCE:subject_id,session_id,clip_id,device_id"
6777a3fd4f85e909e00a,train/images/17743421924047797.jpg,train,1,,,,,,,,726b8a8eb8da50abbc4c35f7fc1c382e64d5e40c8a8c59483f0fdbe73c0e7dcb,460733231105078f,263,234,18079,88.754363,45.570453,135.198534,exact-9e9094167d10,near-f3f43b0f4d14,quarantine,"MISSING_PROVENANCE:subject_id,session_id,clip_id,device_id"
9ff5e35d4a8fd1f4d775,train/images/17743421924686522.jpg,train,1,,,,,,,,6d552422b4bc3ef741d8f83a64be92d326b5b82ac23c7910e02e3a78aba71c51,c607332311050707,260,231,18520,109.832751,48.584456,161.433535,exact-ac4a83a4dd3b,near-f3f43b0f4d14,quarantine,"MISSING_PROVENANCE:subject_id,session_id,clip_id,device_id"
1bcf34cfde552608ecad,train/images/17743421925320966.jpg,train,1,,,,,,,,6d552422b4bc3ef741d8f83a64be92d326b5b82ac23c7910e02e3a78aba71c51,c607332311050707,260,231,18520,109.832751,48.584456,161.433535,exact-ac4a83a4dd3b,near-f3f43b0f4d14,quarantine,"MISSING_PROVENANCE:subject_id,session_id,clip_id,device_id"
39cff48e5c631ad921f8,train/images/1774342192583504.jpg,train,1,,,,,,,,44401b87b918dd1c58a518dd1e515e67058204f4723cf5b6b905867cd6414591,c607332331150f03,264,235,19012,121.212105,50.458571,160.750300,exact-2310b71e522b,near-f3f43b0f4d14,quarantine,"MISSING_PROVENANCE:subject_id,session_id,clip_id,device_id"
2552c75757913d7e5a13,train/images/1774342192633465.jpg,train,1,,,,,,,,44401b87b918dd1c58a518dd1e515e67058204f4723cf5b6b905867cd6414591,c607332331150f03,264,235,19012,121.212105,50.458571,160.750300,exact-2310b71e522b,near-f3f43b0f4d14,quarantine,"MISSING_PROVENANCE:subject_id,session_id,clip_id,device_id"
5bcdacc510587c2c83ae,train/images/17743421926800127.jpg,train,1,,,,,,,,ccaddb0084c793fa704de1775c68d0b5c09f89e65b70b270fadcc09231dc57de,c70f232321150f87,274,243,20961,130.320372,51.303442,172.075701,exact-f0672dd8e5e2,near-f3f43b0f4d14,quarantine,"MISSING_PROVENANCE:subject_id,session_id,clip_id,device_id"
0cb879066179ea78139a,train/images/1774342192773851.jpg,train,1,,,,,,,,88266567d97f12fc26d60ad9cd4b0865703525f94e875b8f0411134656e2a5e2,c707232321150f87,268,238,19711,131.121676,50.444209,166.737808,exact-fab94269ebbe,near-f3f43b0f4d14,quarantine,"MISSING_PROVENANCE:subject_id,session_id,clip_id,device_id"
efb03c687e14e08fdfe9,train/images/1774342192792461.jpg,train,1,,,,,,,,88266567d97f12fc26d60ad9cd4b0865703525f94e875b8f0411134656e2a5e2,c707232321150f87,268,238,19711,131.121676,50.444209,166.737808,exact-fab94269ebbe,near-f3f43b0f4d14,quarantine,"MISSING_PROVENANCE:subject_id,session_id,clip_id,device_id"
f572549774366b0d0c89,train/images/1774342192821316.jpg,train,1,,,,,,,,88266567d97f12fc26d60ad9cd4b0865703525f94e875b8f0411134656e2a5e2,c707232321150f87,268,238,19711,131.121676,50.444209,166.737808,exact-fab94269ebbe,near-f3f43b0f4d14,quarantine,"MISSING_PROVENANCE:subject_id,session_id,clip_id,device_id"
ab4caba7e0bf10e3ba08,train/images/17743421928997009.jpg,train,1,,,,,,,,b3fb3a094ea2c8a4a81502b4d9a70078a27f73d8408c3dda371b76be95375cc7,4607332331150f87,268,238,19568,130.796971,51.062482,158.108201,exact-b316254dd958,near-f3f43b0f4d14,quarantine,"MISSING_PROVENANCE:subject_id,session_id,clip_id,device_id"
50d4ef954c0392891ace,train/images/1774342192930084.jpg,train,1,,,,,,,,b3fb3a094ea2c8a4a81502b4d9a70078a27f73d8408c3dda371b76be95375cc7,4607332331150f87,268,238,19568,130.796971,51.062482,158.108201,exact-b316254dd958,near-f3f43b0f4d14,quarantine,"MISSING_PROVENANCE:subject_id,session_id,clip_id,device_id"
9cf9ba4a158209dcd158,train/images/17743421930361798.jpg,train,1,,,,,,,,64b83a1c50c95eae84e68626b3135c303854e18dc0cb6d93e089691b92de1d71,4607332331070f87,267,237,19624,129.415051,51.454727,168.003370,exact-75b5a4213952,near-f3f43b0f4d14,quarantine,"MISSING_PROVENANCE:subject_id,session_id,clip_id,device_id"
a18413e238ff3bd2ceaa,train/images/17743421930828376.jpg,train,1,,,,,,,,55251b13350b81d83e64ed14e70273e1245bff1e391203b456e556aa519ac217,4607332311070787,265,236,19162,121.019124,51.305599,162.696281,exact-5c282b8219a9,near-f3f43b0f4d14,quarantine,"MISSING_PROVENANCE:subject_id,session_id,clip_id,device_id"
5b538c257d683570a082,train/images/17743421931120758.jpg,train,1,,,,,,,,55251b13350b81d83e64ed14e70273e1245bff1e391203b456e556aa519ac217,4607332311070787,265,236,19162,121.019124,51.305599,162.696281,exact-5c282b8219a9,near-f3f43b0f4d14,quarantine,"MISSING_PROVENANCE:subject_id,session_id,clip_id,device_id"
4c0a9df0383a33ec3499,train/images/17743421931743007.jpg,train,1,,,,,,,,6373208f7318f2d873b2e8f505ee48d2bdef49ccfc96c8bf5b2412109b9e7657,460733231107078f,265,236,18773,115.320147,50.201371,145.356192,exact-cca3eeec5035,near-f3f43b0f4d14,quarantine,"MISSING_PROVENANCE:subject_id,session_id,clip_id,device_id"
b155ab9e776de7d807b4,train/images/1774342193198964.jpg,train,1,,,,,,,,6373208f7318f2d873b2e8f505ee48d2bdef49ccfc96c8bf5b2412109b9e7657,460733231107078f,265,236,18773,115.320147,50.201371,145.356192,exact-cca3eeec5035,near-f3f43b0f4d14,quarantine,"MISSING_PROVENANCE:subject_id,session_id,clip_id,device_id"
793ca289141f14c902e7,train/images/17743421932297115.jpg,train,1,,,,,,,,6373208f7318f2d873b2e8f505ee48d2bdef49ccfc96c8bf5b2412109b9e7657,460733231107078f,265,236,18773,115.320147,50.201371,145.356192,exact-cca3eeec5035,near-f3f43b0f4d14,quarantine,"MISSING_PROVENANCE:subject_id,session_id,clip_id,device_id"
73fad97e3c6f2ed5dbc7,train/images/17743421933149836.jpg,train,1,,,,,,,,f5065fa2fe70c0b5ae54a9535a9f6031dbe043f15130b767461c3913e6159b19,460333211107078f,264,235,17100,107.322840,49.531376,140.125465,exact-29f6d328aa7c,near-f3f43b0f4d14,quarantine,"MISSING_PROVENANCE:subject_id,session_id,clip_id,device_id"
86cf927fa8d2874533b5,train/images/17743421933835266.jpg,train,1,,,,,,,,fbf32dda239b841ca322fcbd743b506acc0c4fabaf2b953e56dc23dd690948cc,45873323110f070e,270,240,18071,101.802469,49.623156,135.883155,exact-55516ff22702,near-55516ff22702,quarantine,"MISSING_PROVENANCE:subject_id,session_id,clip_id,device_id"
8c70ca7b1e3b5e045aa8,train/images/17743421934062295.jpg,train,1,,,,,,,,fbf32dda239b841ca322fcbd743b506acc0c4fabaf2b953e56dc23dd690948cc,45873323110f070e,270,240,18071,101.802469,49.623156,135.883155,exact-55516ff22702,near-55516ff22702,quarantine,"MISSING_PROVENANCE:subject_id,session_id,clip_id,device_id"
25618a6433affdb88904,train/images/1774342193433251.jpg,train,1,,,,,,,,fbf32dda239b841ca322fcbd743b506acc0c4fabaf2b953e56dc23dd690948cc,45873323110f070e,270,240,18071,101.802469,49.623156,135.883155,exact-55516ff22702,near-55516ff22702,quarantine,"MISSING_PROVENANCE:subject_id,session_id,clip_id,device_id"
5fe11d83768a7a8ff3a0,train/images/177434219352366.jpg,train,1,,,,,,,,f68a37358191140573b927227e44415eb829cba1e11ca34e823b270b16977df9,8d032321110f070e,263,234,17328,100.450213,49.015259,141.711215,exact-b8e453642038,near-f3f43b0f4d14,quarantine,"MISSING_PROVENANCE:subject_id,session_id,clip_id,device_id"
9f699edeeddac2231d35,train/images/1774342193574326.jpg,train,1,,,,,,,,0f2a99a4749645f73fd55fa1c658627f6394a4348213e22cc86b1d3dfe184648,8d033321110f078e,255,226,16261,101.649991,47.699093,142.468907,exact-9487e465d640,near-f3f43b0f4d14,quarantine,"MISSING_PROVENANCE:subject_id,session_id,clip_id,device_id"
e28d2c7cd1c44bbf22ed,train/images/17743421935969367.jpg,train,1,,,,,,,,0f2a99a4749645f73fd55fa1c658627f6394a4348213e22cc86b1d3dfe184648,8d033321110f078e,255,226,16261,101.649991,47.699093,142.468907,exact-9487e465d640,near-f3f43b0f4d14,quarantine,"MISSING_PROVENANCE:subject_id,session_id,clip_id,device_id"
0e3847092135a18a6b15,train/images/1774342193626946.jpg,train,1,,,,,,,,0f2a99a4749645f73fd55fa1c658627f6394a4348213e22cc86b1d3dfe184648,8d033321110f078e,255,226,16261,101.649991,47.699093,142.468907,exact-9487e465d640,near-f3f43b0f4d14,quarantine,"MISSING_PROVENANCE:subject_id,session_id,clip_id,device_id"
78be9ebc81a9beba5234,train/images/17743421936865685.jpg,train,1,,,,,,,,a59a1d88fa1816cc778910d95ad9ebdfe971c4f9d293be712638da1547a504c4,8d0333211107078f,251,223,15606,101.420578,46.703801,141.438850,exact-74362366898c,near-f3f43b0f4d14,quarantine,"MISSING_PROVENANCE:subject_id,session_id,clip_id,device_id"
b74fed75161ac81e1988,train/images/17743421937169132.jpg,train,1,,,,,,,,a59a1d88fa1816cc778910d95ad9ebdfe971c4f9d293be712638da1547a504c4,8d0333211107078f,251,223,15606,101.420578,46.703801,141.438850,exact-74362366898c,near-f3f43b0f4d14,quarantine,"MISSING_PROVENANCE:subject_id,session_id,clip_id,device_id"
7e29bcca6007b7fb83ac,train/images/1774342193746258.jpg,train,1,,,,,,,,a59a1d88fa1816cc778910d95ad9ebdfe971c4f9d293be712638da1547a504c4,8d0333211107078f,251,223,15606,101.420578,46.703801,141.438850,exact-74362366898c,near-f3f43b0f4d14,quarantine,"MISSING_PROVENANCE:subject_id,session_id,clip_id,device_id"
1040102ca8c17f21d4c5,train/images/17743421938100607.jpg,train,1,,,,,,,,2bde016bf4286d94cecb746cf0ebd77468cbf2c4e6c815964e95361361c5e84e,8d0333211107078f,253,225,16731,99.667650,47.202160,149.857567,exact-fdd29e566d42,near-f3f43b0f4d14,quarantine,"MISSING_PROVENANCE:subject_id,session_id,clip_id,device_id"
5f8d77984777f0b98985,train/images/17743421938415813.jpg,train,1,,,,,,,,2bde016bf4286d94cecb746cf0ebd77468cbf2c4e6c815964e95361361c5e84e,8d0333211107078f,253,225,16731,99.667650,47.202160,149.857567,exact-fdd29e566d42,near-f3f43b0f4d14,quarantine,"MISSING_PROVENANCE:subject_id,session_id,clip_id,device_id"
bb9767c4739e7454b3c7,train/images/17743421938859746.jpg,train,1,,,,,,,,d20c4d9dd066a9caae2e3db9644af8185cd54506f24ac7d09bac34e2b1a13124,8f1333310907070f,244,217,15690,101.741426,45.852535,143.508359,exact-2cad20d914aa,near-273a90dbebc5,quarantine,"MISSING_PROVENANCE:subject_id,session_id,clip_id,device_id"
a5f3a8c21f8252f8f978,train/images/1774342193914075.jpg,train,1,,,,,,,,d20c4d9dd066a9caae2e3db9644af8185cd54506f24ac7d09bac34e2b1a13124,8f1333310907070f,244,217,15690,101.741426,45.852535,143.508359,exact-2cad20d914aa,near-273a90dbebc5,quarantine,"MISSING_PROVENANCE:subject_id,session_id,clip_id,device_id"
0b0fff20b77908270459,train/images/17743421939416468.jpg,train,1,,,,,,,,d20c4d9dd066a9caae2e3db9644af8185cd54506f24ac7d09bac34e2b1a13124,8f1333310907070f,244,217,15690,101.741426,45.852535,143.508359,exact-2cad20d914aa,near-273a90dbebc5,quarantine,"MISSING_PROVENANCE:subject_id,session_id,clip_id,device_id"
4a5b890a7cb7ed9ec918,train/images/17743421939863524.jpg,train,1,,,,,,,,ee09e91042f3956728e550c06af5ddc1ab64b02481d262d35308d386522b2e78,8f13333109070707,240,213,14831,101.961013,44.304203,146.708031,exact-955e218f59b1,near-273a90dbebc5,quarantine,"MISSING_PROVENANCE:subject_id,session_id,clip_id,device_id"
282c5d760900b503b886,train/images/1774342194006655.jpg,train,1,,,,,,,,ee09e91042f3956728e550c06af5ddc1ab64b02481d262d35308d386522b2e78,8f13333109070707,240,213,14831,101.961013,44.304203,146.708031,exact-955e218f59b1,near-273a90dbebc5,quarantine,"MISSING_PROVENANCE:subject_id,session_id,clip_id,device_id"
ec95e07a85ffea62e4f8,train/images/1774342194097634.jpg,train,1,,,,,,,,ee00dd8d714534c44f70d5ffecb123cf4b17e8d67910f263dcaab64c94993d18,0f33333109070787,244,217,14782,100.321466,44.278156,142.857823,exact-c88ad37b7e39,near-273a90dbebc5,quarantine,"MISSING_PROVENANCE:subject_id,session_id,clip_id,device_id"
5fb4e47134e80bb4851f,train/images/1774342194122014.jpg,train,1,,,,,,,,ee00dd8d714534c44f70d5ffecb123cf4b17e8d67910f263dcaab64c94993d18,0f33333109070787,244,217,14782,100.321466,44.278156,142.857823,exact-c88ad37b7e39,near-273a90dbebc5,quarantine,"MISSING_PROVENANCE:subject_id,session_id,clip_id,device_id"
3068401704b8cc7d6b37,train/images/17743421941902878.jpg,train,1,,,,,,,,57a18f459de9e842034949c8a0b16cc98f8b06978f94c2fbbb891b0448fbc7eb,0f3333130b070786,253,225,15809,96.200474,44.586065,122.412229,exact-82c77a55f1af,near-273a90dbebc5,quarantine,"MISSING_PROVENANCE:subject_id,session_id,clip_id,device_id"
36188947b549bc29202c,train/images/17743421942132473.jpg,train,1,,,,,,,,57a18f459de9e842034949c8a0b16cc98f8b06978f94c2fbbb891b0448fbc7eb,0f3333130b070786,253,225,15809,96.200474,44.586065,122.412229,exact-82c77a55f1af,near-273a90dbebc5,quarantine,"MISSING_PROVENANCE:subject_id,session_id,clip_id,device_id"
ae5669a2adc367b52f30,train/images/17743421942887783.jpg,train,1,,,,,,,,65b99033d2410c68ff076910eaee4efe912acc9c62f96aebf9d411a6868d7df9,8b939393c9070784,271,241,17561,97.221831,44.024627,71.858025,exact-834dd3d6aa9c,near-834dd3d6aa9c,quarantine,"MISSING_PROVENANCE:subject_id,session_id,clip_id,device_id"
8019000811116edb6d12,train/images/17743421943443532.jpg,train,1,,,,,,,,65b99033d2410c68ff076910eaee4efe912acc9c62f96aebf9d411a6868d7df9,8b939393c9070784,271,241,17561,97.221831,44.024627,71.858025,exact-834dd3d6aa9c,near-834dd3d6aa9c,quarantine,"MISSING_PROVENANCE:subject_id,session_id,clip_id,device_id"
67c3f8febaa59499fdaf,train/images/17743421944023936.jpg,train,1,,,,,,,,a484dc1b67ad8a75afe972f023b14a9c7d2a1977185edb72cefd46e30021e724,8b93b39389c78787,255,226,16498,97.618601,41.623232,109.866880,exact-46c3d10b9e53,near-46c3d10b9e53,quarantine,"MISSING_PROVENANCE:subject_id,session_id,clip_id,device_id"
2c712bba142d404f50a4,train/images/1774342194523522.jpg,train,1,,,,,,,,aa7db1a4facce33d6ed65cacc087f3c4142d13fe2aa635c3cf407095f70fe83d,8b86b3a399878f8e,253,225,17051,95.145964,42.272746,117.596513,exact-84bffb750374,near-977a8de30cbf,quarantine,"MISSING_PROVENANCE:subject_id,session_id,clip_id,device_id"
7248144ba99a00098fdf,train/images/1774342194555202.jpg,train,1,,,,,,,,aa7db1a4facce33d6ed65cacc087f3c4142d13fe2aa635c3cf407095f70fe83d,8b86b3a399878f8e,253,225,17051,95.145964,42.272746,117.596513,exact-84bffb750374,near-977a8de30cbf,quarantine,"MISSING_PROVENANCE:subject_id,session_id,clip_id,device_id"
01dfc9ab019bcedb9266,train/images/17743421946124268.jpg,train,1,,,,,,,,710a05abb162e02ab7829c051618e393d1c14fc39e1911cd40ae7803953dc82a,8b86b3a39b8f0f8e,260,231,17824,91.054679,43.652286,127.546428,exact-436e54037b82,near-977a8de30cbf,quarantine,"MISSING_PROVENANCE:subject_id,session_id,clip_id,device_id"
10365c098c318325d7bd,train/images/17743421946388967.jpg,train,1,,,,,,,,710a05abb162e02ab7829c051618e393d1c14fc39e1911cd40ae7803953dc82a,8b86b3a39b8f0f8e,260,231,17824,91.054679,43.652286,127.546428,exact-436e54037b82,near-977a8de30cbf,quarantine,"MISSING_PROVENANCE:subject_id,session_id,clip_id,device_id"
a8278b5d8f67e2d672a0,train/images/17743421946831477.jpg,train,1,,,,,,,,e900df97ad964d5933ab2475e62354b95bbb844f78d15d56805e863f07a2b9a6,8b86a3a3938f0f8e,253,225,16842,90.852701,43.447340,118.781815,exact-bbe6abb8c9b6,near-977a8de30cbf,quarantine,"MISSING_PROVENANCE:subject_id,session_id,clip_id,device_id"
6b53a488f7b6d60f45aa,train/images/1774342194780341.jpg,train,1,,,,,,,,6ba3487082057c7862298f0116c6868f4020bdec8b9c282136b0d05e02dce89c,8b26a3a393870f8c,255,226,16436,88.518497,43.156979,117.905531,exact-c73a30f2952c,near-977a8de30cbf,quarantine,"MISSING_PROVENANCE:subject_id,session_id,clip_id,device_id"
b0486e60f810e3d72e9d,train/images/17743421948040252.jpg,train,1,,,,,,,,6ba3487082057c7862298f0116c6868f4020bdec8b9c282136b0d05e02dce89c,8b26a3a393870f8c,255,226,16436,88.518497,43.156979,117.905531,exact-c73a30f2952c,near-977a8de30cbf,quarantine,"MISSING_PROVENANCE:subject_id,session_id,clip_id,device_id"
3b1dbf936ed21eb6e715,train/images/17743421948935516.jpg,train,1,,,,,,,,2ac27010e1db5df6e9542406e5dc77beaaee8f45f2e9044751f34fb7af0d46ab,8d0623a78b978f8e,249,222,15909,87.099642,41.591239,123.642526,exact-6c2fd634645d,near-a689747f373d,quarantine,"MISSING_PROVENANCE:subject_id,session_id,clip_id,device_id"
6ce2db54bf75eb73048c,train/images/17743421949176805.jpg,train,1,,,,,,,,2ac27010e1db5df6e9542406e5dc77beaaee8f45f2e9044751f34fb7af0d46ab,8d0623a78b978f8e,249,222,15909,87.099642,41.591239,123.642526,exact-6c2fd634645d,near-a689747f373d,quarantine,"MISSING_PROVENANCE:subject_id,session_id,clip_id,device_id"
52137a4410dd625eb794,train/images/1774342194947485.jpg,train,1,,,,,,,,2ac27010e1db5df6e9542406e5dc77beaaee8f45f2e9044751f34fb7af0d46ab,8d0623a78b978f8e,249,222,15909,87.099642,41.591239,123.642526,exact-6c2fd634645d,near-a689747f373d,quarantine,"MISSING_PROVENANCE:subject_id,session_id,clip_id,device_id"
f5706014365f2818e90c,train/images/1774342194988815.jpg,train,1,,,,,,,,35c139f6a977f4940f39e3bc86b156d21153add1397e23c4323e76354f9f3fe6,8d2723a78b87878e,247,219,15913,85.536299,41.566410,141.432954,exact-7a6e3b08cb3d,near-a689747f373d,quarantine,"MISSING_PROVENANCE:subject_id,session_id,clip_id,device_id"
66e4bfcaa45f7c8d16b7,train/images/17743421950219238.jpg,train,1,,,,,,,,35c139f6a977f4940f39e3bc86b156d21153add1397e23c4323e76354f9f3fe6,8d2723a78b87878e,247,219,15913,85.536299,41.566410,141.432954,exact-7a6e3b08cb3d,near-a689747f373d,quarantine,"MISSING_PROVENANCE:subject_id,session_id,clip_id,device_id"
eaebd7f95b85780e48b4,train/images/1774342195086542.jpg,train,1,,,,,,,,d9de6c69ab2cd2fc0fbff42369f80042ed4997b57c93045f24cebdac661ac36b,8d03a3a78d8797ce,243,216,15564,85.602709,41.198240,145.236969,exact-eb8d1dcb9642,near-18d1746ff716,quarantine,"MISSING_PROVENANCE:subject_id,session_id,clip_id,device_id"
aeaaea785e6e0c18546d,train/images/1774342195138629.jpg,train,1,,,,,,,,d9de6c69ab2cd2fc0fbff42369f80042ed4997b57c93045f24cebdac661ac36b,8d03a3a78d8797ce,243,216,15564,85.602709,41.198240,145.236969,exact-eb8d1dcb9642,near-18d1746ff716,quarantine,"MISSING_PROVENANCE:subject_id,session_id,clip_id,device_id"
72681959c709a52b5920,train/images/17743421952120693.jpg,train,1,,,,,,,,fedef4a60390530dc043f60a3fc29d46e83187ce0f694cd35fbd4dce3f2fc1a2,8d07a3a7898f974e,244,217,16109,86.949328,42.864853,155.525803,exact-ddfa7e2d711c,near-18d1746ff716,quarantine,"MISSING_PROVENANCE:subject_id,session_id,clip_id,device_id"
a66f25eafc617fc78ccd,train/images/17743421952456112.jpg,train,1,,,,,,,,fedef4a60390530dc043f60a3fc29d46e83187ce0f694cd35fbd4dce3f2fc1a2,8d07a3a7898f974e,244,217,16109,86.949328,42.864853,155.525803,exact-ddfa7e2d711c,near-18d1746ff716,quarantine,"MISSING_PROVENANCE:subject_id,session_id,clip_id,device_id"
a4a7548554731337a5ad,train/images/17743421953080778.jpg,train,1,,,,,,,,a643d2414f19c47d255f16d5cbcf95869e778d3ba7de3282bc9e2930e6843635,8d0723a7898f970e,240,213,15203,87.968858,42.616173,156.467504,exact-81f8ad04da60,near-18d1746ff716,quarantine,"MISSING_PROVENANCE:subject_id,session_id,clip_id,device_id"
c622e898d1cd3f9c8504,train/images/17743421953870857.jpg,train,1,,,,,,,,40d7af7484f903f3608cc68c066d5671b6b595c31ef773c51b256625d6b2dfee,8d07a3a7898f970e,241,214,15310,87.456199,42.856844,157.303737,exact-d0c81580f96f,near-18d1746ff716,quarantine,"MISSING_PROVENANCE:subject_id,session_id,clip_id,device_id"
404da13ad2807f88920b,train/images/17743421954438915.jpg,train,1,,,,,,,,40d7af7484f903f3608cc68c066d5671b6b595c31ef773c51b256625d6b2dfee,8d07a3a7898f970e,241,214,15310,87.456199,42.856844,157.303737,exact-d0c81580f96f,near-18d1746ff716,quarantine,"MISSING_PROVENANCE:subject_id,session_id,clip_id,device_id"
e4335727c289c1da659c,train/images/1774342195520688.jpg,train,1,,,,,,,,75dd6babf4bbfb9d2f58a57c54b41cf0ef7936d8b9e3e4d561aabdbf3bced286,cd03a3a7cd8f974e,244,217,15557,85.574262,42.686376,146.398916,exact-8326e2028b85,near-18d1746ff716,quarantine,"MISSING_PROVENANCE:subject_id,session_id,clip_id,device_id"
a7f95579b1e21d0db1d4,train/images/17743421956020384.jpg,train,1,,,,,,,,d96a18091114261527750258b3b0eff08624e6f6ee9ea665c859a142038af3c1,cd03a3a78d8f930e,241,214,15028,85.817175,42.354714,144.067245,exact-f913e83f4a6d,near-18d1746ff716,quarantine,"MISSING_PROVENANCE:subject_id,session_id,clip_id,device_id"
642e7c460e2fa2d7b3c1,train/images/17743421956526415.jpg,train,1,,,,,,,,d96a18091114261527750258b3b0eff08624e6f6ee9ea665c859a142038af3c1,cd03a3a78d8f930e,241,214,15028,85.817175,42.354714,144.067245,exact-f913e83f4a6d,near-18d1746ff716,quarantine,"MISSING_PROVENANCE:subject_id,session_id,clip_id,device_id"
f4c421f0c99755520a65,train/images/1774342195724766.jpg,train,1,,,,,,,,7d6b1c9cd85043419ddc1d75276e8befe744634a740ce4d736c96a578d2efa8d,cd03a3a78d8f970e,241,214,15043,85.356362,42.402225,145.779778,exact-205e36bd36ff,near-18d1746ff716,quarantine,"MISSING_PROVENANCE:subject_id,session_id,clip_id,device_id"
bd43c580ad5eaf29f0e1,train/images/17743421957568517.jpg,train,1,,,,,,,,7d6b1c9cd85043419ddc1d75276e8befe744634a740ce4d736c96a578d2efa8d,cd03a3a78d8f970e,241,214,15043,85.356362,42.402225,145.779778,exact-205e36bd36ff,near-18d1746ff716,quarantine,"MISSING_PROVENANCE:subject_id,session_id,clip_id,device_id"
8fdd8df0a99fb43ea448,train/images/17743421958173919.jpg,train,1,,,,,,,,8e4d003b9d86a8825ed16c38645eb51269939d96d9ced4ea5446f4449c40de6a,cd03b3a7cd8f974e,244,217,15590,83.629995,42.880022,145.776445,exact-7b972e2abbf9,near-18d1746ff716,quarantine,"MISSING_PROVENANCE:subject_id,session_id,clip_id,device_id"
733355cada7fbd6de4da,train/images/1774342195844441.jpg,train,1,,,,,,,,8e4d003b9d86a8825ed16c38645eb51269939d96d9ced4ea5446f4449c40de6a,cd03b3a7cd8f974e,244,217,15590,83.629995,42.880022,145.776445,exact-7b972e2abbf9,near-18d1746ff716,quarantine,"MISSING_PROVENANCE:subject_id,session_id,clip_id,device_id"
a8ecb5f509c5c78bf52f,train/images/1774342195886032.jpg,train,1,,,,,,,,cee3e94fbec3b53d578d8d165df2e8d2658ce108221a6b34a9dfb5362d813e66,cd07a3a78d8f970e,243,216,15291,83.815882,42.558442,148.342408,exact-0ec1d79e9303,near-18d1746ff716,quarantine,"MISSING_PROVENANCE:subject_id,session_id,clip_id,device_id"
881dad26d37575e55179,train/images/17743421959079895.jpg,train,1,,,,,,,,cee3e94fbec3b53d578d8d165df2e8d2658ce108221a6b34a9dfb5362d813e66,cd07a3a78d8f970e,243,216,15291,83.815882,42.558442,148.342408,exact-0ec1d79e9303,near-18d1746ff716,quarantine,"MISSING_PROVENANCE:subject_id,session_id,clip_id,device_id"
8b43e7a35efb859e25d4,train/images/17743421959334085.jpg,train,1,,,,,,,,cee3e94fbec3b53d578d8d165df2e8d2658ce108221a6b34a9dfb5362d813e66,cd07a3a78d8f970e,243,216,15291,83.815882,42.558442,148.342408,exact-0ec1d79e9303,near-18d1746ff716,quarantine,"MISSING_PROVENANCE:subject_id,session_id,clip_id,device_id"
884f06737cfa4b38c2c8,train/images/17743421960273228.jpg,train,1,,,,,,,,8f99ea5dbe05b9287f377b075d418967dbf27f301f345dfb3f38d6316b6c7e66,cd07a3a78b87974e,245,218,15132,81.829320,43.236541,150.226292,exact-80a8cdfaeccf,near-18d1746ff716,quarantine,"MISSING_PROVENANCE:subject_id,session_id,clip_id,device_id"
30e41e18166573fdf262,train/images/1774342196056235.jpg,train,1,,,,,,,,8f99ea5dbe05b9287f377b075d418967dbf27f301f345dfb3f38d6316b6c7e66,cd07a3a78b87974e,245,218,15132,81.829320,43.236541,150.226292,exact-80a8cdfaeccf,near-18d1746ff716,quarantine,"MISSING_PROVENANCE:subject_id,session_id,clip_id,device_id"
88f11cb1f38151606333,train/images/17743421960958195.jpg,train,1,,,,,,,,fc11e32511d7be3e5a5e869a3819f930c1ae4c2dba567fff0d243a2cbff84558,cd07a3a7898f970e,243,216,15046,82.579466,42.897794,152.851056,exact-2a8e3cf1928a,near-18d1746ff716,quarantine,"MISSING_PROVENANCE:subject_id,session_id,clip_id,device_id"
c3c6cbf634c996dfb258,train/images/17743421961174254.jpg,train,1,,,,,,,,fc11e32511d7be3e5a5e869a3819f930c1ae4c2dba567fff0d243a2cbff84558,cd07a3a7898f970e,243,216,15046,82.579466,42.897794,152.851056,exact-2a8e3cf1928a,near-18d1746ff716,quarantine,"MISSING_PROVENANCE:subject_id,session_id,clip_id,device_id"
1f1af33209792784720d,train/images/17743421961488984.jpg,train,1,,,,,,,,fc11e32511d7be3e5a5e869a3819f930c1ae4c2dba567fff0d243a2cbff84558,cd07a3a7898f970e,243,216,15046,82.579466,42.897794,152.851056,exact-2a8e3cf1928a,near-18d1746ff716,quarantine,"MISSING_PROVENANCE:subject_id,session_id,clip_id,device_id"
dcb01f34be04d4657902,train/images/17743421961907446.jpg,train,1,,,,,,,,63a53c0bc5fc568d22cfad1714ee249a970eba99714811d58c56322dc8129dad,cd07a3a78b8f970e,244,217,15419,82.159232,43.058810,154.673388,exact-ca959e9d2504,near-18d1746ff716,quarantine,"MISSING_PROVENANCE:subject_id,session_id,clip_id,device_id"
0b11589db981513d4589,train/images/17743421962519517.jpg,train,1,,,,,,,,63a53c0bc5fc568d22cfad1714ee249a970eba99714811d58c56322dc8129dad,cd07a3a78b8f970e,244,217,15419,82.159232,43.058810,154.673388,exact-ca959e9d2504,near-18d1746ff716,quarantine,"MISSING_PROVENANCE:subject_id,session_id,clip_id,device_id"
22e0710c0644fa936988,train/images/1774342196286704.jpg,train,1,,,,,,,,e8fd5c69b6fb542ef9d25430b0d75f4c42a8af338db0622ec6aff49920cd8cbd,cd0723a7898f970e,237,211,14364,84.136421,42.135081,133.645689,exact-71e4d3e84f70,near-18d1746ff716,quarantine,"MISSING_PROVENANCE:subject_id,session_id,clip_id,device_id"
b23b268a546099458583,train/images/17743421963109963.jpg,train,1,,,,,,,,e8fd5c69b6fb542ef9d25430b0d75f4c42a8af338db0622ec6aff49920cd8cbd,cd0723a7898f970e,237,211,14364,84.136421,42.135081,133.645689,exact-71e4d3e84f70,near-18d1746ff716,quarantine,"MISSING_PROVENANCE:subject_id,session_id,clip_id,device_id"
c9c959e0f7d13fec4d56,train/images/17743421963396244.jpg,train,1,,,,,,,,e8fd5c69b6fb542ef9d25430b0d75f4c42a8af338db0622ec6aff49920cd8cbd,cd0723a7898f970e,237,211,14364,84.136421,42.135081,133.645689,exact-71e4d3e84f70,near-18d1746ff716,quarantine,"MISSING_PROVENANCE:subject_id,session_id,clip_id,device_id"
4b2b8aa28ca299976d15,train/images/17743421963959324.jpg,train,1,,,,,,,,0ef290c7cc631d5ee45cf9f2f879e6f4100e6c116e98fe6608f916c6756fc0e9,cd072327898fa786,234,208,13888,86.675994,42.223854,127.106756,exact-82f41eb3f676,near-43d9b6cc9894,quarantine,"MISSING_PROVENANCE:subject_id,session_id,clip_id,device_id"
46189f00bc258241a329,train/images/1774342196415807.jpg,train,1,,,,,,,,0ef290c7cc631d5ee45cf9f2f879e6f4100e6c116e98fe6608f916c6756fc0e9,cd072327898fa786,234,208,13888,86.675994,42.223854,127.106756,exact-82f41eb3f676,near-43d9b6cc9894,quarantine,"MISSING_PROVENANCE:subject_id,session_id,clip_id,device_id"
f648c345fc9f7755706a,train/images/17743421964448526.jpg,train,1,,,,,,,,0ef290c7cc631d5ee45cf9f2f879e6f4100e6c116e98fe6608f916c6756fc0e9,cd072327898fa786,234,208,13888,86.675994,42.223854,127.106756,exact-82f41eb3f676,near-43d9b6cc9894,quarantine,"MISSING_PROVENANCE:subject_id,session_id,clip_id,device_id"
6b3d8e88f8a2d7b76fb9,train/images/17743421965144653.jpg,train,1,,,,,,,,b81a1c75e49e175be0a5c81c9e1848e4055c8b159d4b78a6f144c5a5c0ffabd7,cd872327898f8782,237,211,14766,87.344792,42.949847,140.606368,exact-ff9e9df567af,near-43d9b6cc9894,quarantine,"MISSING_PROVENANCE:subject_id,session_id,clip_id,device_id"
3ac09a6544673a61e2a8,train/images/17743421965419295.jpg,train,1,,,,,,,,b81a1c75e49e175be0a5c81c9e1848e4055c8b159d4b78a6f144c5a5c0ffabd7,cd872327898f8782,237,211,14766,87.344792,42.949847,140.606368,exact-ff9e9df567af,near-43d9b6cc9894,quarantine,"MISSING_PROVENANCE:subject_id,session_id,clip_id,device_id"
139e9d0d6ff9425d081b,train/images/17743421966191761.jpg,train,1,,,,,,,,46b9000af79aeecadd54258ba2f396e55655a068aae7f2151334938f473a0d27,cd8723a78a8f8782,244,217,15519,85.749811,43.883686,153.012841,exact-8bae6f6623ba,near-43d9b6cc9894,quarantine,"MISSING_PROVENANCE:subject_id,session_id,clip_id,device_id"
01746886b4e772e800a6,train/images/17743421967072978.jpg,train,1,,,,,,,,b704f9efe65597d19e806ca759875051b8ffdb0b1a9e0de4551033cb85f1bcac,cd8723a78a8f8782,244,217,15600,85.479773,43.952399,150.661617,exact-21f35c969aa5,near-43d9b6cc9894,quarantine,"MISSING_PROVENANCE:subject_id,session_id,clip_id,device_id"
7644ca286bed9fbf231c,train/images/1774342196737327.jpg,train,1,,,,,,,,b704f9efe65597d19e806ca759875051b8ffdb0b1a9e0de4551033cb85f1bcac,cd8723a78a8f8782,244,217,15600,85.479773,43.952399,150.661617,exact-21f35c969aa5,near-43d9b6cc9894,quarantine,"MISSING_PROVENANCE:subject_id,session_id,clip_id,device_id"
44ae659ae2da5825b198,train/images/17743421967938814.jpg,train,1,,,,,,,,ee20bc2d701d7ee48015e2172ac171a32e2ba7da2e0a441d7969fe0ebf62499b,cd8723a78a8f8782,245,218,15501,85.727654,43.751148,148.403717,exact-3e438e4538d2,near-43d9b6cc9894,quarantine,"MISSING_PROVENANCE:subject_id,session_id,clip_id,device_id"
1e5fed39931899fe7d4a,train/images/17743421968163598.jpg,train,1,,,,,,,,ee20bc2d701d7ee48015e2172ac171a32e2ba7da2e0a441d7969fe0ebf62499b,cd8723a78a8f8782,245,218,15501,85.727654,43.751148,148.403717,exact-3e438e4538d2,near-43d9b6cc9894,quarantine,"MISSING_PROVENANCE:subject_id,session_id,clip_id,device_id"
c0fdf251d0bea58ad696,train/images/1774342196835286.jpg,train,1,,,,,,,,ee20bc2d701d7ee48015e2172ac171a32e2ba7da2e0a441d7969fe0ebf62499b,cd8723a78a8f8782,245,218,15501,85.727654,43.751148,148.403717,exact-3e438e4538d2,near-43d9b6cc9894,quarantine,"MISSING_PROVENANCE:subject_id,session_id,clip_id,device_id"
7627b16be8cc2897becd,train/images/17743421968918054.jpg,train,1,,,,,,,,813b46f14a43a959c944a0930b2ed0498991788fb1868acbe1bef42b24b978bb,cc8723278b8f87c6,241,214,14851,88.038527,42.657362,138.964106,exact-63894cb90b30,near-43d9b6cc9894,quarantine,"MISSING_PROVENANCE:subject_id,session_id,clip_id,device_id"
2f1cd92be2739d5e91f6,train/images/17743421969143274.jpg,train,1,,,,,,,,813b46f14a43a959c944a0930b2ed0498991788fb1868acbe1bef42b24b978bb,cc8723278b8f87c6,241,214,14851,88.038527,42.657362,138.964106,exact-63894cb90b30,near-43d9b6cc9894,quarantine,"MISSING_PROVENANCE:subject_id,session_id,clip_id,device_id"
3b681877e257c19228d8,train/images/17743421969863546.jpg,train,1,,,,,,,,ce6005d69919601b0fa67e2b23e96fe5fe4d17f8ac1ab2fc34c16fbb1eb37648,cc8723278b8f9fc6,237,211,14872,90.015058,41.844182,142.812451,exact-be1249aadd1f,near-43d9b6cc9894,quarantine,"MISSING_PROVENANCE:subject_id,session_id,clip_id,device_id"
7b03367411cfddfb7fc1,train/images/17743421970367754.jpg,train,1,,,,,,,,ce6005d69919601b0fa67e2b23e96fe5fe4d17f8ac1ab2fc34c16fbb1eb37648,cc8723278b8f9fc6,237,211,14872,90.015058,41.844182,142.812451,exact-be1249aadd1f,near-43d9b6cc9894,quarantine,"MISSING_PROVENANCE:subject_id,session_id,clip_id,device_id"
f79bba425d3d1e782fc2,train/images/1774342197082878.jpg,train,1,,,,,,,,a72931d61a68111e2c2774d25e32cdc8934ccf5395fa25be8dd0aa5c09c9dcf3,ce8323278b8f8fc6,241,214,15459,89.482976,42.414237,157.305527,exact-6b5afc5db594,near-43d9b6cc9894,quarantine,"MISSING_PROVENANCE:subject_id,session_id,clip_id,device_id"
23c988efc19768a09823,train/images/17743421971107287.jpg,train,1,,,,,,,,a72931d61a68111e2c2774d25e32cdc8934ccf5395fa25be8dd0aa5c09c9dcf3,ce8323278b8f8fc6,241,214,15459,89.482976,42.414237,157.305527,exact-6b5afc5db594,near-43d9b6cc9894,quarantine,"MISSING_PROVENANCE:subject_id,session_id,clip_id,device_id"
085d4d73d17fa6dd8fa1,train/images/17743421971966138.jpg,train,1,,,,,,,,7a1939422186ba51ab6ee96616cd2335e44079d84da86fb38e917150411a4296,c68723278b8f8fc6,243,216,15325,89.417619,42.379940,154.369546,exact-1fb3638b2109,near-43d9b6cc9894,quarantine,"MISSING_PROVENANCE:subject_id,session_id,clip_id,device_id"
1702d49fc1fb3085d9cd,train/images/17743421973173363.jpg,train,1,,,,,,,,9c083f15487714dfe507ba2530db9a2ab0e2d68a40724aab5450566a92021606,c6832327898f8fc6,243,216,15157,90.100423,42.092023,150.794179,exact-d4469659c222,near-43d9b6cc9894,quarantine,"MISSING_PROVENANCE:subject_id,session_id,clip_id,device_id"
75b16df93aaa31130f70,train/images/17743421973886683.jpg,train,1,,,,,,,,60088c32ec36dca8ed85db15c5b627fbdf306e3c493f5b4f004ab7aec8eb716c,c6872327898f8fc6,243,216,15049,89.772043,42.227550,151.236542,exact-b569e0e99410,near-43d9b6cc9894,quarantine,"MISSING_PROVENANCE:subject_id,session_id,clip_id,device_id"
b2b701046d77308678a5,train/images/1774342197409136.jpg,train,1,,,,,,,,60088c32ec36dca8ed85db15c5b627fbdf306e3c493f5b4f004ab7aec8eb716c,c6872327898f8fc6,243,216,15049,89.772043,42.227550,151.236542,exact-b569e0e99410,near-43d9b6cc9894,quarantine,"MISSING_PROVENANCE:subject_id,session_id,clip_id,device_id"
c377f9ecba5fcbc8c02e,train/images/17743421974843073.jpg,train,1,,,,,,,,2827a3f5eed7dcef72e86579c7e2ba962d537366ae33918fd9fe3c18a9cb288f,c48723278a8f8fc6,247,219,15723,88.885567,42.414740,156.937737,exact-bbe14fa67646,near-43d9b6cc9894,quarantine,"MISSING_PROVENANCE:subject_id,session_id,clip_id,device_id"
4f0df96bde2491ae8eb2,train/images/17743421975142417.jpg,train,1,,,,,,,,2827a3f5eed7dcef72e86579c7e2ba962d537366ae33918fd9fe3c18a9cb288f,c48723278a8f8fc6,247,219,15723,88.885567,42.414740,156.937737,exact-bbe14fa67646,near-43d9b6cc9894,quarantine,"MISSING_PROVENANCE:subject_id,session_id,clip_id,device_id"
abd6770bd83ddb2f23df,train/images/17743421975456326.jpg,train,1,,,,,,,,2827a3f5eed7dcef72e86579c7e2ba962d537366ae33918fd9fe3c18a9cb288f,c48723278a8f8fc6,247,219,15723,88.885567,42.414740,156.937737,exact-bbe14fa67646,near-43d9b6cc9894,quarantine,"MISSING_PROVENANCE:subject_id,session_id,clip_id,device_id"
928f2196d52567f3afa2,train/images/1774342197595965.jpg,train,1,,,,,,,,da36c2faf45912e9916fbba05fdc27728e12bbdf193d47b456dbc523868a2d4a,cd8723278a8f8fc6,248,220,15747,87.690982,42.774053,154.698596,exact-6af4bc80f7bc,near-43d9b6cc9894,quarantine,"MISSING_PROVENANCE:subject_id,session_id,clip_id,device_id"
49d9f3eb143a61d06203,train/images/17743421976206377.jpg,train,1,,,,,,,,da36c2faf45912e9916fbba05fdc27728e12bbdf193d47b456dbc523868a2d4a,cd8723278a8f8fc6,248,220,15747,87.690982,42.774053,154.698596,exact-6af4bc80f7bc,near-43d9b6cc9894,quarantine,"MISSING_PROVENANCE:subject_id,session_id,clip_id,device_id"
5dadf88425dc447f4874,train/images/17743421976899717.jpg,train,1,,,,,,,,183577e4b459817d629034c2ccee1d39374c08452208eb2a3f5bc112088a3a1c,cc8723278a8f8fc6,244,217,15347,87.437977,42.320259,145.427592,exact-b5c95dbeea3b,near-43d9b6cc9894,quarantine,"MISSING_PROVENANCE:subject_id,session_id,clip_id,device_id"
32f9ffdb9500c97f115b,train/images/1774342197742201.jpg,train,1,,,,,,,,183577e4b459817d629034c2ccee1d39374c08452208eb2a3f5bc112088a3a1c,cc8723278a8f8fc6,244,217,15347,87.437977,42.320259,145.427592,exact-b5c95dbeea3b,near-43d9b6cc9894,quarantine,"MISSING_PROVENANCE:subject_id,session_id,clip_id,device_id"
a46a288fdc01902c80fd,train/images/1774342197791245.jpg,train,1,,,,,,,,23306f1fff4028fc1d86686bf66d8d16afdcfd5791ece5facad03225475a3838,cd0723a78a8f8786,240,213,14201,85.175704,42.229727,126.445008,exact-07b3aa817e91,near-43d9b6cc9894,quarantine,"MISSING_PROVENANCE:subject_id,session_id,clip_id,device_id"
76bb3da0bc28ae10a718,train/images/1774342197813708.jpg,train,1,,,,,,,,23306f1fff4028fc1d86686bf66d8d16afdcfd5791ece5facad03225475a3838,cd0723a78a8f8786,240,213,14201,85.175704,42.229727,126.445008,exact-07b3aa817e91,near-43d9b6cc9894,quarantine,"MISSING_PROVENANCE:subject_id,session_id,clip_id,device_id"
a1891da73328b48068b3,train/images/17743421978497179.jpg,train,1,,,,,,,,23306f1fff4028fc1d86686bf66d8d16afdcfd5791ece5facad03225475a3838,cd0723a78a8f8786,240,213,14201,85.175704,42.229727,126.445008,exact-07b3aa817e91,near-43d9b6cc9894,quarantine,"MISSING_PROVENANCE:subject_id,session_id,clip_id,device_id"
d5df365566eeddb81b5b,train/images/17743421978985407.jpg,train,1,,,,,,,,e201349546939532547fe7e17ac1c144113d88f668005ddb80a3fb4f258f007e,8f0323a3a98fa70e,220,195,12135,85.905478,39.891885,124.064183,exact-7be5ba82d0c4,near-7be5ba82d0c4,quarantine,"MISSING_PROVENANCE:subject_id,session_id,clip_id,device_id"
0c471d117683ba90080c,train/images/1774342197921009.jpg,train,1,,,,,,,,e201349546939532547fe7e17ac1c144113d88f668005ddb80a3fb4f258f007e,8f0323a3a98fa70e,220,195,12135,85.905478,39.891885,124.064183,exact-7be5ba82d0c4,near-7be5ba82d0c4,quarantine,"MISSING_PROVENANCE:subject_id,session_id,clip_id,device_id"
e8f35ac780485c6ed023,train/images/17743421979477887.jpg,train,1,,,,,,,,e201349546939532547fe7e17ac1c144113d88f668005ddb80a3fb4f258f007e,8f0323a3a98fa70e,220,195,12135,85.905478,39.891885,124.064183,exact-7be5ba82d0c4,near-7be5ba82d0c4,quarantine,"MISSING_PROVENANCE:subject_id,session_id,clip_id,device_id"
50128bbb8d737a60a40c,train/images/1774342197995178.jpg,train,1,,,,,,,,1a50e51cbaea5b6ede3fae50a784273578b26dd332978f8e4f58e1749512e6f6,8f83a3a7ab870f06,226,201,12945,82.426980,41.785530,123.610916,exact-c6d42c2885ba,near-60e2d74e03e2,quarantine,"MISSING_PROVENANCE:subject_id,session_id,clip_id,device_id"
a592442483ce1ee400de,train/images/17743421980130002.jpg,train,1,,,,,,,,1a50e51cbaea5b6ede3fae50a784273578b26dd332978f8e4f58e1749512e6f6,8f83a3a7ab870f06,226,201,12945,82.426980,41.785530,123.610916,exact-c6d42c2885ba,near-60e2d74e03e2,quarantine,"MISSING_PROVENANCE:subject_id,session_id,clip_id,device_id"
f5e6ea3a2a1a40d15ba4,train/images/17743421980469909.jpg,train,1,,,,,,,,1a50e51cbaea5b6ede3fae50a784273578b26dd332978f8e4f58e1749512e6f6,8f83a3a7ab870f06,226,201,12945,82.426980,41.785530,123.610916,exact-c6d42c2885ba,near-60e2d74e03e2,quarantine,"MISSING_PROVENANCE:subject_id,session_id,clip_id,device_id"
801a667f11d5f0e10267,train/images/1774342198090483.jpg,train,1,,,,,,,,31e2b7ebb9d260a9cfe9676516252b504d85c71c064212e2a6becda28ca1860e,8f83a3a7a3070f06,225,200,13160,81.809733,42.751383,144.504334,exact-20f400ac1d16,near-60e2d74e03e2,quarantine,"MISSING_PROVENANCE:subject_id,session_id,clip_id,device_id"
af6124e39f41452786a5,train/images/17743421981186533.jpg,train,1,,,,,,,,31e2b7ebb9d260a9cfe9676516252b504d85c71c064212e2a6becda28ca1860e,8f83a3a7a3070f06,225,200,13160,81.809733,42.751383,144.504334,exact-20f400ac1d16,near-60e2d74e03e2,quarantine,"MISSING_PROVENANCE:subject_id,session_id,clip_id,device_id"
c69b1360886157e0581e,train/images/17743421981490266.jpg,train,1,,,,,,,,31e2b7ebb9d260a9cfe9676516252b504d85c71c064212e2a6becda28ca1860e,8f83a3a7a3070f06,225,200,13160,81.809733,42.751383,144.504334,exact-20f400ac1d16,near-60e2d74e03e2,quarantine,"MISSING_PROVENANCE:subject_id,session_id,clip_id,device_id"
0177460284d13c668a67,train/images/17743421981865563.jpg,train,1,,,,,,,,936e8f9888233937ea62f4bbed8f7a04267a74caa4e224decd8a369f033d390c,8f87a3a3a3070f06,228,202,13318,81.315876,42.925547,149.448421,exact-3d6980ddbf08,near-60e2d74e03e2,quarantine,"MISSING_PROVENANCE:subject_id,session_id,clip_id,device_id"
c9671b5d0198346b9255,train/images/17743421982074866.jpg,train,1,,,,,,,,936e8f9888233937ea62f4bbed8f7a04267a74caa4e224decd8a369f033d390c,8f87a3a3a3070f06,228,202,13318,81.315876,42.925547,149.448421,exact-3d6980ddbf08,near-60e2d74e03e2,quarantine,"MISSING_PROVENANCE:subject_id,session_id,clip_id,device_id"
28bd921f093f829e0a46,train/images/17743421983523743.jpg,train,1,,,,,,,,8a09e5b08e65df0352860effcfc3a78d9ef12d418df5712b7dd31b594867192f,8f87a3a3a3070f06,225,200,13314,81.382600,42.669021,156.181668,exact-15b6edd2c28b,near-60e2d74e03e2,quarantine,"MISSING_PROVENANCE:subject_id,session_id,clip_id,device_id"
3e01ddef649257bfb3c0,train/images/17743421984122527.jpg,train,1,,,,,,,,6ad165458ef33cdd686e8dbda7e4dcd715de981b4fc8cbced3b6e86ba03d76dc,8f0723a3a3870f06,225,200,12598,81.083644,41.802415,135.693052,exact-f6cba4eb0875,near-60e2d74e03e2,quarantine,"MISSING_PROVENANCE:subject_id,session_id,clip_id,device_id"
fc9d36429ee37a3928b6,train/images/17743421984434814.jpg,train,1,,,,,,,,6ad165458ef33cdd686e8dbda7e4dcd715de981b4fc8cbced3b6e86ba03d76dc,8f0723a3a3870f06,225,200,12598,81.083644,41.802415,135.693052,exact-f6cba4eb0875,near-60e2d74e03e2,quarantine,"MISSING_PROVENANCE:subject_id,session_id,clip_id,device_id"
daaf1066e3d6040e0685,train/images/17743421984886472.jpg,train,1,,,,,,,,1e53e0a70d75af99960b219107f92aaeeb1384cb7b2eae0117acf76808e56e05,8f0723a3ab838706,218,194,11923,84.443086,40.903801,128.678865,exact-632633173c94,near-60e2d74e03e2,quarantine,"MISSING_PROVENANCE:subject_id,session_id,clip_id,device_id"
0c4e33c814f7cfc7ce5b,train/images/1774342198517958.jpg,train,1,,,,,,,,1e53e0a70d75af99960b219107f92aaeeb1384cb7b2eae0117acf76808e56e05,8f0723a3ab838706,218,194,11923,84.443086,40.903801,128.678865,exact-632633173c94,near-60e2d74e03e2,quarantine,"MISSING_PROVENANCE:subject_id,session_id,clip_id,device_id"
26a0d835d411556a1bdf,train/images/17743421985483096.jpg,train,1,,,,,,,,1e53e0a70d75af99960b219107f92aaeeb1384cb7b2eae0117acf76808e56e05,8f0723a3ab838706,218,194,11923,84.443086,40.903801,128.678865,exact-632633173c94,near-60e2d74e03e2,quarantine,"MISSING_PROVENANCE:subject_id,session_id,clip_id,device_id"
8f6390f4a850d00a894a,train/images/17743421985893166.jpg,train,1,,,,,,,,27a320c636b3193930a3eb2076400ebd729ab5225f1c4c5599ef44ad2d9f8f9d,8f0727038a1b2f86,228,202,13185,83.321283,41.951555,142.512907,exact-44599870bc3e,near-44599870bc3e,quarantine,"MISSING_PROVENANCE:subject_id,session_id,clip_id,device_id"
693f233ef790fd31d5d3,train/images/17743421986377213.jpg,train,1,,,,,,,,27a320c636b3193930a3eb2076400ebd729ab5225f1c4c5599ef44ad2d9f8f9d,8f0727038a1b2f86,228,202,13185,83.321283,41.951555,142.512907,exact-44599870bc3e,near-44599870bc3e,quarantine,"MISSING_PROVENANCE:subject_id,session_id,clip_id,device_id"
c566fe1a498e89bc1da7,train/images/17743421987011297.jpg,train,1,,,,,,,,b9146a04ec2ae1becc2e4b232bc954cb820bd95e01a7c47b9d8399ed5ff1bc24,c70723030b9b8b86,224,199,12663,86.270168,43.082013,165.795988,exact-277d00f123d6,near-277d00f123d6,quarantine,"MISSING_PROVENANCE:subject_id,session_id,clip_id,device_id"
db9a82ea41a8b95af5fb,train/images/17743421987243872.jpg,train,1,,,,,,,,b9146a04ec2ae1becc2e4b232bc954cb820bd95e01a7c47b9d8399ed5ff1bc24,c70723030b9b8b86,224,199,12663,86.270168,43.082013,165.795988,exact-277d00f123d6,near-277d00f123d6,quarantine,"MISSING_PROVENANCE:subject_id,session_id,clip_id,device_id"
e82174d1965eb16f0011,train/images/17743421987571487.jpg,train,1,,,,,,,,b9146a04ec2ae1becc2e4b232bc954cb820bd95e01a7c47b9d8399ed5ff1bc24,c70723030b9b8b86,224,199,12663,86.270168,43.082013,165.795988,exact-277d00f123d6,near-277d00f123d6,quarantine,"MISSING_PROVENANCE:subject_id,session_id,clip_id,device_id"
f7dd3cb651fc8eed9283,train/images/17743421987946572.jpg,train,1,,,,,,,,95212c3991646407522c1481c3fc2ed2c9166f30cd91f51a1fef80791cf9d230,cf0723030b9f8f97,225,200,13123,86.577133,43.532946,174.822827,exact-757534248666,near-1970b39b51fd,quarantine,"MISSING_PROVENANCE:subject_id,session_id,clip_id,device_id"
bc1d76d7bbef20ea0b47,train/images/17743421988193367.jpg,train,1,,,,,,,,95212c3991646407522c1481c3fc2ed2c9166f30cd91f51a1fef80791cf9d230,cf0723030b9f8f97,225,200,13123,86.577133,43.532946,174.822827,exact-757534248666,near-1970b39b51fd,quarantine,"MISSING_PROVENANCE:subject_id,session_id,clip_id,device_id"
164cb3fdf1d91c7582e0,train/images/17743421988518438.jpg,train,1,,,,,,,,95212c3991646407522c1481c3fc2ed2c9166f30cd91f51a1fef80791cf9d230,cf0723030b9f8f97,225,200,13123,86.577133,43.532946,174.822827,exact-757534248666,near-1970b39b51fd,quarantine,"MISSING_PROVENANCE:subject_id,session_id,clip_id,device_id"
80989a93a4bdcbf55875,train/images/1774342198891465.jpg,train,1,,,,,,,,7cef86635977304e33dadb727988015edd35b010e79e9439da68e81a6d96f0fa,cf0723030b9f8f97,226,201,13330,86.612138,43.639839,177.604228,exact-eeb2f22ca7ba,near-1970b39b51fd,quarantine,"MISSING_PROVENANCE:subject_id,session_id,clip_id,device_id"
0d7b83c270341c178892,train/images/1774342198924688.jpg,train,1,,,,,,,,7cef86635977304e33dadb727988015edd35b010e79e9439da68e81a6d96f0fa,cf0723030b9f8f97,226,201,13330,86.612138,43.639839,177.604228,exact-eeb2f22ca7ba,near-1970b39b51fd,quarantine,"MISSING_PROVENANCE:subject_id,session_id,clip_id,device_id"
a26602813ea134cdeb9c,train/images/17743421989546628.jpg,train,1,,,,,,,,7cef86635977304e33dadb727988015edd35b010e79e9439da68e81a6d96f0fa,cf0723030b9f8f97,226,201,13330,86.612138,43.639839,177.604228,exact-eeb2f22ca7ba,near-1970b39b51fd,quarantine,"MISSING_PROVENANCE:subject_id,session_id,clip_id,device_id"
7fca88cb202d8311fcb4,train/images/17743421989880672.jpg,train,1,,,,,,,,4ba81fecaffa3181c4a15a5c8f66805f27a92e37d967dc4d0bb580d3ebf72305,cf0727030b9f8b97,226,201,13137,88.107251,43.515256,173.552303,exact-9b6496c700f2,near-1970b39b51fd,quarantine,"MISSING_PROVENANCE:subject_id,session_id,clip_id,device_id"
7ac38ab6a200a2911b03,train/images/17743421990185235.jpg,train,1,,,,,,,,4ba81fecaffa3181c4a15a5c8f66805f27a92e37d967dc4d0bb580d3ebf72305,cf0727030b9f8b97,226,201,13137,88.107251,43.515256,173.552303,exact-9b6496c700f2,near-1970b39b51fd,quarantine,"MISSING_PROVENANCE:subject_id,session_id,clip_id,device_id"
0e815405c7eb3fcc02e7,train/images/177434219905178.jpg,train,1,,,,,,,,4ba81fecaffa3181c4a15a5c8f66805f27a92e37d967dc4d0bb580d3ebf72305,cf0727030b9f8b97,226,201,13137,88.107251,43.515256,173.552303,exact-9b6496c700f2,near-1970b39b51fd,quarantine,"MISSING_PROVENANCE:subject_id,session_id,clip_id,device_id"
87172b7147be4f755063,train/images/17743421991587737.jpg,train,1,,,,,,,,107c1ede69da528e16a97a6afa197c1907e6d13639c5631118728c40eadd9742,8f0707431b9b8b9e,221,196,12752,92.575192,42.846870,166.469937,exact-eadba53927ca,near-6b4083a19e44,quarantine,"MISSING_PROVENANCE:subject_id,session_id,clip_id,device_id"
468840a63863ea755105,train/images/17743421992008028.jpg,train,1,,,,,,,,4533c9be619b5042d4656d52c06c390b7d5d8d8b7a9e3c0fbfc5fa900b423ab8,8f07474b1b9bc9ce,214,190,11867,98.945278,40.213364,154.495473,exact-ec86617fe320,near-ec86617fe320,quarantine,"MISSING_PROVENANCE:subject_id,session_id,clip_id,device_id"
24fa706fefaec41f51ec,train/images/17743421992221174.jpg,train,1,,,,,,,,4533c9be619b5042d4656d52c06c390b7d5d8d8b7a9e3c0fbfc5fa900b423ab8,8f07474b1b9bc9ce,214,190,11867,98.945278,40.213364,154.495473,exact-ec86617fe320,near-ec86617fe320,quarantine,"MISSING_PROVENANCE:subject_id,session_id,clip_id,device_id"
ee825788e276925e324d,train/images/17743421992525415.jpg,train,1,,,,,,,,4533c9be619b5042d4656d52c06c390b7d5d8d8b7a9e3c0fbfc5fa900b423ab8,8f07474b1b9bc9ce,214,190,11867,98.945278,40.213364,154.495473,exact-ec86617fe320,near-ec86617fe320,quarantine,"MISSING_PROVENANCE:subject_id,session_id,clip_id,device_id"
b87b9850705ff918bd31,train/images/17743421992946644.jpg,train,1,,,,,,,,25cc7a6a9abcd6c1a096134b78b697395fe6a006e7365fb2aba66afe4952d211,8f0747431b9f8b8e,216,192,11444,92.584274,40.459197,144.653632,exact-a0dc4bcf50e6,near-6b4083a19e44,quarantine,"MISSING_PROVENANCE:subject_id,session_id,clip_id,device_id"
2bec6120ba0bdb5d0c7f,train/images/1774342199320655.jpg,train,1,,,,,,,,25cc7a6a9abcd6c1a096134b78b697395fe6a006e7365fb2aba66afe4952d211,8f0747431b9f8b8e,216,192,11444,92.584274,40.459197,144.653632,exact-a0dc4bcf50e6,near-6b4083a19e44,quarantine,"MISSING_PROVENANCE:subject_id,session_id,clip_id,device_id"
118c09f0fdccfa98a3bd,train/images/17743421993511555.jpg,train,1,,,,,,,,25cc7a6a9abcd6c1a096134b78b697395fe6a006e7365fb2aba66afe4952d211,8f0747431b9f8b8e,216,192,11444,92.584274,40.459197,144.653632,exact-a0dc4bcf50e6,near-6b4083a19e44,quarantine,"MISSING_PROVENANCE:subject_id,session_id,clip_id,device_id"
cc5aebd64ed2f753d4dd,train/images/17743421993924725.jpg,train,1,,,,,,,,0571d96827fa84191bb9d2d76168d44f45ffaed3e125c49c055f36baf745baef,8f074743121b1f8e,220,195,11260,83.049953,37.593091,85.867995,exact-bcf53993415b,near-1718eb7b9ec4,quarantine,"MISSING_PROVENANCE:subject_id,session_id,clip_id,device_id"
68635e5f3f5fcc1c65d1,train/images/17743421994136622.jpg,train,1,,,,,,,,0571d96827fa84191bb9d2d76168d44f45ffaed3e125c49c055f36baf745baef,8f074743121b1f8e,220,195,11260,83.049953,37.593091,85.867995,exact-bcf53993415b,near-1718eb7b9ec4,quarantine,"MISSING_PROVENANCE:subject_id,session_id,clip_id,device_id"
b576d8a293b5c10449ed,train/images/17743421994411287.jpg,train,1,,,,,,,,0571d96827fa84191bb9d2d76168d44f45ffaed3e125c49c055f36baf745baef,8f074743121b1f8e,220,195,11260,83.049953,37.593091,85.867995,exact-bcf53993415b,near-1718eb7b9ec4,quarantine,"MISSING_PROVENANCE:subject_id,session_id,clip_id,device_id"
af417835d3aae8ff22bd,train/images/17743421994992957.jpg,train,1,,,,,,,,4ce68a721d14e15c156072f7629e1776816e4e603b4a6919de543de708f3cf8a,0f072303090b0f06,213,189,10839,82.848374,41.881533,125.829094,exact-60aeca7ebb85,near-d6b1e3bf3af6,quarantine,"MISSING_PROVENANCE:subject_id,session_id,clip_id,device_id"
53511bcbeebc697775f1,train/images/1774342199527943.jpg,train,1,,,,,,,,4ce68a721d14e15c156072f7629e1776816e4e603b4a6919de543de708f3cf8a,0f072303090b0f06,213,189,10839,82.848374,41.881533,125.829094,exact-60aeca7ebb85,near-d6b1e3bf3af6,quarantine,"MISSING_PROVENANCE:subject_id,session_id,clip_id,device_id"
7b00dfeb34af03363aa1,train/images/17743421995587447.jpg,train,1,,,,,,,,4ce68a721d14e15c156072f7629e1776816e4e603b4a6919de543de708f3cf8a,0f072303090b0f06,213,189,10839,82.848374,41.881533,125.829094,exact-60aeca7ebb85,near-d6b1e3bf3af6,quarantine,"MISSING_PROVENANCE:subject_id,session_id,clip_id,device_id"
65550e1189c7d1132513,train/images/1774342199596687.jpg,train,1,,,,,,,,3508de0f392f4927a405a8a8f85485b690aff6948447d1c60d25c26e7061b831,0f0723230b0f0f06,214,190,11109,81.381112,42.510131,144.328402,exact-458489e501a2,near-d6b1e3bf3af6,quarantine,"MISSING_PROVENANCE:subject_id,session_id,clip_id,device_id"
be7c13c576b7c4d02595,train/images/17743421996911268.jpg,train,1,,,,,,,,7e1b04d1f1278183a890ddbc1573023bb333b1f7b17a2dab22c61507a75a0c2e,0f072323090f0f06,213,189,10879,81.537198,42.350567,140.260811,exact-42a4255a6aa0,near-d6b1e3bf3af6,quarantine,"MISSING_PROVENANCE:subject_id,session_id,clip_id,device_id"
215274620f1d9a46a33f,train/images/17743421997503672.jpg,train,1,,,,,,,,7e1b04d1f1278183a890ddbc1573023bb333b1f7b17a2dab22c61507a75a0c2e,0f072323090f0f06,213,189,10879,81.537198,42.350567,140.260811,exact-42a4255a6aa0,near-d6b1e3bf3af6,quarantine,"MISSING_PROVENANCE:subject_id,session_id,clip_id,device_id"
9b30f6c470633d8457cc,train/images/1774342199809219.jpg,train,1,,,,,,,,b462ca3507b51c0ec59563bd4cd76612d530dfb90e3af68ae4894bfaf71cdac2,0f072323090f0f06,213,189,10831,80.688750,42.419086,147.394317,exact-389faeaa8e5a,near-d6b1e3bf3af6,quarantine,"MISSING_PROVENANCE:subject_id,session_id,clip_id,device_id"
ddbe6836799d4709e922,train/images/17743421998432894.jpg,train,1,,,,,,,,b462ca3507b51c0ec59563bd4cd76612d530dfb90e3af68ae4894bfaf71cdac2,0f072323090f0f06,213,189,10831,80.688750,42.419086,147.394317,exact-389faeaa8e5a,near-d6b1e3bf3af6,quarantine,"MISSING_PROVENANCE:subject_id,session_id,clip_id,device_id"
0ff1c654d2956f206cd3,train/images/17743421999003887.jpg,train,1,,,,,,,,00b949f73d6d6653c4d7f91579e8094f51df74d1d9025d5f3bf4a6ba0f08b6b5,0f072323090f0706,214,190,10779,80.178874,42.826870,145.229240,exact-e5987d1280c6,near-d6b1e3bf3af6,quarantine,"MISSING_PROVENANCE:subject_id,session_id,clip_id,device_id"
0e1f05536a9b4dbf6c1a,train/images/17743421999192393.jpg,train,1,,,,,,,,00b949f73d6d6653c4d7f91579e8094f51df74d1d9025d5f3bf4a6ba0f08b6b5,0f072323090f0706,214,190,10779,80.178874,42.826870,145.229240,exact-e5987d1280c6,near-d6b1e3bf3af6,quarantine,"MISSING_PROVENANCE:subject_id,session_id,clip_id,device_id"
9f646efbf766b0ab006f,train/images/17743421999474785.jpg,train,1,,,,,,,,00b949f73d6d6653c4d7f91579e8094f51df74d1d9025d5f3bf4a6ba0f08b6b5,0f072323090f0706,214,190,10779,80.178874,42.826870,145.229240,exact-e5987d1280c6,near-d6b1e3bf3af6,quarantine,"MISSING_PROVENANCE:subject_id,session_id,clip_id,device_id"
f5eba977740dba5ceffd,train/images/17743421999992144.jpg,train,1,,,,,,,,a50629bb53fabaed32a726b35dc42d09150ec8711c080168a89323db3ba8be7b,0f072323090f0706,217,193,11490,79.468518,42.990299,162.813466,exact-db258260c789,near-d6b1e3bf3af6,quarantine,"MISSING_PROVENANCE:subject_id,session_id,clip_id,device_id"
1c546b07b9af42b05435,train/images/17743422000564752.jpg,train,1,,,,,,,,a50629bb53fabaed32a726b35dc42d09150ec8711c080168a89323db3ba8be7b,0f072323090f0706,217,193,11490,79.468518,42.990299,162.813466,exact-db258260c789,near-d6b1e3bf3af6,quarantine,"MISSING_PROVENANCE:subject_id,session_id,clip_id,device_id"
95f4e863417fb593263a,train/images/17743422000929708.jpg,train,1,,,,,,,,1b708a5b6cf2585def5781c6a524fbe5aecd7d48fcbc40723aa71411d3cd42b9,0f072323090f0706,220,195,11586,78.775874,43.358561,166.272149,exact-ff7d05475374,near-d6b1e3bf3af6,quarantine,"MISSING_PROVENANCE:subject_id,session_id,clip_id,device_id"
fdec1d535ba44ccfe662,train/images/17743422001468558.jpg,train,1,,,,,,,,1b708a5b6cf2585def5781c6a524fbe5aecd7d48fcbc40723aa71411d3cd42b9,0f072323090f0706,220,195,11586,78.775874,43.358561,166.272149,exact-ff7d05475374,near-d6b1e3bf3af6,quarantine,"MISSING_PROVENANCE:subject_id,session_id,clip_id,device_id"
22b34cb908f9b5e4a98d,train/images/17743422002076995.jpg,train,1,,,,,,,,6f6f9afcb65e76d0aaeae9493bdf73e926f9828fb2e4f0079b7ec1e6ff226604,0f072323090f0f06,220,195,11580,79.410606,43.449863,170.607343,exact-b761de734f9c,near-d6b1e3bf3af6,quarantine,"MISSING_PROVENANCE:subject_id,session_id,clip_id,device_id"
2f0f44a41184233408d5,train/images/17743422002258933.jpg,train,1,,,,,,,,6f6f9afcb65e76d0aaeae9493bdf73e926f9828fb2e4f0079b7ec1e6ff226604,0f072323090f0f06,220,195,11580,79.410606,43.449863,170.607343,exact-b761de734f9c,near-d6b1e3bf3af6,quarantine,"MISSING_PROVENANCE:subject_id,session_id,clip_id,device_id"
44c4561dc23877ee9ed2,train/images/1774342200244023.jpg,train,1,,,,,,,,6f6f9afcb65e76d0aaeae9493bdf73e926f9828fb2e4f0079b7ec1e6ff226604,0f072323090f0f06,220,195,11580,79.410606,43.449863,170.607343,exact-b761de734f9c,near-d6b1e3bf3af6,quarantine,"MISSING_PROVENANCE:subject_id,session_id,clip_id,device_id"
2b8f4e71664d50ef6281,train/images/17743422002983344.jpg,train,1,,,,,,,,674d4bd8a1aadec16b31d99a42d79d5df0787650811594e93b9eed1b93ae995b,0f072323090f0f06,216,192,10892,80.609037,43.087608,166.030576,exact-6802e8d7a134,near-d6b1e3bf3af6,quarantine,"MISSING_PROVENANCE:subject_id,session_id,clip_id,device_id"
6c0cb17ec3dfaedc9bd6,train/images/1774342200318781.jpg,train,1,,,,,,,,674d4bd8a1aadec16b31d99a42d79d5df0787650811594e93b9eed1b93ae995b,0f072323090f0f06,216,192,10892,80.609037,43.087608,166.030576,exact-6802e8d7a134,near-d6b1e3bf3af6,quarantine,"MISSING_PROVENANCE:subject_id,session_id,clip_id,device_id"
0007da6f35f0a9ec5efc,train/images/17743422003504827.jpg,train,1,,,,,,,,674d4bd8a1aadec16b31d99a42d79d5df0787650811594e93b9eed1b93ae995b,0f072323090f0f06,216,192,10892,80.609037,43.087608,166.030576,exact-6802e8d7a134,near-d6b1e3bf3af6,quarantine,"MISSING_PROVENANCE:subject_id,session_id,clip_id,device_id"
eec5262a3e3664bf50d5,train/images/17743422003978045.jpg,train,1,,,,,,,,0192636edeb9ebe1a104db8cdafe44fc0da3883929a5c7c11befb9bbf75f23c4,0f072323290f0f06,216,192,10711,81.187910,42.994434,166.329253,exact-dbd526a2c9e5,near-d6b1e3bf3af6,quarantine,"MISSING_PROVENANCE:subject_id,session_id,clip_id,device_id"
0be94dac7ac618d43090,train/images/1774342200423578.jpg,train,1,,,,,,,,0192636edeb9ebe1a104db8cdafe44fc0da3883929a5c7c11befb9bbf75f23c4,0f072323290f0f06,216,192,10711,81.187910,42.994434,166.329253,exact-dbd526a2c9e5,near-d6b1e3bf3af6,quarantine,"MISSING_PROVENANCE:subject_id,session_id,clip_id,device_id"
47e69124bb124b89ee73,train/images/17743422004514375.jpg,train,1,,,,,,,,0192636edeb9ebe1a104db8cdafe44fc0da3883929a5c7c11befb9bbf75f23c4,0f072323290f0f06,216,192,10711,81.187910,42.994434,166.329253,exact-dbd526a2c9e5,near-d6b1e3bf3af6,quarantine,"MISSING_PROVENANCE:subject_id,session_id,clip_id,device_id"
5fa4e19ab17cc058c92a,train/images/17743422005118084.jpg,train,1,,,,,,,,86a25137262af6ec58f52644b0ae1997ed1a505dc4737163f973d8c86f556834,0f072323090f0f07,209,186,10429,83.342260,42.108259,146.207076,exact-2007f0f4ebf2,near-d6b1e3bf3af6,quarantine,"MISSING_PROVENANCE:subject_id,session_id,clip_id,device_id"
308f1991bf931a815b73,train/images/17743422005286822.jpg,train,1,,,,,,,,86a25137262af6ec58f52644b0ae1997ed1a505dc4737163f973d8c86f556834,0f072323090f0f07,209,186,10429,83.342260,42.108259,146.207076,exact-2007f0f4ebf2,near-d6b1e3bf3af6,quarantine,"MISSING_PROVENANCE:subject_id,session_id,clip_id,device_id"
53a266297bb98f9ec28d,train/images/1774342200603553.jpg,train,1,,,,,,,,34ad1a03967ea3d65e688e3275565c576f30b57e1b2f41e2b9d01c93f79a8b42,8f072327090f0f06,217,193,11250,83.703780,42.633987,142.011896,exact-23e2dfe2efbf,near-d6b1e3bf3af6,quarantine,"MISSING_PROVENANCE:subject_id,session_id,clip_id,device_id"
df7436b090f7c9178603,train/images/17743422006531591.jpg,train,1,,,,,,,,34ad1a03967ea3d65e688e3275565c576f30b57e1b2f41e2b9d01c93f79a8b42,8f072327090f0f06,217,193,11250,83.703780,42.633987,142.011896,exact-23e2dfe2efbf,near-d6b1e3bf3af6,quarantine,"MISSING_PROVENANCE:subject_id,session_id,clip_id,device_id"
3062e2e59c5817e7c28b,train/images/17743422006967556.jpg,train,1,,,,,,,,af6dd9cb6310e714761906fa026c83617c7b8921e3e89c3c89c6ecf1673feb00,8f2723270b0f070e,220,195,11734,84.896573,43.869917,129.159790,exact-9640ad8167f6,near-d6b1e3bf3af6,quarantine,"MISSING_PROVENANCE:subject_id,session_id,clip_id,device_id"
73d3a5196cb38b777946,train/images/17743422007483327.jpg,train,1,,,,,,,,af6dd9cb6310e714761906fa026c83617c7b8921e3e89c3c89c6ecf1673feb00,8f2723270b0f070e,220,195,11734,84.896573,43.869917,129.159790,exact-9640ad8167f6,near-d6b1e3bf3af6,quarantine,"MISSING_PROVENANCE:subject_id,session_id,clip_id,device_id"
6358bcd4488719deae42,train/images/17743422007978652.jpg,train,1,,,,,,,,41e31f8866141e66346ab440c583b31da3d177cfd1cb5c6f5b75ef414dcfb2d0,8f0723270a0f070e,224,199,12033,84.228262,44.471107,144.101003,exact-3c2ba5fe9782,near-d6b1e3bf3af6,quarantine,"MISSING_PROVENANCE:subject_id,session_id,clip_id,device_id"
3cd653fe3462b44f384d,train/images/17743422008192313.jpg,train,1,,,,,,,,41e31f8866141e66346ab440c583b31da3d177cfd1cb5c6f5b75ef414dcfb2d0,8f0723270a0f070e,224,199,12033,84.228262,44.471107,144.101003,exact-3c2ba5fe9782,near-d6b1e3bf3af6,quarantine,"MISSING_PROVENANCE:subject_id,session_id,clip_id,device_id"
387aceb1d47a131e8817,train/images/17743422008490586.jpg,train,1,,,,,,,,41e31f8866141e66346ab440c583b31da3d177cfd1cb5c6f5b75ef414dcfb2d0,8f0723270a0f070e,224,199,12033,84.228262,44.471107,144.101003,exact-3c2ba5fe9782,near-d6b1e3bf3af6,quarantine,"MISSING_PROVENANCE:subject_id,session_id,clip_id,device_id"
9943d4624140c991fccd,train/images/17743422008909068.jpg,train,1,,,,,,,,567f7da33822c2a466fb48f8cfe2b09c386aef248ee192348a9696cf190984f7,8f0723270a0f0706,222,198,11965,84.769087,44.289182,152.122114,exact-d10adbd281e2,near-d6b1e3bf3af6,quarantine,"MISSING_PROVENANCE:subject_id,session_id,clip_id,device_id"
6eb9b02da1c72c324578,train/images/1774342200916207.jpg,train,1,,,,,,,,567f7da33822c2a466fb48f8cfe2b09c386aef248ee192348a9696cf190984f7,8f0723270a0f0706,222,198,11965,84.769087,44.289182,152.122114,exact-d10adbd281e2,near-d6b1e3bf3af6,quarantine,"MISSING_PROVENANCE:subject_id,session_id,clip_id,device_id"
e86f2bd0fce59ed85966,train/images/17743422009442046.jpg,train,1,,,,,,,,567f7da33822c2a466fb48f8cfe2b09c386aef248ee192348a9696cf190984f7,8f0723270a0f0706,222,198,11965,84.769087,44.289182,152.122114,exact-d10adbd281e2,near-d6b1e3bf3af6,quarantine,"MISSING_PROVENANCE:subject_id,session_id,clip_id,device_id"
4fa58483508063cddcd8,train/images/17743422009989579.jpg,train,1,,,,,,,,9f08e95cf2430a2ace8cfb5191308aa72392684ea5cce26948a96f95297e4ed2,8d0723270a0f0706,226,201,12345,83.811187,44.790564,153.945841,exact-8da6595d469b,near-d6b1e3bf3af6,quarantine,"MISSING_PROVENANCE:subject_id,session_id,clip_id,device_id"
4547dd29eed84d4d78a6,train/images/17743422010487688.jpg,train,1,,,,,,,,9f08e95cf2430a2ace8cfb5191308aa72392684ea5cce26948a96f95297e4ed2,8d0723270a0f0706,226,201,12345,83.811187,44.790564,153.945841,exact-8da6595d469b,near-d6b1e3bf3af6,quarantine,"MISSING_PROVENANCE:subject_id,session_id,clip_id,device_id"
2ae4aa8005dc53fdc257,train/images/17743422010961804.jpg,train,1,,,,,,,,2452f0f4f691f64a4c44fbe8b551a3f6f98099acda0fb6d91c2d30633d58f141,8d0723270b0f0706,228,202,12253,83.660153,44.877081,155.619812,exact-3fea228878a4,near-d6b1e3bf3af6,quarantine,"MISSING_PROVENANCE:subject_id,session_id,clip_id,device_id"
5e4e61b52c77d2d4956d,train/images/17743422011963844.jpg,train,1,,,,,,,,0e4c73ead3925f677eee7c0bffce533e926506ceddf0c72af1673f53a0f45f57,8f0723270b0f0706,225,200,11854,83.132733,44.698266,152.600489,exact-c10fc8fd54c9,near-d6b1e3bf3af6,quarantine,"MISSING_PROVENANCE:subject_id,session_id,clip_id,device_id"
12be1682c5370d82bdaf,train/images/17743422012299678.jpg,train,1,,,,,,,,0e4c73ead3925f677eee7c0bffce533e926506ceddf0c72af1673f53a0f45f57,8f0723270b0f0706,225,200,11854,83.132733,44.698266,152.600489,exact-c10fc8fd54c9,near-d6b1e3bf3af6,quarantine,"MISSING_PROVENANCE:subject_id,session_id,clip_id,device_id"
5c3bb3b6a654fc543103,train/images/17743422012593744.jpg,train,1,,,,,,,,0e4c73ead3925f677eee7c0bffce533e926506ceddf0c72af1673f53a0f45f57,8f0723270b0f0706,225,200,11854,83.132733,44.698266,152.600489,exact-c10fc8fd54c9,near-d6b1e3bf3af6,quarantine,"MISSING_PROVENANCE:subject_id,session_id,clip_id,device_id"
36b31b235d588fa422d5,train/images/1774342201290664.jpg,train,1,,,,,,,,e382244925a51126321da5b563ef6e1081339ca29ee3debddded2703aafe5c4e,8d0727270a0f070e,224,199,11544,82.685032,43.728534,138.009613,exact-6e171f6ec7f5,near-d6b1e3bf3af6,quarantine,"MISSING_PROVENANCE:subject_id,session_id,clip_id,device_id"
52b6daba54d982510d7a,train/images/17743422013181405.jpg,train,1,,,,,,,,e382244925a51126321da5b563ef6e1081339ca29ee3debddded2703aafe5c4e,8d0727270a0f070e,224,199,11544,82.685032,43.728534,138.009613,exact-6e171f6ec7f5,near-d6b1e3bf3af6,quarantine,"MISSING_PROVENANCE:subject_id,session_id,clip_id,device_id"
35f70cb1879ace6ba0b2,train/images/17743422014048629.jpg,train,1,,,,,,,,9149705e9d5ace4faf1fea8fa7943691b109e3ea01f05d311088c7d73090489b,8f2723270b0f0f07,207,184,10398,89.463899,41.785680,119.042449,exact-f32829f796e7,near-d6b1e3bf3af6,quarantine,"MISSING_PROVENANCE:subject_id,session_id,clip_id,device_id"
a490a0e346030d465552,train/images/1774342201432072.jpg,train,1,,,,,,,,9149705e9d5ace4faf1fea8fa7943691b109e3ea01f05d311088c7d73090489b,8f2723270b0f0f07,207,184,10398,89.463899,41.785680,119.042449,exact-f32829f796e7,near-d6b1e3bf3af6,quarantine,"MISSING_PROVENANCE:subject_id,session_id,clip_id,device_id"
d9c775e4122422cd0a5f,train/images/1774342201461649.jpg,train,1,,,,,,,,9149705e9d5ace4faf1fea8fa7943691b109e3ea01f05d311088c7d73090489b,8f2723270b0f0f07,207,184,10398,89.463899,41.785680,119.042449,exact-f32829f796e7,near-d6b1e3bf3af6,quarantine,"MISSING_PROVENANCE:subject_id,session_id,clip_id,device_id"
fbf8459c54b5e7e34aef,train/images/17743422015017803.jpg,train,1,,,,,,,,a904f901ba269eb97688ec011f8d84a1e930ffdfdfe8c456f493f10c19513e71,8f272327090f0f07,205,182,10101,89.093621,42.554526,115.355457,exact-2aa8e9297651,near-d6b1e3bf3af6,quarantine,"MISSING_PROVENANCE:subject_id,session_id,clip_id,device_id"
d63e4b89254fd3d8c5f9,train/images/17743422015286994.jpg,train,1,,,,,,,,a904f901ba269eb97688ec011f8d84a1e930ffdfdfe8c456f493f10c19513e71,8f272327090f0f07,205,182,10101,89.093621,42.554526,115.355457,exact-2aa8e9297651,near-d6b1e3bf3af6,quarantine,"MISSING_PROVENANCE:subject_id,session_id,clip_id,device_id"
ec29764946c1376cccbe,train/images/17743422015564516.jpg,train,1,,,,,,,,a904f901ba269eb97688ec011f8d84a1e930ffdfdfe8c456f493f10c19513e71,8f272327090f0f07,205,182,10101,89.093621,42.554526,115.355457,exact-2aa8e9297651,near-d6b1e3bf3af6,quarantine,"MISSING_PROVENANCE:subject_id,session_id,clip_id,device_id"
9ba1ae2897dbda8a14a8,train/images/17743422016993873.jpg,train,1,,,,,,,,74302accbebf8507a4e0718b5a99ab85e6290211b2d46214fabcb2b91b8f8f35,0f272327090f0f07,194,172,9717,88.686796,41.938018,124.042994,exact-bb755a4a0e31,near-d6b1e3bf3af6,quarantine,"MISSING_PROVENANCE:subject_id,session_id,clip_id,device_id"
ad1243412c8169e6cc30,train/images/17743422017516923.jpg,train,1,,,,,,,,74302accbebf8507a4e0718b5a99ab85e6290211b2d46214fabcb2b91b8f8f35,0f272327090f0f07,194,172,9717,88.686796,41.938018,124.042994,exact-bb755a4a0e31,near-d6b1e3bf3af6,quarantine,"MISSING_PROVENANCE:subject_id,session_id,clip_id,device_id"
9baa6ef45158569a58ea,train/images/1774342201806475.jpg,train,1,,,,,,,,f32d3b7bed8a0125f8852e3a1a191fd913f0bd2c4b0356f478a148f815185c1e,0f272327090f070f,198,176,9413,86.571798,42.076172,116.910000,exact-7acf0d9e9420,near-d6b1e3bf3af6,quarantine,"MISSING_PROVENANCE:subject_id,session_id,clip_id,device_id"
cf3e12b4b2af6f3f02b0,train/images/17743422018282645.jpg,train,1,,,,,,,,f32d3b7bed8a0125f8852e3a1a191fd913f0bd2c4b0356f478a148f815185c1e,0f272327090f070f,198,176,9413,86.571798,42.076172,116.910000,exact-7acf0d9e9420,near-d6b1e3bf3af6,quarantine,"MISSING_PROVENANCE:subject_id,session_id,clip_id,device_id"
de29f740c1d96b65d168,train/images/1774342201855667.jpg,train,1,,,,,,,,f32d3b7bed8a0125f8852e3a1a191fd913f0bd2c4b0356f478a148f815185c1e,0f272327090f070f,198,176,9413,86.571798,42.076172,116.910000,exact-7acf0d9e9420,near-d6b1e3bf3af6,quarantine,"MISSING_PROVENANCE:subject_id,session_id,clip_id,device_id"
eb4472638b1f917dc05f,train/images/17743422019512715.jpg,train,1,,,,,,,,6aa7100e972360951c8bb4850dfb68280d712e1852ad0269f5578cdb022703a2,4703232f0f0f0f0e,209,186,9927,80.484437,43.105210,103.050654,exact-37d1542d7c00,near-37d1542d7c00,quarantine,"MISSING_PROVENANCE:subject_id,session_id,clip_id,device_id"
97d74e09594f7d90e479,train/images/17743422026070173.jpg,train,1,,,,,,,,c3940a99e0d18e3b06a03e48dc3b013fff2ff135bd1bd1720539c5233a1658fa,0f1f130b1f0f1f1a,178,158,7674,98.215759,43.717482,63.446456,exact-8b193d30dc5e,near-8b193d30dc5e,quarantine,"MISSING_PROVENANCE:subject_id,session_id,clip_id,device_id"
275003a3d138203fbfd0,train/images/17743422026339815.jpg,train,1,,,,,,,,c3940a99e0d18e3b06a03e48dc3b013fff2ff135bd1bd1720539c5233a1658fa,0f1f130b1f0f1f1a,178,158,7674,98.215759,43.717482,63.446456,exact-8b193d30dc5e,near-8b193d30dc5e,quarantine,"MISSING_PROVENANCE:subject_id,session_id,clip_id,device_id"
4794dc3a0c1b38780131,train/images/1774342202700624.jpg,train,1,,,,,,,,3ab8ada6165132bc20fc85c713297c60326b412280c7e9b688cf1c0d4638040d,1f17278b1f0f171a,184,164,8195,94.524954,44.390424,71.690094,exact-dd51379b0abb,near-dd51379b0abb,quarantine,"MISSING_PROVENANCE:subject_id,session_id,clip_id,device_id"
ded95f941ba0fcac1f28,train/images/1774342202724389.jpg,train,1,,,,,,,,3ab8ada6165132bc20fc85c713297c60326b412280c7e9b688cf1c0d4638040d,1f17278b1f0f171a,184,164,8195,94.524954,44.390424,71.690094,exact-dd51379b0abb,near-dd51379b0abb,quarantine,"MISSING_PROVENANCE:subject_id,session_id,clip_id,device_id"
d379cf7bfc73f11954e7,train/images/17743422027526565.jpg,train,1,,,,,,,,3ab8ada6165132bc20fc85c713297c60326b412280c7e9b688cf1c0d4638040d,1f17278b1f0f171a,184,164,8195,94.524954,44.390424,71.690094,exact-dd51379b0abb,near-dd51379b0abb,quarantine,"MISSING_PROVENANCE:subject_id,session_id,clip_id,device_id"
51ac89d409762f295d71,train/images/17743422028162277.jpg,train,1,,,,,,,,bb6b09d6adea81814016d60e176ffcc6f9f705aaa89667cc502d63fde7af4d02,1f17130b0b0f070e,189,168,9208,97.238158,44.511967,99.459439,exact-9b6e58d38a5b,near-e075a2073445,quarantine,"MISSING_PROVENANCE:subject_id,session_id,clip_id,device_id"
5e6796d75481d5e704de,train/images/1774342202906403.jpg,train,1,,,,,,,,dc3286675fa19cd3bed2c41164ceac6d2602804a9e5cb5da15748b44466afa9d,8f97170b0b0f0f0e,195,174,9678,95.293604,45.949572,106.678982,exact-07fef1586e94,near-e075a2073445,quarantine,"MISSING_PROVENANCE:subject_id,session_id,clip_id,device_id"
fa5cdeb63eabf7ef8b38,train/images/17743422029353042.jpg,train,1,,,,,,,,dc3286675fa19cd3bed2c41164ceac6d2602804a9e5cb5da15748b44466afa9d,8f97170b0b0f0f0e,195,174,9678,95.293604,45.949572,106.678982,exact-07fef1586e94,near-e075a2073445,quarantine,"MISSING_PROVENANCE:subject_id,session_id,clip_id,device_id"
c33d7fbf4516f46f5ad6,train/images/17743422029607396.jpg,train,1,,,,,,,,dc3286675fa19cd3bed2c41164ceac6d2602804a9e5cb5da15748b44466afa9d,8f97170b0b0f0f0e,195,174,9678,95.293604,45.949572,106.678982,exact-07fef1586e94,near-e075a2073445,quarantine,"MISSING_PROVENANCE:subject_id,session_id,clip_id,device_id"
a636990196d03c3632c3,train/images/1774342203002458.jpg,train,1,,,,,,,,def0a0f590dd318bb637b18579dfe839f78a1883a177e971d336140173bd76ff,1f97170b0b0f070a,193,171,9491,95.853983,45.683893,104.467794,exact-f4c42c54ae69,near-e075a2073445,quarantine,"MISSING_PROVENANCE:subject_id,session_id,clip_id,device_id"
898f0a671f854ddbb424,train/images/177434220302419.jpg,train,1,,,,,,,,def0a0f590dd318bb637b18579dfe839f78a1883a177e971d336140173bd76ff,1f97170b0b0f070a,193,171,9491,95.853983,45.683893,104.467794,exact-f4c42c54ae69,near-e075a2073445,quarantine,"MISSING_PROVENANCE:subject_id,session_id,clip_id,device_id"
ab74f015f767814d574e,train/images/17743422030551322.jpg,train,1,,,,,,,,def0a0f590dd318bb637b18579dfe839f78a1883a177e971d336140173bd76ff,1f97170b0b0f070a,193,171,9491,95.853983,45.683893,104.467794,exact-f4c42c54ae69,near-e075a2073445,quarantine,"MISSING_PROVENANCE:subject_id,session_id,clip_id,device_id"
d756d3c8aa5906614d9f,train/images/17743422031440494.jpg,train,1,,,,,,,,43120d3a12725bb530c87a62667a8a10b96b21bb784b3584347e40b2c6807753,8f97170b0b0f070e,197,175,9609,94.721595,46.623646,102.336516,exact-172bf7d3f850,near-e075a2073445,quarantine,"MISSING_PROVENANCE:subject_id,session_id,clip_id,device_id"
9916f970ab9edb678a84,train/images/17743422031957858.jpg,train,1,,,,,,,,da5c98f0fd4238d6890b99839936474c71ef950af996f2a4a0015274f3168328,1f97170b0b0f070e,191,170,9106,95.631876,45.496872,100.514290,exact-9b7b339cadef,near-e075a2073445,quarantine,"MISSING_PROVENANCE:subject_id,session_id,clip_id,device_id"
beb79fadb21f6a373a9d,train/images/17743422032215085.jpg,train,1,,,,,,,,da5c98f0fd4238d6890b99839936474c71ef950af996f2a4a0015274f3168328,1f97170b0b0f070e,191,170,9106,95.631876,45.496872,100.514290,exact-9b7b339cadef,near-e075a2073445,quarantine,"MISSING_PROVENANCE:subject_id,session_id,clip_id,device_id"
dc3160d59fa7e473b291,train/images/17743422032534184.jpg,train,1,,,,,,,,da5c98f0fd4238d6890b99839936474c71ef950af996f2a4a0015274f3168328,1f97170b0b0f070e,191,170,9106,95.631876,45.496872,100.514290,exact-9b7b339cadef,near-e075a2073445,quarantine,"MISSING_PROVENANCE:subject_id,session_id,clip_id,device_id"
9e2fa3e8a95afe5be995,train/images/17743422032838752.jpg,train,1,,,,,,,,da5c98f0fd4238d6890b99839936474c71ef950af996f2a4a0015274f3168328,1f97170b0b0f070e,191,170,9106,95.631876,45.496872,100.514290,exact-9b7b339cadef,near-e075a2073445,quarantine,"MISSING_PROVENANCE:subject_id,session_id,clip_id,device_id"
f85f39314fadca4d6775,train/images/17743422033128967.jpg,train,1,,,,,,,,5c72087b154080063d4c67964fd1e7432ae229fe8401d285bd9a7fb8d0c3c1fa,1eb7170f0b0f0f1e,193,171,9215,96.393479,45.536760,97.699070,exact-a3e142aff252,near-a3e142aff252,quarantine,"MISSING_PROVENANCE:subject_id,session_id,clip_id,device_id"
a74e13b117b4924ab0ed,train/images/1774342203342803.jpg,train,1,,,,,,,,5c72087b154080063d4c67964fd1e7432ae229fe8401d285bd9a7fb8d0c3c1fa,1eb7170f0b0f0f1e,193,171,9215,96.393479,45.536760,97.699070,exact-a3e142aff252,near-a3e142aff252,quarantine,"MISSING_PROVENANCE:subject_id,session_id,clip_id,device_id"
7748be437c874cdf85e9,train/images/17743422034510365.jpg,train,1,,,,,,,,239c5f7cc7b66784f04ab1b2a850333f87baa962b0e6d8edb304e12e7f881296,8f1f170a0f0f0718,205,182,10075,91.750844,48.130485,91.590790,exact-7d6cada105a7,near-7d6cada105a7,quarantine,"MISSING_PROVENANCE:subject_id,session_id,clip_id,device_id"
e3ec97f372f57274aab6,train/images/17743422053066237.jpg,train,1,,,,,,,,4961f985858f3c3814eed32fef6e29d59fe54aa4cfe5e358582336158d231f7b,1919191313330706,182,162,8705,88.542294,42.855804,97.556064,exact-f0d2d3183f2a,near-5e8bf563fa1a,quarantine,"MISSING_PROVENANCE:subject_id,session_id,clip_id,device_id"
ade606a4c2ba415eb095,train/images/1774342205328953.jpg,train,1,,,,,,,,4961f985858f3c3814eed32fef6e29d59fe54aa4cfe5e358582336158d231f7b,1919191313330706,182,162,8705,88.542294,42.855804,97.556064,exact-f0d2d3183f2a,near-5e8bf563fa1a,quarantine,"MISSING_PROVENANCE:subject_id,session_id,clip_id,device_id"
ef12050c93933a657786,train/images/17743422054009147.jpg,train,1,,,,,,,,0f629c07ea3f32ee0fb98aaa2a200e12ab9e587c8cd1d4bd64ecc405f457da32,191919163333070e,183,163,8751,91.038050,42.096429,88.135909,exact-c458a92a895a,near-5e8bf563fa1a,quarantine,"MISSING_PROVENANCE:subject_id,session_id,clip_id,device_id"
7b34740e663abfa2b22f,train/images/1774342205431556.jpg,train,1,,,,,,,,0f629c07ea3f32ee0fb98aaa2a200e12ab9e587c8cd1d4bd64ecc405f457da32,191919163333070e,183,163,8751,91.038050,42.096429,88.135909,exact-c458a92a895a,near-5e8bf563fa1a,quarantine,"MISSING_PROVENANCE:subject_id,session_id,clip_id,device_id"
4b12d59c7001a9df0835,train/images/17743422054600875.jpg,train,1,,,,,,,,0f629c07ea3f32ee0fb98aaa2a200e12ab9e587c8cd1d4bd64ecc405f457da32,191919163333070e,183,163,8751,91.038050,42.096429,88.135909,exact-c458a92a895a,near-5e8bf563fa1a,quarantine,"MISSING_PROVENANCE:subject_id,session_id,clip_id,device_id"
41813b5b26760236b310,train/images/17743422054985244.jpg,train,1,,,,,,,,028dac8dcb12c902131fee25ec7b0b024684469316cb62209336eb6f450bf157,1919391613170f06,184,164,8393,91.540761,41.739873,71.121939,exact-0c45d9ac66a9,near-0c45d9ac66a9,quarantine,"MISSING_PROVENANCE:subject_id,session_id,clip_id,device_id"
cd80561238fdaaa70777,train/images/17743422055238535.jpg,train,1,,,,,,,,028dac8dcb12c902131fee25ec7b0b024684469316cb62209336eb6f450bf157,1919391613170f06,184,164,8393,91.540761,41.739873,71.121939,exact-0c45d9ac66a9,near-0c45d9ac66a9,quarantine,"MISSING_PROVENANCE:subject_id,session_id,clip_id,device_id"
d16ff3e5a5602615f8eb,train/images/1774342205550893.jpg,train,1,,,,,,,,028dac8dcb12c902131fee25ec7b0b024684469316cb62209336eb6f450bf157,1919391613170f06,184,164,8393,91.540761,41.739873,71.121939,exact-0c45d9ac66a9,near-0c45d9ac66a9,quarantine,"MISSING_PROVENANCE:subject_id,session_id,clip_id,device_id"
bebb2fb1264005567151,train/images/17743422055824296.jpg,train,1,,,,,,,,028dac8dcb12c902131fee25ec7b0b024684469316cb62209336eb6f450bf157,1919391613170f06,184,164,8393,91.540761,41.739873,71.121939,exact-0c45d9ac66a9,near-0c45d9ac66a9,quarantine,"MISSING_PROVENANCE:subject_id,session_id,clip_id,device_id"
9c71c9f14c52d6f568fe,train/images/17743422056123447.jpg,train,1,,,,,,,,14686b69620bdefd36dd666a1f8cd12ffdcc3462feb3d69e962efa58eb6f3a4d,1909595b1b1f0f06,184,164,8322,89.578307,41.678996,61.460344,exact-e99b30d0118c,near-e99b30d0118c,quarantine,"MISSING_PROVENANCE:subject_id,session_id,clip_id,device_id"
4c295045f37d87e5ee06,train/images/17743422056767888.jpg,train,1,,,,,,,,14686b69620bdefd36dd666a1f8cd12ffdcc3462feb3d69e962efa58eb6f3a4d,1909595b1b1f0f06,184,164,8322,89.578307,41.678996,61.460344,exact-e99b30d0118c,near-e99b30d0118c,quarantine,"MISSING_PROVENANCE:subject_id,session_id,clip_id,device_id"
9bf0b400eb3070aaf524,train/images/17743422057368417.jpg,train,1,,,,,,,,e7eee09ddfa01c6a1a4881ed91da042fe44200853dd14e58d4acb70ea01eee57,0c0c5d4b191f0f06,184,164,8766,88.347130,42.621793,76.133697,exact-46f7768f456a,near-99b30bac73ec,quarantine,"MISSING_PROVENANCE:subject_id,session_id,clip_id,device_id"
cecdde776ff3c493438c,train/images/17743422058045115.jpg,train,1,,,,,,,,fb94595a5393331f353b50ae486a52b489fa355d1d2b3d36a5d4a26bf4698e8e,0c0c5d0b191f0706,186,165,9063,87.537178,43.196994,85.352134,exact-5e968d16e8ac,near-99b30bac73ec,quarantine,"MISSING_PROVENANCE:subject_id,session_id,clip_id,device_id"
ac7738d1c36b993699d3,train/images/17743422058282.jpg,train,1,,,,,,,,fb94595a5393331f353b50ae486a52b489fa355d1d2b3d36a5d4a26bf4698e8e,0c0c5d0b191f0706,186,165,9063,87.537178,43.196994,85.352134,exact-5e968d16e8ac,near-99b30bac73ec,quarantine,"MISSING_PROVENANCE:subject_id,session_id,clip_id,device_id"
989a1efeb47e21fa1a3f,train/images/17743422058600104.jpg,train,1,,,,,,,,fb94595a5393331f353b50ae486a52b489fa355d1d2b3d36a5d4a26bf4698e8e,0c0c5d0b191f0706,186,165,9063,87.537178,43.196994,85.352134,exact-5e968d16e8ac,near-99b30bac73ec,quarantine,"MISSING_PROVENANCE:subject_id,session_id,clip_id,device_id"
ce9dd0f307620caa7560,train/images/17743422058979557.jpg,train,1,,,,,,,,f048485f256d5016f25cf408cc45f8f67a9f24893d6c46d9f71461237d78a226,0c5d4f191b1f0f04,180,160,8081,87.956632,42.230933,75.021269,exact-3abcb9e6a95d,near-a690660a0a4f,quarantine,"MISSING_PROVENANCE:subject_id,session_id,clip_id,device_id"
82c7dcadc1ea17d1063a,train/images/17743422059224792.jpg,train,1,,,,,,,,f048485f256d5016f25cf408cc45f8f67a9f24893d6c46d9f71461237d78a226,0c5d4f191b1f0f04,180,160,8081,87.956632,42.230933,75.021269,exact-3abcb9e6a95d,near-a690660a0a4f,quarantine,"MISSING_PROVENANCE:subject_id,session_id,clip_id,device_id"
f400b6a348e18f674286,train/images/17743422059820862.jpg,train,1,,,,,,,,f048485f256d5016f25cf408cc45f8f67a9f24893d6c46d9f71461237d78a226,0c5d4f191b1f0f04,180,160,8081,87.956632,42.230933,75.021269,exact-3abcb9e6a95d,near-a690660a0a4f,quarantine,"MISSING_PROVENANCE:subject_id,session_id,clip_id,device_id"
3e448d3003434e896c44,train/images/17743422060155234.jpg,train,1,,,,,,,,0149e67486af95077044ba15ff686ed695a7cb4639ccc213362b312d431e9c3c,0c1d4f1b1b1f0f06,180,160,8004,88.653125,42.036922,65.986560,exact-19188e064382,near-a690660a0a4f,quarantine,"MISSING_PROVENANCE:subject_id,session_id,clip_id,device_id"
f6f6b4517bf3110669e2,train/images/17743422060392482.jpg,train,1,,,,,,,,0149e67486af95077044ba15ff686ed695a7cb4639ccc213362b312d431e9c3c,0c1d4f1b1b1f0f06,180,160,8004,88.653125,42.036922,65.986560,exact-19188e064382,near-a690660a0a4f,quarantine,"MISSING_PROVENANCE:subject_id,session_id,clip_id,device_id"
81b778c3b1533b63793a,train/images/17743422060717819.jpg,train,1,,,,,,,,0149e67486af95077044ba15ff686ed695a7cb4639ccc213362b312d431e9c3c,0c1d4f1b1b1f0f06,180,160,8004,88.653125,42.036922,65.986560,exact-19188e064382,near-a690660a0a4f,quarantine,"MISSING_PROVENANCE:subject_id,session_id,clip_id,device_id"
fd5deb486f6c1583b208,train/images/17743422061095183.jpg,train,1,,,,,,,,589a3a4d0829b40890cb8c58544a674e9efca58dbda2b225e41468f52ee69108,0c0c1d0b091f0706,197,175,9512,84.660653,45.478779,96.461983,exact-c374430d323c,near-99b30bac73ec,quarantine,"MISSING_PROVENANCE:subject_id,session_id,clip_id,device_id"
8ae097ee79f5b3834827,train/images/1774342206128528.jpg,train,1,,,,,,,,589a3a4d0829b40890cb8c58544a674e9efca58dbda2b225e41468f52ee69108,0c0c1d0b091f0706,197,175,9512,84.660653,45.478779,96.461983,exact-c374430d323c,near-99b30bac73ec,quarantine,"MISSING_PROVENANCE:subject_id,session_id,clip_id,device_id"
647f3e41ce4bfe370433,train/images/177434220643407.jpg,train,1,,,,,,,,e5cb2c78c1556e250c4f2288a99fefe692fbd0e691cd8a34aeb08785df39e595,1c0c061333330706,180,160,8267,84.579792,42.434267,83.504375,exact-24aa77dc5b38,near-8e0b925ba705,quarantine,"MISSING_PROVENANCE:subject_id,session_id,clip_id,device_id"
e87d56becbf9f95e2182,train/images/17743422065087626.jpg,train,1,,,,,,,,44c5606cbf86284d6f9054deeed0bed5906f56f2693335e52b1022f72609f1e7,0c0c061313130706,182,162,8386,80.491351,43.759999,103.866759,exact-cbca55cf621f,near-8e0b925ba705,quarantine,"MISSING_PROVENANCE:subject_id,session_id,clip_id,device_id"
efa5ed86e98eef6b05a9,train/images/17743422066077504.jpg,train,1,,,,,,,,49214e7f11eafd0a9cd807b595a40f716e7e5b8b19cafde219f2c3395ab54c48,0c0c061313130706,183,163,8133,78.932415,44.175432,102.696664,exact-d5770ccd65f3,near-8e0b925ba705,quarantine,"MISSING_PROVENANCE:subject_id,session_id,clip_id,device_id"
205f8838a09d6e964c6f,train/images/17743422067031932.jpg,train,1,,,,,,,,aa515b8b64695b403398176709fd51365307c6c4982423aa524ad032973b9290,0c0c061313330706,180,160,7763,80.076562,43.393041,94.182624,exact-fbe7e261c224,near-8e0b925ba705,quarantine,"MISSING_PROVENANCE:subject_id,session_id,clip_id,device_id"
28d579410c34761cd788,train/images/1774342206725729.jpg,train,1,,,,,,,,aa515b8b64695b403398176709fd51365307c6c4982423aa524ad032973b9290,0c0c061313330706,180,160,7763,80.076562,43.393041,94.182624,exact-fbe7e261c224,near-8e0b925ba705,quarantine,"MISSING_PROVENANCE:subject_id,session_id,clip_id,device_id"
1f7422a1142b0657dd31,train/images/17743422067588925.jpg,train,1,,,,,,,,aa515b8b64695b403398176709fd51365307c6c4982423aa524ad032973b9290,0c0c061313330706,180,160,7763,80.076562,43.393041,94.182624,exact-fbe7e261c224,near-8e0b925ba705,quarantine,"MISSING_PROVENANCE:subject_id,session_id,clip_id,device_id"
2dccbb15ca68a84671b9,train/images/1774342206835196.jpg,train,1,,,,,,,,7a2e2e5c7a85aa75574b9a9c5c2d26150208162308e5029d5e88cb2cfb45887a,0c0c061333330706,183,163,7927,79.679574,43.572864,87.971400,exact-4941f8aca24f,near-8e0b925ba705,quarantine,"MISSING_PROVENANCE:subject_id,session_id,clip_id,device_id"
f6dd023a41beff394636,train/images/17743422069119873.jpg,train,1,,,,,,,,489daae3845dcd9c47884534474d28dcd9aa4b4e19ec5661417a54000e537ba1,0c0c061333330706,182,162,7935,79.725376,43.208653,89.305284,exact-4d7f1e8a26c0,near-8e0b925ba705,quarantine,"MISSING_PROVENANCE:subject_id,session_id,clip_id,device_id"
6fa5969b1a5d2ad9c90a,train/images/17743422069391756.jpg,train,1,,,,,,,,489daae3845dcd9c47884534474d28dcd9aa4b4e19ec5661417a54000e537ba1,0c0c061333330706,182,162,7935,79.725376,43.208653,89.305284,exact-4d7f1e8a26c0,near-8e0b925ba705,quarantine,"MISSING_PROVENANCE:subject_id,session_id,clip_id,device_id"
e293188fd8d0b4e993cd,train/images/17743422070017874.jpg,train,1,,,,,,,,c6ec9a5adc6299096b01d93fcd14e3ef03fdb8160a7dfcee7d5e58ba50b55c03,0c0c061313330706,178,158,7523,79.250391,41.449069,70.859307,exact-4b9db08db9b9,near-8e0b925ba705,quarantine,"MISSING_PROVENANCE:subject_id,session_id,clip_id,device_id"
ba9071218fab79a55546,train/images/17743422070291893.jpg,train,1,,,,,,,,c6ec9a5adc6299096b01d93fcd14e3ef03fdb8160a7dfcee7d5e58ba50b55c03,0c0c061313330706,178,158,7523,79.250391,41.449069,70.859307,exact-4b9db08db9b9,near-8e0b925ba705,quarantine,"MISSING_PROVENANCE:subject_id,session_id,clip_id,device_id"
5976b195b362cde699c5,train/images/1774342207112691.jpg,train,1,,,,,,,,7e8c0a9632432a29084ae1a81ea43294aad10f8d74ef42ec416185a16e68b024,0c0c041b131b0706,189,168,8286,77.474553,41.501623,83.392445,exact-83365dc47d38,near-8e0b925ba705,quarantine,"MISSING_PROVENANCE:subject_id,session_id,clip_id,device_id"
95a9007e1e7bbf76dc5f,train/images/1774342207135737.jpg,train,1,,,,,,,,7e8c0a9632432a29084ae1a81ea43294aad10f8d74ef42ec416185a16e68b024,0c0c041b131b0706,189,168,8286,77.474553,41.501623,83.392445,exact-83365dc47d38,near-8e0b925ba705,quarantine,"MISSING_PROVENANCE:subject_id,session_id,clip_id,device_id"
3c1055f5fd26457e04ed,train/images/1774342207165704.jpg,train,1,,,,,,,,7e8c0a9632432a29084ae1a81ea43294aad10f8d74ef42ec416185a16e68b024,0c0c041b131b0706,189,168,8286,77.474553,41.501623,83.392445,exact-83365dc47d38,near-8e0b925ba705,quarantine,"MISSING_PROVENANCE:subject_id,session_id,clip_id,device_id"
7d3c342688228bd120ed,train/images/17743422071921546.jpg,train,1,,,,,,,,7e8c0a9632432a29084ae1a81ea43294aad10f8d74ef42ec416185a16e68b024,0c0c041b131b0706,189,168,8286,77.474553,41.501623,83.392445,exact-83365dc47d38,near-8e0b925ba705,quarantine,"MISSING_PROVENANCE:subject_id,session_id,clip_id,device_id"
4e5882d28f6a44841eb0,train/images/17743422073102973.jpg,train,1,,,,,,,,450562a7dc7c8da513b0e325c3d5b0e4b57e51e7cc92654c117acf4084f56fad,0c0c594b191f0f06,178,158,7896,81.334199,35.020822,52.189360,exact-ca18ab9bf195,near-99b30bac73ec,quarantine,"MISSING_PROVENANCE:subject_id,session_id,clip_id,device_id"
c73f02b8a4e8de8691fa,train/images/17743422073335268.jpg,train,1,,,,,,,,450562a7dc7c8da513b0e325c3d5b0e4b57e51e7cc92654c117acf4084f56fad,0c0c594b191f0f06,178,158,7896,81.334199,35.020822,52.189360,exact-ca18ab9bf195,near-99b30bac73ec,quarantine,"MISSING_PROVENANCE:subject_id,session_id,clip_id,device_id"
de6c13cd8a98c3b5e390,train/images/17743422074034975.jpg,train,1,,,,,,,,a053402f2f72e5bb141e6353139bda1e63846420fa6e330af40e45d7872e899c,0c0c796d090f0f07,172,153,7627,81.312472,33.264226,58.073684,exact-81c73d03b0bb,near-af992fb56af4,quarantine,"MISSING_PROVENANCE:subject_id,session_id,clip_id,device_id"
40de82b9111bd981a089,train/images/17743422074231927.jpg,train,1,,,,,,,,a053402f2f72e5bb141e6353139bda1e63846420fa6e330af40e45d7872e899c,0c0c796d090f0f07,172,153,7627,81.312472,33.264226,58.073684,exact-81c73d03b0bb,near-af992fb56af4,quarantine,"MISSING_PROVENANCE:subject_id,session_id,clip_id,device_id"
f46a66bcb608197f276b,train/images/17743422074495919.jpg,train,1,,,,,,,,a053402f2f72e5bb141e6353139bda1e63846420fa6e330af40e45d7872e899c,0c0c796d090f0f07,172,153,7627,81.312472,33.264226,58.073684,exact-81c73d03b0bb,near-af992fb56af4,quarantine,"MISSING_PROVENANCE:subject_id,session_id,clip_id,device_id"
7b3be3375979ba9ddb35,train/images/1774342207514974.jpg,train,1,,,,,,,,46fcc779bf3391c7577d16d19760052dc77833094620884d178cd6241967f0fd,080c792d090f0f06,176,157,7836,80.340004,34.174799,66.914443,exact-92e25b1128c6,near-af992fb56af4,quarantine,"MISSING_PROVENANCE:subject_id,session_id,clip_id,device_id"
31d5bbf0577e080701c1,train/images/17743422075371456.jpg,train,1,,,,,,,,46fcc779bf3391c7577d16d19760052dc77833094620884d178cd6241967f0fd,080c792d090f0f06,176,157,7836,80.340004,34.174799,66.914443,exact-92e25b1128c6,near-af992fb56af4,quarantine,"MISSING_PROVENANCE:subject_id,session_id,clip_id,device_id"
006e7051c0a7ac1c2564,train/images/17743422075645266.jpg,train,1,,,,,,,,46fcc779bf3391c7577d16d19760052dc77833094620884d178cd6241967f0fd,080c792d090f0f06,176,157,7836,80.340004,34.174799,66.914443,exact-92e25b1128c6,near-af992fb56af4,quarantine,"MISSING_PROVENANCE:subject_id,session_id,clip_id,device_id"
560aa50e3862072900af,train/images/17743422075986469.jpg,train,1,,,,,,,,46fcc779bf3391c7577d16d19760052dc77833094620884d178cd6241967f0fd,080c792d090f0f06,176,157,7836,80.340004,34.174799,66.914443,exact-92e25b1128c6,near-af992fb56af4,quarantine,"MISSING_PROVENANCE:subject_id,session_id,clip_id,device_id"
76347199ca8dd444cc69,train/images/17743422076257324.jpg,train,1,,,,,,,,4b37d6df933f27f75bf57ff63e6606acf1384152ccad2d3cdc4614f679fd3ba1,0c0c292d0d0f0f07,179,159,8149,80.016654,34.591909,71.703109,exact-4c34d7405eed,near-af992fb56af4,quarantine,"MISSING_PROVENANCE:subject_id,session_id,clip_id,device_id"
93956dd3b1c2fb5f209c,train/images/17743422076595705.jpg,train,1,,,,,,,,4b37d6df933f27f75bf57ff63e6606acf1384152ccad2d3cdc4614f679fd3ba1,0c0c292d0d0f0f07,179,159,8149,80.016654,34.591909,71.703109,exact-4c34d7405eed,near-af992fb56af4,quarantine,"MISSING_PROVENANCE:subject_id,session_id,clip_id,device_id"
627b72268edcee6ddf94,train/images/1774342207687537.jpg,train,1,,,,,,,,4b37d6df933f27f75bf57ff63e6606acf1384152ccad2d3cdc4614f679fd3ba1,0c0c292d0d0f0f07,179,159,8149,80.016654,34.591909,71.703109,exact-4c34d7405eed,near-af992fb56af4,quarantine,"MISSING_PROVENANCE:subject_id,session_id,clip_id,device_id"
fa54b4e92aed0a19e9bc,train/images/1774342207717653.jpg,train,1,,,,,,,,59fc6da61bcc28b2ca35a5404959d57d03be9654d2577befeaa905b7b89732f8,0c0c292d090f0f07,175,156,7775,81.670879,33.406277,68.108425,exact-5cfb7bba0c3d,near-af992fb56af4,quarantine,"MISSING_PROVENANCE:subject_id,session_id,clip_id,device_id"
7a8bc1feb9f9ad4abe03,train/images/17743422077504263.jpg,train,1,,,,,,,,59fc6da61bcc28b2ca35a5404959d57d03be9654d2577befeaa905b7b89732f8,0c0c292d090f0f07,175,156,7775,81.670879,33.406277,68.108425,exact-5cfb7bba0c3d,near-af992fb56af4,quarantine,"MISSING_PROVENANCE:subject_id,session_id,clip_id,device_id"
28cef35b4848e9ee884b,train/images/17743422078073375.jpg,train,1,,,,,,,,477c8ea23976fc9cd2167b8ff47192a8bfbb0c6c0bab5b894f3f86939984058c,0808292d0d0f0f0f,183,163,8554,78.734084,35.028635,73.689435,exact-712dc6f5936e,near-af992fb56af4,quarantine,"MISSING_PROVENANCE:subject_id,session_id,clip_id,device_id"
8cc48f59fdd54b5692b3,train/images/17743422078241084.jpg,train,1,,,,,,,,477c8ea23976fc9cd2167b8ff47192a8bfbb0c6c0bab5b894f3f86939984058c,0808292d0d0f0f0f,183,163,8554,78.734084,35.028635,73.689435,exact-712dc6f5936e,near-af992fb56af4,quarantine,"MISSING_PROVENANCE:subject_id,session_id,clip_id,device_id"
9eab70dc812fd0bd0175,train/images/1774342207856042.jpg,train,1,,,,,,,,477c8ea23976fc9cd2167b8ff47192a8bfbb0c6c0bab5b894f3f86939984058c,0808292d0d0f0f0f,183,163,8554,78.734084,35.028635,73.689435,exact-712dc6f5936e,near-af992fb56af4,quarantine,"MISSING_PROVENANCE:subject_id,session_id,clip_id,device_id"
ef3d925b7d3d066bdbb3,train/images/17743422078830822.jpg,train,1,,,,,,,,477c8ea23976fc9cd2167b8ff47192a8bfbb0c6c0bab5b894f3f86939984058c,0808292d0d0f0f0f,183,163,8554,78.734084,35.028635,73.689435,exact-712dc6f5936e,near-af992fb56af4,quarantine,"MISSING_PROVENANCE:subject_id,session_id,clip_id,device_id"
6c242ae94cd38e93fa71,train/images/17743422079144127.jpg,train,1,,,,,,,,48d5c94a8d1370c9173dc25a02d2246ff81f018511294498fb23f270c1789ad2,080939210d0f0f0f,178,158,7830,78.452745,32.952856,58.400360,exact-79c36eab8390,near-af992fb56af4,quarantine,"MISSING_PROVENANCE:subject_id,session_id,clip_id,device_id"
2ebd18fdf59f39089bcc,train/images/1774342208136984.jpg,train,1,,,,,,,,b0b96479b65ceb1dd810cd6696595d0e4c517db594f76958aa24b7569c23f2cc,01193131050d0f0f,172,153,7345,72.143373,30.064727,70.253849,exact-1491edf95548,near-1491edf95548,quarantine,"MISSING_PROVENANCE:subject_id,session_id,clip_id,device_id"
3e9e686769128ae2709d,train/images/17743422082028565.jpg,train,1,,,,,,,,f610f463090442c39a529eda59d007b8970d0d099d0068d8c14fc2086f7907af,1307313115070f0f,176,157,7421,68.098618,31.900702,84.452262,exact-ed6f1d0a1d0d,near-ed6f1d0a1d0d,quarantine,"MISSING_PROVENANCE:subject_id,session_id,clip_id,device_id"
8fd36d9392c388d770df,train/images/1774342208229105.jpg,train,1,,,,,,,,f610f463090442c39a529eda59d007b8970d0d099d0068d8c14fc2086f7907af,1307313115070f0f,176,157,7421,68.098618,31.900702,84.452262,exact-ed6f1d0a1d0d,near-ed6f1d0a1d0d,quarantine,"MISSING_PROVENANCE:subject_id,session_id,clip_id,device_id"
45fe4c8ab9847b839c51,train/images/1774342208289065.jpg,train,1,,,,,,,,f610f463090442c39a529eda59d007b8970d0d099d0068d8c14fc2086f7907af,1307313115070f0f,176,157,7421,68.098618,31.900702,84.452262,exact-ed6f1d0a1d0d,near-ed6f1d0a1d0d,quarantine,"MISSING_PROVENANCE:subject_id,session_id,clip_id,device_id"
3bc7250626de123a9ecc,train/images/17743422083210268.jpg,train,1,,,,,,,,e5359462a2f20b3882dbea16611655877ba4ff6cc99086d9d2c8918368cd622e,07073131250d0f0e,179,159,7456,67.870208,32.669861,92.991145,exact-9557fb401e0a,near-66edf2270ac5,quarantine,"MISSING_PROVENANCE:subject_id,session_id,clip_id,device_id"
b7ee00b5510cb9251b6c,train/images/17743422083824205.jpg,train,1,,,,,,,,e5359462a2f20b3882dbea16611655877ba4ff6cc99086d9d2c8918368cd622e,07073131250d0f0e,179,159,7456,67.870208,32.669861,92.991145,exact-9557fb401e0a,near-66edf2270ac5,quarantine,"MISSING_PROVENANCE:subject_id,session_id,clip_id,device_id"
07d9f1b1e04e9a9e9449,train/images/17743422084141102.jpg,train,1,,,,,,,,5c7a310e2a93efd2a585c52d9052f71d9d35d525de2b6464dddf1797f816958c,07073131250d0f0e,180,160,7725,67.940347,32.887591,99.897419,exact-6fea255c4fa8,near-66edf2270ac5,quarantine,"MISSING_PROVENANCE:subject_id,session_id,clip_id,device_id"
ee39d713fdc1db67747b,train/images/17743422084378655.jpg,train,1,,,,,,,,5c7a310e2a93efd2a585c52d9052f71d9d35d525de2b6464dddf1797f816958c,07073131250d0f0e,180,160,7725,67.940347,32.887591,99.897419,exact-6fea255c4fa8,near-66edf2270ac5,quarantine,"MISSING_PROVENANCE:subject_id,session_id,clip_id,device_id"
0b7e3e28a95ea235fe6c,train/images/17743422084710681.jpg,train,1,,,,,,,,5c7a310e2a93efd2a585c52d9052f71d9d35d525de2b6464dddf1797f816958c,07073131250d0f0e,180,160,7725,67.940347,32.887591,99.897419,exact-6fea255c4fa8,near-66edf2270ac5,quarantine,"MISSING_PROVENANCE:subject_id,session_id,clip_id,device_id"
9b3ad8d7f68f5c87c65a,train/images/17743422085079184.jpg,train,1,,,,,,,,44a8fa30059490f887acb699fa7256de39e65201d7688c3e1000dc6d8e2eb23f,07073131250d0f0f,179,159,7729,69.022276,32.314507,89.447587,exact-c83696b2d7ba,near-66edf2270ac5,quarantine,"MISSING_PROVENANCE:subject_id,session_id,clip_id,device_id"
8ac5011dc42a22cd8715,train/images/17743422086025062.jpg,train,1,,,,,,,,6142797d4d49b4e85353f8b0905812656ba39bb29f4fe99a484518f3219d9d42,0b032321090f0f06,180,160,6939,68.425729,32.688209,61.233139,exact-febc3898236f,near-d6b1e3bf3af6,quarantine,"MISSING_PROVENANCE:subject_id,session_id,clip_id,device_id"
c552c5efddd227aaf44e,train/images/17743422086591918.jpg,train,1,,,,,,,,6142797d4d49b4e85353f8b0905812656ba39bb29f4fe99a484518f3219d9d42,0b032321090f0f06,180,160,6939,68.425729,32.688209,61.233139,exact-febc3898236f,near-d6b1e3bf3af6,quarantine,"MISSING_PROVENANCE:subject_id,session_id,clip_id,device_id"
db6325854b9a72c417a7,train/images/17743422086926498.jpg,train,1,,,,,,,,6142797d4d49b4e85353f8b0905812656ba39bb29f4fe99a484518f3219d9d42,0b032321090f0f06,180,160,6939,68.425729,32.688209,61.233139,exact-febc3898236f,near-d6b1e3bf3af6,quarantine,"MISSING_PROVENANCE:subject_id,session_id,clip_id,device_id"
d0416914408f1ec453bd,train/images/17743422087231278.jpg,train,1,,,,,,,,d29046ff9829db7c059a0921699bad8c2bf89a6791894d8f3b88a1495d2923c5,010f0703121f0f06,205,182,8959,63.010024,36.906510,102.704367,exact-a147cddfda68,near-a147cddfda68,quarantine,"MISSING_PROVENANCE:subject_id,session_id,clip_id,device_id"
18d4ee67a350dcf7b602,train/images/1774342208751716.jpg,train,1,,,,,,,,d29046ff9829db7c059a0921699bad8c2bf89a6791894d8f3b88a1495d2923c5,010f0703121f0f06,205,182,8959,63.010024,36.906510,102.704367,exact-a147cddfda68,near-a147cddfda68,quarantine,"MISSING_PROVENANCE:subject_id,session_id,clip_id,device_id"
caee50dfa81784b24189,train/images/17743422087785869.jpg,train,1,,,,,,,,d29046ff9829db7c059a0921699bad8c2bf89a6791894d8f3b88a1495d2923c5,010f0703121f0f06,205,182,8959,63.010024,36.906510,102.704367,exact-a147cddfda68,near-a147cddfda68,quarantine,"MISSING_PROVENANCE:subject_id,session_id,clip_id,device_id"
a2bd73e022274d929496,train/images/1774342211018353.jpg,train,1,,,,,,,,36779e57918ac26f023a984089a2ebf5795ce67a8693ba64486aa90a3ceaaf54,8b8d061309010303,182,162,7908,64.012685,43.021594,154.897775,exact-cb25c40561f0,near-cb25c40561f0,quarantine,"MISSING_PROVENANCE:subject_id,session_id,clip_id,device_id"
b50adc9ed6fc918f6ed3,train/images/17743422110769022.jpg,train,1,,,,,,,,36779e57918ac26f023a984089a2ebf5795ce67a8693ba64486aa90a3ceaaf54,8b8d061309010303,182,162,7908,64.012685,43.021594,154.897775,exact-cb25c40561f0,near-cb25c40561f0,quarantine,"MISSING_PROVENANCE:subject_id,session_id,clip_id,device_id"
a61f3bf11e006e0013a6,train/images/17743422112090328.jpg,train,1,,,,,,,,958e2de4de90101184f13cc7aaeffb203f66dac21ddf7d2682a507d07aee0955,16090c1f1b190706,186,165,8258,67.699120,40.378895,116.977675,exact-d1101ef68bc7,near-d1101ef68bc7,quarantine,"MISSING_PROVENANCE:subject_id,session_id,clip_id,device_id"
ce5d236dcebf5020dd26,train/images/1774342211227713.jpg,train,1,,,,,,,,958e2de4de90101184f13cc7aaeffb203f66dac21ddf7d2682a507d07aee0955,16090c1f1b190706,186,165,8258,67.699120,40.378895,116.977675,exact-d1101ef68bc7,near-d1101ef68bc7,quarantine,"MISSING_PROVENANCE:subject_id,session_id,clip_id,device_id"
4090cead0ce212fcae7c,train/images/17743422112606008.jpg,train,1,,,,,,,,958e2de4de90101184f13cc7aaeffb203f66dac21ddf7d2682a507d07aee0955,16090c1f1b190706,186,165,8258,67.699120,40.378895,116.977675,exact-d1101ef68bc7,near-d1101ef68bc7,quarantine,"MISSING_PROVENANCE:subject_id,session_id,clip_id,device_id"
9bcf72c3050d2031be9e,train/images/17743422113092997.jpg,train,1,,,,,,,,25ef4072867ed8f65fd6c08b32e6857a0b1aeea155524d3ece9966d28d99f47f,0601081e1b1b0706,187,166,8486,68.245442,39.960077,110.942944,exact-d8aa569e554a,near-49cb2d2f18e0,quarantine,"MISSING_PROVENANCE:subject_id,session_id,clip_id,device_id"
1a5a96eeef1cabf78adf,train/images/1774342211336182.jpg,train,1,,,,,,,,25ef4072867ed8f65fd6c08b32e6857a0b1aeea155524d3ece9966d28d99f47f,0601081e1b1b0706,187,166,8486,68.245442,39.960077,110.942944,exact-d8aa569e554a,near-49cb2d2f18e0,quarantine,"MISSING_PROVENANCE:subject_id,session_id,clip_id,device_id"
fee25935758775a50edf,train/images/17743422113652446.jpg,train,1,,,,,,,,25ef4072867ed8f65fd6c08b32e6857a0b1aeea155524d3ece9966d28d99f47f,0601081e1b1b0706,187,166,8486,68.245442,39.960077,110.942944,exact-d8aa569e554a,near-49cb2d2f18e0,quarantine,"MISSING_PROVENANCE:subject_id,session_id,clip_id,device_id"
d2dbbb10edb6b077f864,train/images/1774342211417871.jpg,train,1,,,,,,,,dfc8257f0b9028f2cf71930e33db215f5667aa1892c4cb1d6f24104198851daa,0611081e131b0706,190,169,8706,67.980255,40.440062,111.205932,exact-5f7448bde156,near-49cb2d2f18e0,quarantine,"MISSING_PROVENANCE:subject_id,session_id,clip_id,device_id"
fb2e7e70a5e8cd44a334,train/images/17743422114396892.jpg,train,1,,,,,,,,dfc8257f0b9028f2cf71930e33db215f5667aa1892c4cb1d6f24104198851daa,0611081e131b0706,190,169,8706,67.980255,40.440062,111.205932,exact-5f7448bde156,near-49cb2d2f18e0,quarantine,"MISSING_PROVENANCE:subject_id,session_id,clip_id,device_id"
44dc9afd16b232e8662f,train/images/17743422114667642.jpg,train,1,,,,,,,,dfc8257f0b9028f2cf71930e33db215f5667aa1892c4cb1d6f24104198851daa,0611081e131b0706,190,169,8706,67.980255,40.440062,111.205932,exact-5f7448bde156,near-49cb2d2f18e0,quarantine,"MISSING_PROVENANCE:subject_id,session_id,clip_id,device_id"
e638fe81ea1b343418d9,train/images/17743422115134623.jpg,train,1,,,,,,,,c996b256db9e1b62fb02b9d2fe222eec7870e267a86149b7bd0fb4492332ded6,0600091e1b1b0706,194,172,8948,67.397596,41.310576,127.766231,exact-a23764b15545,near-49cb2d2f18e0,quarantine,"MISSING_PROVENANCE:subject_id,session_id,clip_id,device_id"
cc6a38021ba9995d1b03,train/images/17743422115425081.jpg,train,1,,,,,,,,c996b256db9e1b62fb02b9d2fe222eec7870e267a86149b7bd0fb4492332ded6,0600091e1b1b0706,194,172,8948,67.397596,41.310576,127.766231,exact-a23764b15545,near-49cb2d2f18e0,quarantine,"MISSING_PROVENANCE:subject_id,session_id,clip_id,device_id"
0d6f23c3ffc1e36a1110,train/images/17743422116081185.jpg,train,1,,,,,,,,e903fdfb9ff785d34af352572205513b51798d73485ae61e5d20b7490a5254c3,0601081e1b1b0706,194,172,8848,66.478512,41.203951,121.525652,exact-d5bedabbb8d7,near-49cb2d2f18e0,quarantine,"MISSING_PROVENANCE:subject_id,session_id,clip_id,device_id"
034b0e622a1a8166159c,train/images/17743422116320703.jpg,train,1,,,,,,,,e903fdfb9ff785d34af352572205513b51798d73485ae61e5d20b7490a5254c3,0601081e1b1b0706,194,172,8848,66.478512,41.203951,121.525652,exact-d5bedabbb8d7,near-49cb2d2f18e0,quarantine,"MISSING_PROVENANCE:subject_id,session_id,clip_id,device_id"
9a7f2a77b99ea9192a66,train/images/17743422116619298.jpg,train,1,,,,,,,,e903fdfb9ff785d34af352572205513b51798d73485ae61e5d20b7490a5254c3,0601081e1b1b0706,194,172,8848,66.478512,41.203951,121.525652,exact-d5bedabbb8d7,near-49cb2d2f18e0,quarantine,"MISSING_PROVENANCE:subject_id,session_id,clip_id,device_id"
4aebea366e2a53521c9f,train/images/1774342211912824.jpg,train,1,,,,,,,,c1aaa3893ca19939e3abe827a3c646a5cde2bcf5edac53fd43cbd903d86c9830,131163710f0f0f0c,194,172,8517,73.186047,40.179402,64.091225,exact-7e990830b812,near-7e990830b812,quarantine,"MISSING_PROVENANCE:subject_id,session_id,clip_id,device_id"
1bc061515bcd451c5dda,train/images/17743422119403293.jpg,train,1,,,,,,,,c1aaa3893ca19939e3abe827a3c646a5cde2bcf5edac53fd43cbd903d86c9830,131163710f0f0f0c,194,172,8517,73.186047,40.179402,64.091225,exact-7e990830b812,near-7e990830b812,quarantine,"MISSING_PROVENANCE:subject_id,session_id,clip_id,device_id"
a9dc5ef77b0517c7ca6e,train/images/17743422119692836.jpg,train,1,,,,,,,,c1aaa3893ca19939e3abe827a3c646a5cde2bcf5edac53fd43cbd903d86c9830,131163710f0f0f0c,194,172,8517,73.186047,40.179402,64.091225,exact-7e990830b812,near-7e990830b812,quarantine,"MISSING_PROVENANCE:subject_id,session_id,clip_id,device_id"
a10b9b8bfda1f2014725,train/images/177434221212439.jpg,train,1,,,,,,,,9eda3ebb473de3a3e8c9bca63143e55e17d1b1c1edd344ec7391af8151e1aaba,99070d4337673607,168,150,7302,87.397619,39.007314,90.562316,exact-3c60cda1e58c,near-3c60cda1e58c,quarantine,"MISSING_PROVENANCE:subject_id,session_id,clip_id,device_id"
c01c530e335c044cfaa4,train/images/1774342212147585.jpg,train,1,,,,,,,,9eda3ebb473de3a3e8c9bca63143e55e17d1b1c1edd344ec7391af8151e1aaba,99070d4337673607,168,150,7302,87.397619,39.007314,90.562316,exact-3c60cda1e58c,near-3c60cda1e58c,quarantine,"MISSING_PROVENANCE:subject_id,session_id,clip_id,device_id"
e917f25ef611b27daeb5,train/images/17743422122208314.jpg,train,1,,,,,,,,bf75797ed4183101646032316e6396289a4ea4330af05be279e25ba5979cc24d,33070d7337671606,178,158,8132,86.918290,42.272384,83.478095,exact-f7d54cd01670,near-f7d54cd01670,quarantine,"MISSING_PROVENANCE:subject_id,session_id,clip_id,device_id"
ca0c68d5cf41ee9b21d1,train/images/1774342212240025.jpg,train,1,,,,,,,,bf75797ed4183101646032316e6396289a4ea4330af05be279e25ba5979cc24d,33070d7337671606,178,158,8132,86.918290,42.272384,83.478095,exact-f7d54cd01670,near-f7d54cd01670,quarantine,"MISSING_PROVENANCE:subject_id,session_id,clip_id,device_id"
87472009039c39d264e9,train/images/1774342212269025.jpg,train,1,,,,,,,,bf75797ed4183101646032316e6396289a4ea4330af05be279e25ba5979cc24d,33070d7337671606,178,158,8132,86.918290,42.272384,83.478095,exact-f7d54cd01670,near-f7d54cd01670,quarantine,"MISSING_PROVENANCE:subject_id,session_id,clip_id,device_id"
0fdbdb2e9a9533bf4c76,train/images/1774342212524403.jpg,train,1,,,,,,,,20aabc829799861db9f0bb8ca2a23f1108d96e6d837d296fd234df9c09955136,33070d0337471307,171,152,7623,93.925592,36.584408,67.751948,exact-f5e0e5aeeb23,near-f5e0e5aeeb23,quarantine,"MISSING_PROVENANCE:subject_id,session_id,clip_id,device_id"
813023252ae0b19f6573,train/images/17743422125773933.jpg,train,1,,,,,,,,20aabc829799861db9f0bb8ca2a23f1108d96e6d837d296fd234df9c09955136,33070d0337471307,171,152,7623,93.925592,36.584408,67.751948,exact-f5e0e5aeeb23,near-f5e0e5aeeb23,quarantine,"MISSING_PROVENANCE:subject_id,session_id,clip_id,device_id"
af8ee3247f08400d028d,train/images/1774342212715185.jpg,train,1,,,,,,,,da3176c2afb291f3d409e4d6d3ee1ef71f4aae33004ac44727f2d00803a6e512,030b1d1b050f0f0b,187,166,7739,80.144836,35.555401,46.951112,exact-a04541784873,near-a04541784873,quarantine,"MISSING_PROVENANCE:subject_id,session_id,clip_id,device_id"
aa1b007ef9b10008b077,train/images/17743422127418191.jpg,train,1,,,,,,,,da3176c2afb291f3d409e4d6d3ee1ef71f4aae33004ac44727f2d00803a6e512,030b1d1b050f0f0b,187,166,7739,80.144836,35.555401,46.951112,exact-a04541784873,near-a04541784873,quarantine,"MISSING_PROVENANCE:subject_id,session_id,clip_id,device_id"
1caf84f8d0a826d4e69f,train/images/17743422128109527.jpg,train,1,,,,,,,,acb0d672350117b9a8ac495ec305dd215812e9caf94ba1f9bab7b6963e8905bb,07073133110d0f0f,194,172,8715,76.824323,36.055825,77.443514,exact-df786d5dacaf,near-66edf2270ac5,quarantine,"MISSING_PROVENANCE:subject_id,session_id,clip_id,device_id"
d9b93c260870adac44b4,train/images/17743422128339467.jpg,train,1,,,,,,,,acb0d672350117b9a8ac495ec305dd215812e9caf94ba1f9bab7b6963e8905bb,07073133110d0f0f,194,172,8715,76.824323,36.055825,77.443514,exact-df786d5dacaf,near-66edf2270ac5,quarantine,"MISSING_PROVENANCE:subject_id,session_id,clip_id,device_id"
570a361870f617a872eb,train/images/17743422128630214.jpg,train,1,,,,,,,,acb0d672350117b9a8ac495ec305dd215812e9caf94ba1f9bab7b6963e8905bb,07073133110d0f0f,194,172,8715,76.824323,36.055825,77.443514,exact-df786d5dacaf,near-66edf2270ac5,quarantine,"MISSING_PROVENANCE:subject_id,session_id,clip_id,device_id"
53a55d0d6c3d7f2b2b48,train/images/17743422129504263.jpg,train,1,,,,,,,,e34129503ddc07a7f950c2e20e923c8a4d3f5989fe9692c801cb6a352caf55c2,078733330d0f0f0f,202,180,9701,72.403273,37.914880,103.446404,exact-27d1fea92fda,near-27d1fea92fda,quarantine,"MISSING_PROVENANCE:subject_id,session_id,clip_id,device_id"
874bb251f3736efebba0,train/images/1774342212980156.jpg,train,1,,,,,,,,e34129503ddc07a7f950c2e20e923c8a4d3f5989fe9692c801cb6a352caf55c2,078733330d0f0f0f,202,180,9701,72.403273,37.914880,103.446404,exact-27d1fea92fda,near-27d1fea92fda,quarantine,"MISSING_PROVENANCE:subject_id,session_id,clip_id,device_id"
ecf2ec505f9549842f57,train/images/177434221304575.jpg,train,1,,,,,,,,5dd4efff8f983502f3bd7513eaf6e554bbea24eff072fb842b625b2be50c256a,0f0723230d0f0f07,201,178,9767,71.907345,37.796208,109.628312,exact-6f68fb2602a9,near-d6b1e3bf3af6,quarantine,"MISSING_PROVENANCE:subject_id,session_id,clip_id,device_id"
3e2358dfe5ab88455987,train/images/17743422130742733.jpg,train,1,,,,,,,,5dd4efff8f983502f3bd7513eaf6e554bbea24eff072fb842b625b2be50c256a,0f0723230d0f0f07,201,178,9767,71.907345,37.796208,109.628312,exact-6f68fb2602a9,near-d6b1e3bf3af6,quarantine,"MISSING_PROVENANCE:subject_id,session_id,clip_id,device_id"
4e729c11518d047c1be5,train/images/1774342213117293.jpg,train,1,,,,,,,,b1b1246ad8e9948c1d40c759f3d6a41c22f8712ddbdc6d0cabd88641b509407e,0f072323090f0f0f,199,177,9605,72.181756,37.190573,119.115712,exact-1116a564e43e,near-d6b1e3bf3af6,quarantine,"MISSING_PROVENANCE:subject_id,session_id,clip_id,device_id"
2a644f83f1c1d72ec383,train/images/17743422131363204.jpg,train,1,,,,,,,,b1b1246ad8e9948c1d40c759f3d6a41c22f8712ddbdc6d0cabd88641b509407e,0f072323090f0f0f,199,177,9605,72.181756,37.190573,119.115712,exact-1116a564e43e,near-d6b1e3bf3af6,quarantine,"MISSING_PROVENANCE:subject_id,session_id,clip_id,device_id"
c747c7d9ac6a7331842d,train/images/17743422131614149.jpg,train,1,,,,,,,,b1b1246ad8e9948c1d40c759f3d6a41c22f8712ddbdc6d0cabd88641b509407e,0f072323090f0f0f,199,177,9605,72.181756,37.190573,119.115712,exact-1116a564e43e,near-d6b1e3bf3af6,quarantine,"MISSING_PROVENANCE:subject_id,session_id,clip_id,device_id"
26319d33aa13c8b2511a,train/images/17743422132128413.jpg,train,1,,,,,,,,5e82b704392cc1661c7db1ec44c0f178427ff210dbcc0f59cda3a04866b132bb,0f072323090f0f0e,199,177,9487,72.074667,37.497530,112.645458,exact-8fb3ac1f88dc,near-d6b1e3bf3af6,quarantine,"MISSING_PROVENANCE:subject_id,session_id,clip_id,device_id"
7c10fc29b4b37e22ff5d,train/images/17743422132342036.jpg,train,1,,,,,,,,5e82b704392cc1661c7db1ec44c0f178427ff210dbcc0f59cda3a04866b132bb,0f072323090f0f0e,199,177,9487,72.074667,37.497530,112.645458,exact-8fb3ac1f88dc,near-d6b1e3bf3af6,quarantine,"MISSING_PROVENANCE:subject_id,session_id,clip_id,device_id"
7e419d059b3c29de905f,train/images/17743422133238323.jpg,train,1,,,,,,,,c3a622d4bd3a61febcaa5725becebd4da0fa7238b84c7e574bf983b49d99908d,0f072323090f0f0e,206,183,9297,70.300918,38.505935,117.217915,exact-876a4dd944bc,near-d6b1e3bf3af6,quarantine,"MISSING_PROVENANCE:subject_id,session_id,clip_id,device_id"
a3a60bfc4d280dd7fa6a,train/images/1774342213387017.jpg,train,1,,,,,,,,c3a622d4bd3a61febcaa5725becebd4da0fa7238b84c7e574bf983b49d99908d,0f072323090f0f0e,206,183,9297,70.300918,38.505935,117.217915,exact-876a4dd944bc,near-d6b1e3bf3af6,quarantine,"MISSING_PROVENANCE:subject_id,session_id,clip_id,device_id"
e0c6a0d62c0357010449,train/images/17743422134204054.jpg,train,1,,,,,,,,2edaacdfcdc13c396911f41186b7e593619f7a8c031e5ac6214eca76a1127a7e,0f072323090f0f0e,207,184,9373,70.336746,37.178359,97.121263,exact-32c0a3d83775,near-d6b1e3bf3af6,quarantine,"MISSING_PROVENANCE:subject_id,session_id,clip_id,device_id"
57ece6052cb009ce34d3,train/images/17743422134413154.jpg,train,1,,,,,,,,2edaacdfcdc13c396911f41186b7e593619f7a8c031e5ac6214eca76a1127a7e,0f072323090f0f0e,207,184,9373,70.336746,37.178359,97.121263,exact-32c0a3d83775,near-d6b1e3bf3af6,quarantine,"MISSING_PROVENANCE:subject_id,session_id,clip_id,device_id"
4afb928ef68fded20d0f,train/images/1774342213469042.jpg,train,1,,,,,,,,2edaacdfcdc13c396911f41186b7e593619f7a8c031e5ac6214eca76a1127a7e,0f072323090f0f0e,207,184,9373,70.336746,37.178359,97.121263,exact-32c0a3d83775,near-d6b1e3bf3af6,quarantine,"MISSING_PROVENANCE:subject_id,session_id,clip_id,device_id"
62dc2b27a694194ae849,train/images/17743422135139966.jpg,train,1,,,,,,,,63eb4b168e09285cc2fef92d05f3c7e92f19cc7b9613b870949790346cfd2433,00032303090f070e,211,188,8991,73.984824,37.438515,80.223243,exact-eb315a004e07,near-eb315a004e07,quarantine,"MISSING_PROVENANCE:subject_id,session_id,clip_id,device_id"
15e581586e43f82dd886,train/images/17743422135325427.jpg,train,1,,,,,,,,63eb4b168e09285cc2fef92d05f3c7e92f19cc7b9613b870949790346cfd2433,00032303090f070e,211,188,8991,73.984824,37.438515,80.223243,exact-eb315a004e07,near-eb315a004e07,quarantine,"MISSING_PROVENANCE:subject_id,session_id,clip_id,device_id"
675ededbc8324746bb72,train/images/17743422135505753.jpg,train,1,,,,,,,,63eb4b168e09285cc2fef92d05f3c7e92f19cc7b9613b870949790346cfd2433,00032303090f070e,211,188,8991,73.984824,37.438515,80.223243,exact-eb315a004e07,near-eb315a004e07,quarantine,"MISSING_PROVENANCE:subject_id,session_id,clip_id,device_id"
66e62d45e4c03a2cf56b,train/images/17743422146197586.jpg,train,1,,,,,,,,7f1cb6e5274ec9c545aee667685ba86682f2163169805e6fcbac119abb619c97,9129146d0d0f0f0c,213,189,9908,78.771617,41.178007,60.779505,exact-f67d0ece91ca,near-f67d0ece91ca,quarantine,"MISSING_PROVENANCE:subject_id,session_id,clip_id,device_id"
9df1fbe11c636e3c791a,train/images/17743422146461403.jpg,train,1,,,,,,,,7f1cb6e5274ec9c545aee667685ba86682f2163169805e6fcbac119abb619c97,9129146d0d0f0f0c,213,189,9908,78.771617,41.178007,60.779505,exact-f67d0ece91ca,near-f67d0ece91ca,quarantine,"MISSING_PROVENANCE:subject_id,session_id,clip_id,device_id"
e7e6b0c05bd4a1dd744b,train/images/17743422147131197.jpg,train,1,,,,,,,,2fa26c6b244cb409071eba6504f0b6e845e0a110272a09c50688e635822cd265,a149554d0d0f0f0c,198,176,8832,80.149277,38.768749,52.384992,exact-0e2a4f8f7ccd,near-0e2a4f8f7ccd,quarantine,"MISSING_PROVENANCE:subject_id,session_id,clip_id,device_id"
fa232992421c31bca7ae,train/images/17743422147375798.jpg,train,1,,,,,,,,2fa26c6b244cb409071eba6504f0b6e845e0a110272a09c50688e635822cd265,a149554d0d0f0f0c,198,176,8832,80.149277,38.768749,52.384992,exact-0e2a4f8f7ccd,near-0e2a4f8f7ccd,quarantine,"MISSING_PROVENANCE:subject_id,session_id,clip_id,device_id"
c63712cd03a69c776d80,train/images/17743422148268096.jpg,train,1,,,,,,,,8cd35d3a297be3005c59472207b35a09368b3415c787d6e9baf4e443a3827675,115955590b0f1f5c,193,171,9369,79.856952,38.318623,59.633266,exact-a355a32f27b2,near-a355a32f27b2,quarantine,"MISSING_PROVENANCE:subject_id,session_id,clip_id,device_id"
23a5985e1068bff83e55,train/images/17743422149233825.jpg,train,1,,,,,,,,a7dfbb82fb085413bad911af43d9cefbd97744ba2a57c95e0bb00ab4c8d157d8,9129292d0c0f0f0c,218,194,10671,79.643290,40.491460,79.473296,exact-4c20e5a432db,near-4c20e5a432db,quarantine,"MISSING_PROVENANCE:subject_id,session_id,clip_id,device_id"
0ea083d28078f146bbb4,train/images/17743422149787693.jpg,train,1,,,,,,,,a7dfbb82fb085413bad911af43d9cefbd97744ba2a57c95e0bb00ab4c8d157d8,9129292d0c0f0f0c,218,194,10671,79.643290,40.491460,79.473296,exact-4c20e5a432db,near-4c20e5a432db,quarantine,"MISSING_PROVENANCE:subject_id,session_id,clip_id,device_id"
41406a321a3d5faff989,train/images/1774342215021626.jpg,train,1,,,,,,,,c1a4fa2daa131291a3f9d34dc7b87d5f50cebf93eb3df2ab5fbc0b1e650e70f5,c8042e2e0f0f0f0c,225,200,10729,77.219289,41.986079,83.531248,exact-5daa1af29a7f,near-5daa1af29a7f,quarantine,"MISSING_PROVENANCE:subject_id,session_id,clip_id,device_id"
f2c0548924e73873988a,train/images/17743422150472782.jpg,train,1,,,,,,,,c1a4fa2daa131291a3f9d34dc7b87d5f50cebf93eb3df2ab5fbc0b1e650e70f5,c8042e2e0f0f0f0c,225,200,10729,77.219289,41.986079,83.531248,exact-5daa1af29a7f,near-5daa1af29a7f,quarantine,"MISSING_PROVENANCE:subject_id,session_id,clip_id,device_id"
fa162e021d4d2673e09f,train/images/17743422150732188.jpg,train,1,,,,,,,,c1a4fa2daa131291a3f9d34dc7b87d5f50cebf93eb3df2ab5fbc0b1e650e70f5,c8042e2e0f0f0f0c,225,200,10729,77.219289,41.986079,83.531248,exact-5daa1af29a7f,near-5daa1af29a7f,quarantine,"MISSING_PROVENANCE:subject_id,session_id,clip_id,device_id"
eafd4d4b21a5fdffc93e,train/images/17743422152259886.jpg,train,1,,,,,,,,9588312760cf3b7973e89f6a2cc847170d7c25e7d67b38e7181b4d4a908c4044,cc04862e0f870f00,247,219,13062,72.138853,44.662082,110.074694,exact-ee40670f8183,near-ee40670f8183,quarantine,"MISSING_PROVENANCE:subject_id,session_id,clip_id,device_id"
e6824d9bf6529864b823,train/images/17743422154387484.jpg,train,1,,,,,,,,82c01a3c04bc2a1b976223454779624395b4e7a201541def00912d203f5ab464,cc06072f0f0f870a,226,201,11869,77.222560,42.718441,112.835226,exact-8392db5d0ad3,near-8392db5d0ad3,quarantine,"MISSING_PROVENANCE:subject_id,session_id,clip_id,device_id"
7cdebf209e57430983df,train/images/17743422154709632.jpg,train,1,,,,,,,,82c01a3c04bc2a1b976223454779624395b4e7a201541def00912d203f5ab464,cc06072f0f0f870a,226,201,11869,77.222560,42.718441,112.835226,exact-8392db5d0ad3,near-8392db5d0ad3,quarantine,"MISSING_PROVENANCE:subject_id,session_id,clip_id,device_id"
b8e845c3343646ebb03c,train/images/17743422155604951.jpg,train,1,,,,,,,,1fc70693c23368c81fa5b2f2efb945d360a3ef8a2da7c9e6b97c219ad0b4b49c,cc04272b0b0f070a,228,202,12254,76.608889,42.615877,122.009829,exact-17e5469565a9,near-310e827e74fd,quarantine,"MISSING_PROVENANCE:subject_id,session_id,clip_id,device_id"
7a391bf792f7844fa776,train/images/17743422155771372.jpg,train,1,,,,,,,,1fc70693c23368c81fa5b2f2efb945d360a3ef8a2da7c9e6b97c219ad0b4b49c,cc04272b0b0f070a,228,202,12254,76.608889,42.615877,122.009829,exact-17e5469565a9,near-310e827e74fd,quarantine,"MISSING_PROVENANCE:subject_id,session_id,clip_id,device_id"
d99f2e06ed1906ab3421,train/images/17743422156520073.jpg,train,1,,,,,,,,681c1907080dd78d3506195f36ce06b100ed3579c0fe183da6ad03efd7a18d2b,cc04272b0b0f070a,232,206,12268,75.377657,43.145430,127.530946,exact-dc6254b696cb,near-310e827e74fd,quarantine,"MISSING_PROVENANCE:subject_id,session_id,clip_id,device_id"
a388eb54d09d4d59e49b,train/images/17743422156809552.jpg,train,1,,,,,,,,681c1907080dd78d3506195f36ce06b100ed3579c0fe183da6ad03efd7a18d2b,cc04272b0b0f070a,232,206,12268,75.377657,43.145430,127.530946,exact-dc6254b696cb,near-310e827e74fd,quarantine,"MISSING_PROVENANCE:subject_id,session_id,clip_id,device_id"
d99142aff91fb57e8895,train/images/177434221572567.jpg,train,1,,,,,,,,8e649e352fc5dfbd822a34358b0336ca737a5d2adbef76dbf2287804c8499e18,cc04a72b0b0f870a,229,204,11992,75.747966,42.979635,123.757632,exact-3de9ed7ef370,near-310e827e74fd,quarantine,"MISSING_PROVENANCE:subject_id,session_id,clip_id,device_id"
7d992a3477105c7f1d59,train/images/17743422158463993.jpg,train,1,,,,,,,,569e95c49fa14294d2e16083a83569dff71fe6242e324e6e8fb2bbd222d22550,cc04a72b0b8f0708,234,208,12079,74.305062,43.351194,122.250801,exact-577b6665c257,near-310e827e74fd,quarantine,"MISSING_PROVENANCE:subject_id,session_id,clip_id,device_id"
738cf7d623aa270d6904,train/images/17743422158757405.jpg,train,1,,,,,,,,569e95c49fa14294d2e16083a83569dff71fe6242e324e6e8fb2bbd222d22550,cc04a72b0b8f0708,234,208,12079,74.305062,43.351194,122.250801,exact-577b6665c257,near-310e827e74fd,quarantine,"MISSING_PROVENANCE:subject_id,session_id,clip_id,device_id"
65f8c461b9d8fac3fef9,train/images/17743422159545107.jpg,train,1,,,,,,,,a5d42cd873b2713a66bc3603a01a58b720f9b394e51eca867d777a5f11da80b1,4c84a72b0b0f070a,229,204,11853,75.238548,42.861404,122.530791,exact-b10fd0cf950e,near-310e827e74fd,quarantine,"MISSING_PROVENANCE:subject_id,session_id,clip_id,device_id"
e678c12829b37d617944,train/images/17743422159826303.jpg,train,1,,,,,,,,a5d42cd873b2713a66bc3603a01a58b720f9b394e51eca867d777a5f11da80b1,4c84a72b0b0f070a,229,204,11853,75.238548,42.861404,122.530791,exact-b10fd0cf950e,near-310e827e74fd,quarantine,"MISSING_PROVENANCE:subject_id,session_id,clip_id,device_id"
a242668fa4b35955d500,train/images/17743422160264869.jpg,train,1,,,,,,,,a789cbe87642151abc29696a4750e0789d23324e498fcb25fb9f71de0a6b0551,4c84272b0b8f070a,228,202,11710,75.736234,42.577227,113.478655,exact-4f9564dae254,near-310e827e74fd,quarantine,"MISSING_PROVENANCE:subject_id,session_id,clip_id,device_id"
eb2076680a913b9d11dc,train/images/17743422160737894.jpg,train,1,,,,,,,,a789cbe87642151abc29696a4750e0789d23324e498fcb25fb9f71de0a6b0551,4c84272b0b8f070a,228,202,11710,75.736234,42.577227,113.478655,exact-4f9564dae254,near-310e827e74fd,quarantine,"MISSING_PROVENANCE:subject_id,session_id,clip_id,device_id"
445348984d78b1a03c57,train/images/17743422161217244.jpg,train,1,,,,,,,,afb6ae4962f56df79942e5c2d7f1e803430c7e99be4e9236909f484a44a92472,4c84272b0b0f070a,224,199,11139,76.439766,42.194186,114.072765,exact-57088408e714,near-310e827e74fd,quarantine,"MISSING_PROVENANCE:subject_id,session_id,clip_id,device_id"
b36ee4cdb9b42885241d,train/images/17743422161682932.jpg,train,1,,,,,,,,afb6ae4962f56df79942e5c2d7f1e803430c7e99be4e9236909f484a44a92472,4c84272b0b0f070a,224,199,11139,76.439766,42.194186,114.072765,exact-57088408e714,near-310e827e74fd,quarantine,"MISSING_PROVENANCE:subject_id,session_id,clip_id,device_id"
9651f8b42511228de666,train/images/17743422162190592.jpg,train,1,,,,,,,,611a646c9341e85e90fb75aeb3c941b4af544cd3a8454ed54753e1701a59b3bf,4884070b0b0d8703,216,192,10752,79.042921,40.890240,112.310323,exact-123d2c8be3af,near-123d2c8be3af,quarantine,"MISSING_PROVENANCE:subject_id,session_id,clip_id,device_id"
b42ac0e3f017872e2664,train/images/17743422162554321.jpg,train,1,,,,,,,,611a646c9341e85e90fb75aeb3c941b4af544cd3a8454ed54753e1701a59b3bf,4884070b0b0d8703,216,192,10752,79.042921,40.890240,112.310323,exact-123d2c8be3af,near-123d2c8be3af,quarantine,"MISSING_PROVENANCE:subject_id,session_id,clip_id,device_id"
867d6cb9a16d5f659f89,train/images/17743422163329484.jpg,train,1,,,,,,,,84614bc28582750752e8ca4ca9edaf21f7d5decece0262a88a5b9368847a7400,488e070b0b8f070a,222,198,10900,76.252048,41.200916,106.526855,exact-a729e77871d8,near-a729e77871d8,quarantine,"MISSING_PROVENANCE:subject_id,session_id,clip_id,device_id"
17d1a3a9ab07b305cc5b,train/images/1774342216365441.jpg,train,1,,,,,,,,84614bc28582750752e8ca4ca9edaf21f7d5decece0262a88a5b9368847a7400,488e070b0b8f070a,222,198,10900,76.252048,41.200916,106.526855,exact-a729e77871d8,near-a729e77871d8,quarantine,"MISSING_PROVENANCE:subject_id,session_id,clip_id,device_id"
9f563c7baf32f837c59f,train/images/17743422164300442.jpg,train,1,,,,,,,,b20369d5a2c7680893205b6b12c9d91e1025056aabd94de80e85becf6827b36e,51012f27070f070a,221,196,9897,72.412965,38.824484,84.324972,exact-33c44c820a97,near-33c44c820a97,quarantine,"MISSING_PROVENANCE:subject_id,session_id,clip_id,device_id"
7ebea37f7185632c51c0,train/images/17743422169199054.jpg,train,1,,,,,,,,ef2fbeda967d05e7784e4efd8e31c1cceb696babbe1e50cc4308e66f1e5913a1,03071b1b0d0f0f0e,203,181,8736,66.767275,36.533847,73.874398,exact-5f569caeddcf,near-5f569caeddcf,quarantine,"MISSING_PROVENANCE:subject_id,session_id,clip_id,device_id"
35fc12d44a9c295daa3f,train/images/17743422169726577.jpg,train,1,,,,,,,,ef2fbeda967d05e7784e4efd8e31c1cceb696babbe1e50cc4308e66f1e5913a1,03071b1b0d0f0f0e,203,181,8736,66.767275,36.533847,73.874398,exact-5f569caeddcf,near-5f569caeddcf,quarantine,"MISSING_PROVENANCE:subject_id,session_id,clip_id,device_id"
0610ddc544dc39a6b680,train/images/17743422170196028.jpg,train,1,,,,,,,,88c9f8b009ee0cd1711862dd21c3060755968c001dc1aa90c618ebab493a0936,03031f0f0b0f0f0e,213,189,10857,64.838662,37.908958,99.736285,exact-e6c2ee6e6e62,near-a0220459d8a2,quarantine,"MISSING_PROVENANCE:subject_id,session_id,clip_id,device_id"
8b4fec3fc27a918309d1,train/images/1774342217045376.jpg,train,1,,,,,,,,88c9f8b009ee0cd1711862dd21c3060755968c001dc1aa90c618ebab493a0936,03031f0f0b0f0f0e,213,189,10857,64.838662,37.908958,99.736285,exact-e6c2ee6e6e62,near-a0220459d8a2,quarantine,"MISSING_PROVENANCE:subject_id,session_id,clip_id,device_id"
69c3b15e74f73d0f8610,train/images/17743422171316583.jpg,train,1,,,,,,,,f970fb8ade2922c9cc9ccddab6e43c5fba703b93114800ffe054601cd86dc0d7,03030f0b0b0f0f0e,213,189,10874,64.705517,38.485328,109.107555,exact-24924eb06b63,near-a0220459d8a2,quarantine,"MISSING_PROVENANCE:subject_id,session_id,clip_id,device_id"
33407514499043613d76,train/images/17743422171506152.jpg,train,1,,,,,,,,f970fb8ade2922c9cc9ccddab6e43c5fba703b93114800ffe054601cd86dc0d7,03030f0b0b0f0f0e,213,189,10874,64.705517,38.485328,109.107555,exact-24924eb06b63,near-a0220459d8a2,quarantine,"MISSING_PROVENANCE:subject_id,session_id,clip_id,device_id"
92c9d668d4ca42db4020,train/images/17743422172556918.jpg,train,1,,,,,,,,f0dbbefe2c28ebf0e710fe5f95d0551415d6466ff2da51b932ef487b3ec9e01b,83030f4b4b0f0f0e,211,188,10796,65.576913,38.208710,107.891575,exact-e2af7dac7443,near-a0220459d8a2,quarantine,"MISSING_PROVENANCE:subject_id,session_id,clip_id,device_id"
4820f0f3352c77b6b45f,train/images/17743422172833207.jpg,train,1,,,,,,,,f0dbbefe2c28ebf0e710fe5f95d0551415d6466ff2da51b932ef487b3ec9e01b,83030f4b4b0f0f0e,211,188,10796,65.576913,38.208710,107.891575,exact-e2af7dac7443,near-a0220459d8a2,quarantine,"MISSING_PROVENANCE:subject_id,session_id,clip_id,device_id"
0affef552707c3161889,train/images/17743422173256967.jpg,train,1,,,,,,,,41e4d9cc8c3be536f33f8aa1586bd0cbd64418b237c74dcc1c1fd6cb8eacc2db,83031f4b4b0f0f0e,213,189,10701,65.678739,38.298081,105.752898,exact-ed44194c4a80,near-a0220459d8a2,quarantine,"MISSING_PROVENANCE:subject_id,session_id,clip_id,device_id"
abd6968d49eea2f56cd8,train/images/17743422174182606.jpg,train,1,,,,,,,,21c3564eca8b78349028ae47055366743a17be7a8952c3931f6d2ec52e796223,83031f0b0b0f0f0e,214,190,10672,65.305607,38.374792,107.571122,exact-70454fb8135c,near-a0220459d8a2,quarantine,"MISSING_PROVENANCE:subject_id,session_id,clip_id,device_id"
857566217e24ff555b26,train/images/17743422174455488.jpg,train,1,,,,,,,,21c3564eca8b78349028ae47055366743a17be7a8952c3931f6d2ec52e796223,83031f0b0b0f0f0e,214,190,10672,65.305607,38.374792,107.571122,exact-70454fb8135c,near-a0220459d8a2,quarantine,"MISSING_PROVENANCE:subject_id,session_id,clip_id,device_id"
b0e5850cafbe863cbe1f,train/images/1774342217476528.jpg,train,1,,,,,,,,21c3564eca8b78349028ae47055366743a17be7a8952c3931f6d2ec52e796223,83031f0b0b0f0f0e,214,190,10672,65.305607,38.374792,107.571122,exact-70454fb8135c,near-a0220459d8a2,quarantine,"MISSING_PROVENANCE:subject_id,session_id,clip_id,device_id"
5115bea0a1e4942e2507,train/images/17743422175828054.jpg,train,1,,,,,,,,5b9407a54262430cd1ccd40d0260acb77666843de29873d9668b1a80fe69abc1,03031f0b0b0f0f0e,209,186,10419,65.698950,37.748733,105.009460,exact-fcf24812170e,near-a0220459d8a2,quarantine,"MISSING_PROVENANCE:subject_id,session_id,clip_id,device_id"
e26fe59dc76d545b9cd6,train/images/17743422176244814.jpg,train,1,,,,,,,,f999186325139450566aa812b4bbd29cf07647eb0679a7d27e0458727cb1e156,03031f0b0b0f0f0e,213,189,10720,64.743175,38.040773,108.008420,exact-520f02db991d,near-a0220459d8a2,quarantine,"MISSING_PROVENANCE:subject_id,session_id,clip_id,device_id"
81527831fb7ffe35f184,train/images/17743422176466935.jpg,train,1,,,,,,,,f999186325139450566aa812b4bbd29cf07647eb0679a7d27e0458727cb1e156,03031f0b0b0f0f0e,213,189,10720,64.743175,38.040773,108.008420,exact-520f02db991d,near-a0220459d8a2,quarantine,"MISSING_PROVENANCE:subject_id,session_id,clip_id,device_id"
081708c9e20a1045d0f6,train/images/17743422177222111.jpg,train,1,,,,,,,,77f61009b1c091bd715d21a262338140a1ef994b186cb88eaa2c5e249f04ed1b,0303170f0f0f0f0e,214,190,10558,63.625701,38.232100,103.303222,exact-3f48d8ee70b1,near-a0220459d8a2,quarantine,"MISSING_PROVENANCE:subject_id,session_id,clip_id,device_id"
1c10f51d2607f5b5f8dd,train/images/17743422177531345.jpg,train,1,,,,,,,,77f61009b1c091bd715d21a262338140a1ef994b186cb88eaa2c5e249f04ed1b,0303170f0f0f0f0e,214,190,10558,63.625701,38.232100,103.303222,exact-3f48d8ee70b1,near-a0220459d8a2,quarantine,"MISSING_PROVENANCE:subject_id,session_id,clip_id,device_id"
afd960727b21ca9e53bb,train/images/17743422177808735.jpg,train,1,,,,,,,,77f61009b1c091bd715d21a262338140a1ef994b186cb88eaa2c5e249f04ed1b,0303170f0f0f0f0e,214,190,10558,63.625701,38.232100,103.303222,exact-3f48d8ee70b1,near-a0220459d8a2,quarantine,"MISSING_PROVENANCE:subject_id,session_id,clip_id,device_id"
630cd336404a4cd44e54,train/images/17743422178225582.jpg,train,1,,,,,,,,ae8b7b8d05bcec9ebf248ff67e1e28910e157c4dad889cb294fd83344ed2f544,0303170f0f0f0f0e,216,192,10525,63.929929,38.974323,104.051697,exact-7b306e935f70,near-a0220459d8a2,quarantine,"MISSING_PROVENANCE:subject_id,session_id,clip_id,device_id"
2680fdc51c799c18fe71,train/images/17743422178412268.jpg,train,1,,,,,,,,ae8b7b8d05bcec9ebf248ff67e1e28910e157c4dad889cb294fd83344ed2f544,0303170f0f0f0f0e,216,192,10525,63.929929,38.974323,104.051697,exact-7b306e935f70,near-a0220459d8a2,quarantine,"MISSING_PROVENANCE:subject_id,session_id,clip_id,device_id"
607266a24860331a208e,train/images/17743422178727558.jpg,train,1,,,,,,,,ae8b7b8d05bcec9ebf248ff67e1e28910e157c4dad889cb294fd83344ed2f544,0303170f0f0f0f0e,216,192,10525,63.929929,38.974323,104.051697,exact-7b306e935f70,near-a0220459d8a2,quarantine,"MISSING_PROVENANCE:subject_id,session_id,clip_id,device_id"
08750f4aa532e6a5aeb6,train/images/17743422179960954.jpg,train,1,,,,,,,,783894d79f20cbb68af118204bc3860d31d9c006378bce4e2593ccf509344298,0303175d4f0f0f0a,205,182,9728,66.890860,38.569277,89.936782,exact-01afc35dfda7,near-01afc35dfda7,quarantine,"MISSING_PROVENANCE:subject_id,session_id,clip_id,device_id"
fba8083d8ccebd8a9bf2,train/images/17743422182588441.jpg,train,1,,,,,,,,8f062a2a05d40b356eadf69bb9a40396fad0122caf6a99046f8209fe6c507c13,8707030b090f0f0e,202,180,9746,69.549092,38.332823,94.618747,exact-517f5979c71a,near-a0220459d8a2,quarantine,"MISSING_PROVENANCE:subject_id,session_id,clip_id,device_id"
b5ca7c574ded0743885c,train/images/17743422183491096.jpg,train,1,,,,,,,,47d10c26c7f0c6aabd79e8fde5b5f57cd6d82a755226c1d28f259e0f9fd16d24,8707130f090f0f0e,205,182,9911,69.083624,38.453132,94.823670,exact-e6ec32f89862,near-a0220459d8a2,quarantine,"MISSING_PROVENANCE:subject_id,session_id,clip_id,device_id"
3ccf3527e5e9cbeae944,train/images/17743422183790264.jpg,train,1,,,,,,,,47d10c26c7f0c6aabd79e8fde5b5f57cd6d82a755226c1d28f259e0f9fd16d24,8707130f090f0f0e,205,182,9911,69.083624,38.453132,94.823670,exact-e6ec32f89862,near-a0220459d8a2,quarantine,"MISSING_PROVENANCE:subject_id,session_id,clip_id,device_id"
151618a1581eb3082653,train/images/1774342218425971.jpg,train,1,,,,,,,,2b9fcf7f522d79ac4f41c496fcb932cb7c623c228341e82859850e5b8f3b26d2,0703131d0d0f0f0e,205,182,9822,68.065452,38.680186,96.884855,exact-8d8da25347b1,near-a0220459d8a2,quarantine,"MISSING_PROVENANCE:subject_id,session_id,clip_id,device_id"
fba178a004259ef80580,train/images/17743422184514265.jpg,train,1,,,,,,,,2b9fcf7f522d79ac4f41c496fcb932cb7c623c228341e82859850e5b8f3b26d2,0703131d0d0f0f0e,205,182,9822,68.065452,38.680186,96.884855,exact-8d8da25347b1,near-a0220459d8a2,quarantine,"MISSING_PROVENANCE:subject_id,session_id,clip_id,device_id"
94a7c9a472a4ff422b4c,train/images/17743422185211499.jpg,train,1,,,,,,,,4eaade0e9c287ce1f9bb2c10d2571a2c41dd79f97e6136a98962573b1dffa77b,0703030f090f0f0e,202,180,9714,69.383856,38.259734,90.682472,exact-05cac8a48834,near-a0220459d8a2,quarantine,"MISSING_PROVENANCE:subject_id,session_id,clip_id,device_id"
3a79ba6a028c0ee60893,train/images/17743422187514517.jpg,train,1,,,,,,,,75c9a8004d801d791d393de6404718d4022c51c572a63eaa11caa658ef85c199,0703130d0d0f0f0e,203,181,9508,68.056555,38.698964,90.378369,exact-662021820a24,near-a0220459d8a2,quarantine,"MISSING_PROVENANCE:subject_id,session_id,clip_id,device_id"
e1d629eb27ec378f9988,train/images/17743422188738902.jpg,train,1,,,,,,,,91e14a62d2cf7d4d00aa9533fa04f3ede11de5afb8087b943de0c04d01ebbd8f,0703131d0d0f0f0e,206,183,9501,68.080482,38.909286,91.442613,exact-4ff7eaa19213,near-a0220459d8a2,quarantine,"MISSING_PROVENANCE:subject_id,session_id,clip_id,device_id"
1606b326b031300b4fa4,train/images/17743422190341299.jpg,train,1,,,,,,,,b42b75c4bc9c4518741d0a60dccd8ff847430ab309238100e1d435c5478c9b45,8707130f090f0f0e,205,182,9439,69.049960,38.667380,85.270729,exact-e8d90dd8e86d,near-a0220459d8a2,quarantine,"MISSING_PROVENANCE:subject_id,session_id,clip_id,device_id"
e6f3084ed57c5f919512,train/images/1774342219058231.jpg,train,1,,,,,,,,b42b75c4bc9c4518741d0a60dccd8ff847430ab309238100e1d435c5478c9b45,8707130f090f0f0e,205,182,9439,69.049960,38.667380,85.270729,exact-e8d90dd8e86d,near-a0220459d8a2,quarantine,"MISSING_PROVENANCE:subject_id,session_id,clip_id,device_id"
ad440ae3bcf6eb5f729f,train/images/17743422197187994.jpg,train,1,,,,,,,,296ef21f2840b4b4fba31e7e0d0943f6ad55f89407214bf27f8e9ab7214681b5,0f0e0f1f290f0f0e,203,181,9761,69.910078,39.910994,103.862603,exact-31db0e9914b9,near-31db0e9914b9,quarantine,"MISSING_PROVENANCE:subject_id,session_id,clip_id,device_id"
4a2abb2e702e0e876dc2,train/images/17743422197806318.jpg,train,1,,,,,,,,296ef21f2840b4b4fba31e7e0d0943f6ad55f89407214bf27f8e9ab7214681b5,0f0e0f1f290f0f0e,203,181,9761,69.910078,39.910994,103.862603,exact-31db0e9914b9,near-31db0e9914b9,quarantine,"MISSING_PROVENANCE:subject_id,session_id,clip_id,device_id"
befb3c3f1a85ea19e028,train/images/1774342220346755.jpg,train,1,,,,,,,,398c82acaa2eb04b1344f1dcabc1865b95059179cce6c6fe499361bd63a03992,070743471d0f0f0f,195,174,7976,74.501886,35.746486,67.564734,exact-d2ac5c9b6564,near-d2ac5c9b6564,quarantine,"MISSING_PROVENANCE:subject_id,session_id,clip_id,device_id"
23c22a89a730a2477612,train/images/1774342220941334.jpg,train,1,,,,,,,,88030e74adfcbf440ed35f4046d0e845191513f7061bb149267b7c1c6f6de79b,0b83322a0b07070f,198,176,8829,72.918302,37.603658,89.211247,exact-5597f81fc742,near-5597f81fc742,quarantine,"MISSING_PROVENANCE:subject_id,session_id,clip_id,device_id"
c4df20269db046f648f1,train/images/17743422209660487.jpg,train,1,,,,,,,,88030e74adfcbf440ed35f4046d0e845191513f7061bb149267b7c1c6f6de79b,0b83322a0b07070f,198,176,8829,72.918302,37.603658,89.211247,exact-5597f81fc742,near-5597f81fc742,quarantine,"MISSING_PROVENANCE:subject_id,session_id,clip_id,device_id"
3e689f711c91649b1ddd,train/images/17743422210341957.jpg,train,1,,,,,,,,153efe840720f8634c919a4441da3069c8db6d81e792613444c59c097c5c70f3,0b03232b0b0f070f,203,181,9375,73.840922,36.768049,74.792523,exact-c08183d66ba0,near-c08183d66ba0,quarantine,"MISSING_PROVENANCE:subject_id,session_id,clip_id,device_id"
5ca3a74123ced6b56f45,train/images/17743422210572083.jpg,train,1,,,,,,,,153efe840720f8634c919a4441da3069c8db6d81e792613444c59c097c5c70f3,0b03232b0b0f070f,203,181,9375,73.840922,36.768049,74.792523,exact-c08183d66ba0,near-c08183d66ba0,quarantine,"MISSING_PROVENANCE:subject_id,session_id,clip_id,device_id"
7d0a8f85c4807e8e513c,train/images/17743422210867846.jpg,train,1,,,,,,,,153efe840720f8634c919a4441da3069c8db6d81e792613444c59c097c5c70f3,0b03232b0b0f070f,203,181,9375,73.840922,36.768049,74.792523,exact-c08183d66ba0,near-c08183d66ba0,quarantine,"MISSING_PROVENANCE:subject_id,session_id,clip_id,device_id"
49919260835bef1d1f7b,train/images/1774342221130726.jpg,train,1,,,,,,,,f317982cc775ddb863efc903518155f60274e2d7beb9aee03913c9f89f1f6117,0b2b2223090d070f,198,176,8586,72.075528,37.303065,70.864002,exact-5c4fded2ec0b,near-5c4fded2ec0b,quarantine,"MISSING_PROVENANCE:subject_id,session_id,clip_id,device_id"
d3f2b0c4572a974b4009,train/images/1774342221147334.jpg,train,1,,,,,,,,f317982cc775ddb863efc903518155f60274e2d7beb9aee03913c9f89f1f6117,0b2b2223090d070f,198,176,8586,72.075528,37.303065,70.864002,exact-5c4fded2ec0b,near-5c4fded2ec0b,quarantine,"MISSING_PROVENANCE:subject_id,session_id,clip_id,device_id"
dfce8f6f861c92ca75a3,train/images/17743422211763358.jpg,train,1,,,,,,,,f317982cc775ddb863efc903518155f60274e2d7beb9aee03913c9f89f1f6117,0b2b2223090d070f,198,176,8586,72.075528,37.303065,70.864002,exact-5c4fded2ec0b,near-5c4fded2ec0b,quarantine,"MISSING_PROVENANCE:subject_id,session_id,clip_id,device_id"
bef0d9fd7bff3bc41851,train/images/17743422212253757.jpg,train,1,,,,,,,,af6b11b8f69dc41c6fea54a06a5d7617fd2efb9376394a3ee0b962d8d51900fc,0b2125250d0f070e,206,183,9370,69.751313,37.962306,83.682436,exact-930249cb5716,near-e5e2080391b8,quarantine,"MISSING_PROVENANCE:subject_id,session_id,clip_id,device_id"
54e796904c20f17fd433,train/images/1774342221249134.jpg,train,1,,,,,,,,af6b11b8f69dc41c6fea54a06a5d7617fd2efb9376394a3ee0b962d8d51900fc,0b2125250d0f070e,206,183,9370,69.751313,37.962306,83.682436,exact-930249cb5716,near-e5e2080391b8,quarantine,"MISSING_PROVENANCE:subject_id,session_id,clip_id,device_id"
fb38938fc9e673bbb93d,train/images/1774342221277607.jpg,train,1,,,,,,,,af6b11b8f69dc41c6fea54a06a5d7617fd2efb9376394a3ee0b962d8d51900fc,0b2125250d0f070e,206,183,9370,69.751313,37.962306,83.682436,exact-930249cb5716,near-e5e2080391b8,quarantine,"MISSING_PROVENANCE:subject_id,session_id,clip_id,device_id"
3519888dba4a8cb29ebb,train/images/17743422213586078.jpg,train,1,,,,,,,,2e07837fb77f5acf3e34d124528dafde39d32bfec13b83889cdf4521344ef228,0ba525250d0f070e,211,188,9869,68.138147,38.260242,84.741748,exact-33339ef05c9c,near-e5e2080391b8,quarantine,"MISSING_PROVENANCE:subject_id,session_id,clip_id,device_id"
1e1c1540abd5eab043ec,train/images/17743422214570425.jpg,train,1,,,,,,,,9cb953dfeb3ff4140cfe146dd6b93a4dfe84009fcb91aadd735366bc96572a46,0b8527270a0f070e,214,190,10154,69.145844,37.795874,88.527022,exact-cb99d6d08ffe,near-e5e2080391b8,quarantine,"MISSING_PROVENANCE:subject_id,session_id,clip_id,device_id"
3c9896d05f819a0a216a,train/images/1774342221472412.jpg,train,1,,,,,,,,9cb953dfeb3ff4140cfe146dd6b93a4dfe84009fcb91aadd735366bc96572a46,0b8527270a0f070e,214,190,10154,69.145844,37.795874,88.527022,exact-cb99d6d08ffe,near-e5e2080391b8,quarantine,"MISSING_PROVENANCE:subject_id,session_id,clip_id,device_id"
63c66f66d99ce71cef99,train/images/17743422215278685.jpg,train,1,,,,,,,,3ac248db86b7f8f3449389a43dc1247f9ccd7f3e924eb5c7d28d2c8a4d431e29,0b8523230e0f070e,216,192,10049,69.116561,38.170753,92.205560,exact-73a7de829e11,near-e5e2080391b8,quarantine,"MISSING_PROVENANCE:subject_id,session_id,clip_id,device_id"
0fb7794f8e3f16201e27,train/images/17743422215472133.jpg,train,1,,,,,,,,3ac248db86b7f8f3449389a43dc1247f9ccd7f3e924eb5c7d28d2c8a4d431e29,0b8523230e0f070e,216,192,10049,69.116561,38.170753,92.205560,exact-73a7de829e11,near-e5e2080391b8,quarantine,"MISSING_PROVENANCE:subject_id,session_id,clip_id,device_id"
7804afaf94fb32fe2c79,train/images/17743422215692859.jpg,train,1,,,,,,,,3ac248db86b7f8f3449389a43dc1247f9ccd7f3e924eb5c7d28d2c8a4d431e29,0b8523230e0f070e,216,192,10049,69.116561,38.170753,92.205560,exact-73a7de829e11,near-e5e2080391b8,quarantine,"MISSING_PROVENANCE:subject_id,session_id,clip_id,device_id"
90f37ee9771bbf5e7ec5,train/images/17743422216277304.jpg,train,1,,,,,,,,63272f660dd9402fd913008cf41b137b997152d26722f7155c6add16e8c2bd01,0b8525270c0f070a,222,198,10631,67.387842,39.217442,97.291148,exact-e190ff30653a,near-e5e2080391b8,quarantine,"MISSING_PROVENANCE:subject_id,session_id,clip_id,device_id"
b38bb020a51917cbf9a1,train/images/177434222165971.jpg,train,1,,,,,,,,63272f660dd9402fd913008cf41b137b997152d26722f7155c6add16e8c2bd01,0b8525270c0f070a,222,198,10631,67.387842,39.217442,97.291148,exact-e190ff30653a,near-e5e2080391b8,quarantine,"MISSING_PROVENANCE:subject_id,session_id,clip_id,device_id"
ca6c02b1c431aafde240,train/images/17743422216868987.jpg,train,1,,,,,,,,63272f660dd9402fd913008cf41b137b997152d26722f7155c6add16e8c2bd01,0b8525270c0f070a,222,198,10631,67.387842,39.217442,97.291148,exact-e190ff30653a,near-e5e2080391b8,quarantine,"MISSING_PROVENANCE:subject_id,session_id,clip_id,device_id"
32c794fbcd5241a66d5c,train/images/1774342221721428.jpg,train,1,,,,,,,,63272f660dd9402fd913008cf41b137b997152d26722f7155c6add16e8c2bd01,0b8525270c0f070a,222,198,10631,67.387842,39.217442,97.291148,exact-e190ff30653a,near-e5e2080391b8,quarantine,"MISSING_PROVENANCE:subject_id,session_id,clip_id,device_id"
498abde5b6b136249c9b,train/images/17743422217478642.jpg,train,1,,,,,,,,c8f78aa26ba8a0a616d8c058d0f038580c9c35fa22bb7bced49118043c9737cf,098525250d0d070a,221,196,10545,68.000600,38.880397,88.375418,exact-3f5dcff3ad6d,near-e5e2080391b8,quarantine,"MISSING_PROVENANCE:subject_id,session_id,clip_id,device_id"
67c04999f84aaebea526,train/images/1774342221777632.jpg,train,1,,,,,,,,c8f78aa26ba8a0a616d8c058d0f038580c9c35fa22bb7bced49118043c9737cf,098525250d0d070a,221,196,10545,68.000600,38.880397,88.375418,exact-3f5dcff3ad6d,near-e5e2080391b8,quarantine,"MISSING_PROVENANCE:subject_id,session_id,clip_id,device_id"
900eda909092423855b6,train/images/17743422219332416.jpg,train,1,,,,,,,,7ed93af4b48afc12cd506fcf56a448c77249ddb4253cf7920bf1ea5d7a014501,0e8622260e0c0c0d,207,184,9835,70.427510,35.315300,86.896436,exact-e8bd696c0af1,near-e8bd696c0af1,quarantine,"MISSING_PROVENANCE:subject_id,session_id,clip_id,device_id"
0c03dca5db78a1eade5d,train/images/17743422219563496.jpg,train,1,,,,,,,,7ed93af4b48afc12cd506fcf56a448c77249ddb4253cf7920bf1ea5d7a014501,0e8622260e0c0c0d,207,184,9835,70.427510,35.315300,86.896436,exact-e8bd696c0af1,near-e8bd696c0af1,quarantine,"MISSING_PROVENANCE:subject_id,session_id,clip_id,device_id"
e206fbbb79b3b71303df,train/images/17743422219897301.jpg,train,1,,,,,,,,7ed93af4b48afc12cd506fcf56a448c77249ddb4253cf7920bf1ea5d7a014501,0e8622260e0c0c0d,207,184,9835,70.427510,35.315300,86.896436,exact-e8bd696c0af1,near-e8bd696c0af1,quarantine,"MISSING_PROVENANCE:subject_id,session_id,clip_id,device_id"
7095d33751ad4e628e80,train/images/17743422220302405.jpg,train,1,,,,,,,,6a6d0776890fde252bdb1b177c2abf668dd51ef882fb8fd8d109cd64f3f5037b,0f062626080a111a,207,184,9617,72.194602,35.329456,73.018873,exact-4055da9dcbf6,near-4055da9dcbf6,quarantine,"MISSING_PROVENANCE:subject_id,session_id,clip_id,device_id"
8f27e6c84a943c6dfe04,train/images/17743422220523422.jpg,train,1,,,,,,,,6a6d0776890fde252bdb1b177c2abf668dd51ef882fb8fd8d109cd64f3f5037b,0f062626080a111a,207,184,9617,72.194602,35.329456,73.018873,exact-4055da9dcbf6,near-4055da9dcbf6,quarantine,"MISSING_PROVENANCE:subject_id,session_id,clip_id,device_id"
e5e1a0e53b8c71e2650c,train/images/1774342222081163.jpg,train,1,,,,,,,,6a6d0776890fde252bdb1b177c2abf668dd51ef882fb8fd8d109cd64f3f5037b,0f062626080a111a,207,184,9617,72.194602,35.329456,73.018873,exact-4055da9dcbf6,near-4055da9dcbf6,quarantine,"MISSING_PROVENANCE:subject_id,session_id,clip_id,device_id"
cbe2a8247b308136afb8,train/images/17743422221107223.jpg,train,1,,,,,,,,6a6d0776890fde252bdb1b177c2abf668dd51ef882fb8fd8d109cd64f3f5037b,0f062626080a111a,207,184,9617,72.194602,35.329456,73.018873,exact-4055da9dcbf6,near-4055da9dcbf6,quarantine,"MISSING_PROVENANCE:subject_id,session_id,clip_id,device_id"
d03a598d7000e47619dd,train/images/17743422221405702.jpg,train,1,,,,,,,,1df6f4ff42f7632edaf76d174aa79b3abc92e58ee8298fb4aa945f11347545eb,1f27232609090409,193,171,9014,77.988365,34.190244,72.858693,exact-493b21f12566,near-493b21f12566,quarantine,"MISSING_PROVENANCE:subject_id,session_id,clip_id,device_id"
014b59aed329c6b008cd,train/images/17743422221693635.jpg,train,1,,,,,,,,1df6f4ff42f7632edaf76d174aa79b3abc92e58ee8298fb4aa945f11347545eb,1f27232609090409,193,171,9014,77.988365,34.190244,72.858693,exact-493b21f12566,near-493b21f12566,quarantine,"MISSING_PROVENANCE:subject_id,session_id,clip_id,device_id"
92f57d85519bd123e187,train/images/17743422222350407.jpg,train,1,,,,,,,,5b6b26c51348663ab8f4b97c41a28429a3c428c44854787369bbcf7d363526e5,1f272327290b0b0d,191,170,8231,80.731383,31.748233,68.266930,exact-1951b3ff8986,near-1951b3ff8986,quarantine,"MISSING_PROVENANCE:subject_id,session_id,clip_id,device_id"
3da417579fbe5a19872c,train/images/1774342222257143.jpg,train,1,,,,,,,,5b6b26c51348663ab8f4b97c41a28429a3c428c44854787369bbcf7d363526e5,1f272327290b0b0d,191,170,8231,80.731383,31.748233,68.266930,exact-1951b3ff8986,near-1951b3ff8986,quarantine,"MISSING_PROVENANCE:subject_id,session_id,clip_id,device_id"
4e6accb722e1e798f106,train/images/17743422222873683.jpg,train,1,,,,,,,,5b6b26c51348663ab8f4b97c41a28429a3c428c44854787369bbcf7d363526e5,1f272327290b0b0d,191,170,8231,80.731383,31.748233,68.266930,exact-1951b3ff8986,near-1951b3ff8986,quarantine,"MISSING_PROVENANCE:subject_id,session_id,clip_id,device_id"
167438d62b689bb21a59,train/images/1774342222331199.jpg,train,1,,,,,,,,1038a79699640c664e56c71079ad1ca366cc5904f4ead6d626fdab0ecfe1b04e,1f2723270d09030a,193,171,8963,80.479169,31.969094,79.155196,exact-ce9a5c91e7ae,near-883601825963,quarantine,"MISSING_PROVENANCE:subject_id,session_id,clip_id,device_id"
47093e4d6f84e3e5571f,train/images/177434222235833.jpg,train,1,,,,,,,,1038a79699640c664e56c71079ad1ca366cc5904f4ead6d626fdab0ecfe1b04e,1f2723270d09030a,193,171,8963,80.479169,31.969094,79.155196,exact-ce9a5c91e7ae,near-883601825963,quarantine,"MISSING_PROVENANCE:subject_id,session_id,clip_id,device_id"
6bfed379754d09ef8f05,train/images/17743422223888886.jpg,train,1,,,,,,,,1038a79699640c664e56c71079ad1ca366cc5904f4ead6d626fdab0ecfe1b04e,1f2723270d09030a,193,171,8963,80.479169,31.969094,79.155196,exact-ce9a5c91e7ae,near-883601825963,quarantine,"MISSING_PROVENANCE:subject_id,session_id,clip_id,device_id"
2676fef2df1a1542872c,train/images/17743422224286692.jpg,train,1,,,,,,,,be9951a26266054f667676479c6d5919aa0ca0b2f9ea20a152443d3ea27d58ef,0d2723272d090302,193,171,9046,79.796049,32.302071,90.101743,exact-765abf5fa69b,near-883601825963,quarantine,"MISSING_PROVENANCE:subject_id,session_id,clip_id,device_id"
a87d4108bf94f7c4fc96,train/images/17743422224504523.jpg,train,1,,,,,,,,be9951a26266054f667676479c6d5919aa0ca0b2f9ea20a152443d3ea27d58ef,0d2723272d090302,193,171,9046,79.796049,32.302071,90.101743,exact-765abf5fa69b,near-883601825963,quarantine,"MISSING_PROVENANCE:subject_id,session_id,clip_id,device_id"
b832101ccf884386bcbc,train/images/17743422224954996.jpg,train,1,,,,,,,,be9951a26266054f667676479c6d5919aa0ca0b2f9ea20a152443d3ea27d58ef,0d2723272d090302,193,171,9046,79.796049,32.302071,90.101743,exact-765abf5fa69b,near-883601825963,quarantine,"MISSING_PROVENANCE:subject_id,session_id,clip_id,device_id"
4025a5c1bad2a274f22e,train/images/17743422225374231.jpg,train,1,,,,,,,,e0e1dd5d8ab796bb0da7a2507a026c9df1f983b6cd3448a8ee6e46a214737ca2,0f2723270d09030a,195,174,9012,78.997907,32.854902,89.201952,exact-777821f81088,near-883601825963,quarantine,"MISSING_PROVENANCE:subject_id,session_id,clip_id,device_id"
681eabf262c6abf25b07,train/images/17743422226344664.jpg,train,1,,,,,,,,c81e27a52a303e5ec001a0ef9be668a2f00ba08f2bfbb1c17cf5d05d4d04df68,0d2723272d09030a,193,171,8924,79.909463,32.309067,84.596291,exact-9624ae13bb35,near-883601825963,quarantine,"MISSING_PROVENANCE:subject_id,session_id,clip_id,device_id"
c9bd8e0a2679a116da13,train/images/17743422226601443.jpg,train,1,,,,,,,,c81e27a52a303e5ec001a0ef9be668a2f00ba08f2bfbb1c17cf5d05d4d04df68,0d2723272d09030a,193,171,8924,79.909463,32.309067,84.596291,exact-9624ae13bb35,near-883601825963,quarantine,"MISSING_PROVENANCE:subject_id,session_id,clip_id,device_id"
3f2275671e6605567abf,train/images/17743422226938431.jpg,train,1,,,,,,,,c81e27a52a303e5ec001a0ef9be668a2f00ba08f2bfbb1c17cf5d05d4d04df68,0d2723272d09030a,193,171,8924,79.909463,32.309067,84.596291,exact-9624ae13bb35,near-883601825963,quarantine,"MISSING_PROVENANCE:subject_id,session_id,clip_id,device_id"
b2d8d132638dbdfc0e5a,train/images/17743422227332277.jpg,train,1,,,,,,,,8925d9b4ec487c9e02bb64f38b3b9c81e9ef003e8b62a97b9d7438adc80d53fe,0f2723270d0d030a,202,180,9605,77.703795,32.746964,90.669065,exact-180d82f2315a,near-883601825963,quarantine,"MISSING_PROVENANCE:subject_id,session_id,clip_id,device_id"
0d923675802c6a687d41,train/images/17743422227528741.jpg,train,1,,,,,,,,8925d9b4ec487c9e02bb64f38b3b9c81e9ef003e8b62a97b9d7438adc80d53fe,0f2723270d0d030a,202,180,9605,77.703795,32.746964,90.669065,exact-180d82f2315a,near-883601825963,quarantine,"MISSING_PROVENANCE:subject_id,session_id,clip_id,device_id"
1ef50074b9bec88aab42,train/images/17743422227770293.jpg,train,1,,,,,,,,8925d9b4ec487c9e02bb64f38b3b9c81e9ef003e8b62a97b9d7438adc80d53fe,0f2723270d0d030a,202,180,9605,77.703795,32.746964,90.669065,exact-180d82f2315a,near-883601825963,quarantine,"MISSING_PROVENANCE:subject_id,session_id,clip_id,device_id"
7e3043b86435fd8605e1,train/images/17743422228426816.jpg,train,1,,,,,,,,acb7a975b551dc7b4a05114f657e4cce5cdeec603706ca98ebb72d343862aeaa,1f2727270b0f0503,203,181,9501,76.115287,32.823632,90.320028,exact-c153e7e72e42,near-d6b1e3bf3af6,quarantine,"MISSING_PROVENANCE:subject_id,session_id,clip_id,device_id"
941e1d95a91072565b5d,train/images/17743422229171877.jpg,train,1,,,,,,,,acb7a975b551dc7b4a05114f657e4cce5cdeec603706ca98ebb72d343862aeaa,1f2727270b0f0503,203,181,9501,76.115287,32.823632,90.320028,exact-c153e7e72e42,near-d6b1e3bf3af6,quarantine,"MISSING_PROVENANCE:subject_id,session_id,clip_id,device_id"
e2183315cd82e5f762f7,train/images/17743422230623364.jpg,train,1,,,,,,,,0e78a80ce474c979afc216b4bec77a828a6dfef9c3701d60fa3cfe904baa190c,0f0727270b0f070c,205,182,9552,71.946341,33.726796,99.383894,exact-85107918176a,near-d6b1e3bf3af6,quarantine,"MISSING_PROVENANCE:subject_id,session_id,clip_id,device_id"
5aaed92ade61f0667324,train/images/17743422230904288.jpg,train,1,,,,,,,,0e78a80ce474c979afc216b4bec77a828a6dfef9c3701d60fa3cfe904baa190c,0f0727270b0f070c,205,182,9552,71.946341,33.726796,99.383894,exact-85107918176a,near-d6b1e3bf3af6,quarantine,"MISSING_PROVENANCE:subject_id,session_id,clip_id,device_id"
55fc1538fb693a81a5b0,train/images/17743422231519725.jpg,train,1,,,,,,,,7749cf6b7902516585c274e58267021f6c85e2583d7c13f0c88a0d00bd136fde,1f07272f0b0f070c,206,183,9265,71.836437,33.775325,98.535152,exact-d549bf11dbb2,near-d6b1e3bf3af6,quarantine,"MISSING_PROVENANCE:subject_id,session_id,clip_id,device_id"
174f56f180fa64a0ba09,train/images/17743422231798863.jpg,train,1,,,,,,,,7749cf6b7902516585c274e58267021f6c85e2583d7c13f0c88a0d00bd136fde,1f07272f0b0f070c,206,183,9265,71.836437,33.775325,98.535152,exact-d549bf11dbb2,near-d6b1e3bf3af6,quarantine,"MISSING_PROVENANCE:subject_id,session_id,clip_id,device_id"
ed67f5295331cfb3a0ba,train/images/17743422232405522.jpg,train,1,,,,,,,,2307c075bd8971b285a53257c2c432a6d482e1789ee61a8f153f1334fdb72e05,1f07272f0b0f070c,207,184,9633,71.692475,34.044420,99.398054,exact-7ec864fb4153,near-d6b1e3bf3af6,quarantine,"MISSING_PROVENANCE:subject_id,session_id,clip_id,device_id"
ca0134b7d8d2bfcac4b9,train/images/17743422232603848.jpg,train,1,,,,,,,,2307c075bd8971b285a53257c2c432a6d482e1789ee61a8f153f1334fdb72e05,1f07272f0b0f070c,207,184,9633,71.692475,34.044420,99.398054,exact-7ec864fb4153,near-d6b1e3bf3af6,quarantine,"MISSING_PROVENANCE:subject_id,session_id,clip_id,device_id"
43d4f7ae5f5f853478be,train/images/17743422232841578.jpg,train,1,,,,,,,,2307c075bd8971b285a53257c2c432a6d482e1789ee61a8f153f1334fdb72e05,1f07272f0b0f070c,207,184,9633,71.692475,34.044420,99.398054,exact-7ec864fb4153,near-d6b1e3bf3af6,quarantine,"MISSING_PROVENANCE:subject_id,session_id,clip_id,device_id"
26a391a71a7058de6d06,train/images/17743422233029153.jpg,train,1,,,,,,,,2307c075bd8971b285a53257c2c432a6d482e1789ee61a8f153f1334fdb72e05,1f07272f0b0f070c,207,184,9633,71.692475,34.044420,99.398054,exact-7ec864fb4153,near-d6b1e3bf3af6,quarantine,"MISSING_PROVENANCE:subject_id,session_id,clip_id,device_id"
cead48304dc1862f3433,train/images/17743422233403556.jpg,train,1,,,,,,,,54672a5f55ff8baec606cd3196fb3e176a7d879805b1f8aefa76c92fa5eb625f,1f07672f0b0f070d,205,182,9539,72.512651,33.679800,95.517964,exact-0ff7c0c4c9b0,near-d6b1e3bf3af6,quarantine,"MISSING_PROVENANCE:subject_id,session_id,clip_id,device_id"
6d149ac1ebfaade25aa6,train/images/17743422234696693.jpg,train,1,,,,,,,,5dc12a56c282405c507eacb67a361c00517f507c97438292ca371bfc373cf5e0,1f07272f0b0f070c,205,182,9426,72.440767,33.753844,97.794322,exact-f7baaac75f1d,near-d6b1e3bf3af6,quarantine,"MISSING_PROVENANCE:subject_id,session_id,clip_id,device_id"
c84d59f0b66a331cdc20,train/images/17743422234849007.jpg,train,1,,,,,,,,5dc12a56c282405c507eacb67a361c00517f507c97438292ca371bfc373cf5e0,1f07272f0b0f070c,205,182,9426,72.440767,33.753844,97.794322,exact-f7baaac75f1d,near-d6b1e3bf3af6,quarantine,"MISSING_PROVENANCE:subject_id,session_id,clip_id,device_id"
4095a1968d1868b083c8,train/images/17743422235608044.jpg,train,1,,,,,,,,a321683899d3331cfd3c1aaac6d90c1333359097dbd6cc622a2b33b8cb14ba6c,1f07272f0b0f070c,205,182,9394,72.367971,33.745215,93.470257,exact-9bfc03eaf49e,near-d6b1e3bf3af6,quarantine,"MISSING_PROVENANCE:subject_id,session_id,clip_id,device_id"
0c77b801bae3fe156e6d,train/images/17743422235936017.jpg,train,1,,,,,,,,a321683899d3331cfd3c1aaac6d90c1333359097dbd6cc622a2b33b8cb14ba6c,1f07272f0b0f070c,205,182,9394,72.367971,33.745215,93.470257,exact-9bfc03eaf49e,near-d6b1e3bf3af6,quarantine,"MISSING_PROVENANCE:subject_id,session_id,clip_id,device_id"
9d3092adb21fd823c647,train/images/17743422236419623.jpg,train,1,,,,,,,,c40276630adb301367e03279c196b9ea9cab945cf20f693fa4f815d55940c091,1f07272e0b0f070c,203,181,9263,72.543559,33.869587,95.679605,exact-892a75ce98e7,near-d6b1e3bf3af6,quarantine,"MISSING_PROVENANCE:subject_id,session_id,clip_id,device_id"
3c627e00b8f778275c7d,train/images/17743422236709807.jpg,train,1,,,,,,,,c40276630adb301367e03279c196b9ea9cab945cf20f693fa4f815d55940c091,1f07272e0b0f070c,203,181,9263,72.543559,33.869587,95.679605,exact-892a75ce98e7,near-d6b1e3bf3af6,quarantine,"MISSING_PROVENANCE:subject_id,session_id,clip_id,device_id"
eb2e135695d95ca4388e,train/images/17743422236987443.jpg,train,1,,,,,,,,c40276630adb301367e03279c196b9ea9cab945cf20f693fa4f815d55940c091,1f07272e0b0f070c,203,181,9263,72.543559,33.869587,95.679605,exact-892a75ce98e7,near-d6b1e3bf3af6,quarantine,"MISSING_PROVENANCE:subject_id,session_id,clip_id,device_id"
cd981a695c61006a5193,train/images/1774342223731181.jpg,train,1,,,,,,,,c40276630adb301367e03279c196b9ea9cab945cf20f693fa4f815d55940c091,1f07272e0b0f070c,203,181,9263,72.543559,33.869587,95.679605,exact-892a75ce98e7,near-d6b1e3bf3af6,quarantine,"MISSING_PROVENANCE:subject_id,session_id,clip_id,device_id"
683d8f58729812349870,train/images/17743422237573164.jpg,train,1,,,,,,,,5a4af25b8bbfb871580e28737e22f927be46f83197ed9fdcab934a31b9e4bff2,1f07272e0b0f070c,203,181,9275,72.551697,33.946547,94.376904,exact-a80160fa69dc,near-d6b1e3bf3af6,quarantine,"MISSING_PROVENANCE:subject_id,session_id,clip_id,device_id"
d263955886636a76cd5b,train/images/17743422237852995.jpg,train,1,,,,,,,,5a4af25b8bbfb871580e28737e22f927be46f83197ed9fdcab934a31b9e4bff2,1f07272e0b0f070c,203,181,9275,72.551697,33.946547,94.376904,exact-a80160fa69dc,near-d6b1e3bf3af6,quarantine,"MISSING_PROVENANCE:subject_id,session_id,clip_id,device_id"
1d1e9fecf55a6a54d0b7,train/images/1774342223835264.jpg,train,1,,,,,,,,25da67cc564cbb6a236fda896aee106c421b4515a4a51fd3d0c4ce80e1897949,0f07272e0b0f0704,205,182,9209,72.318976,34.148818,96.664186,exact-0cbf5a18426e,near-d6b1e3bf3af6,quarantine,"MISSING_PROVENANCE:subject_id,session_id,clip_id,device_id"
e31d3bd35048c001b1b5,train/images/17743422238625104.jpg,train,1,,,,,,,,25da67cc564cbb6a236fda896aee106c421b4515a4a51fd3d0c4ce80e1897949,0f07272e0b0f0704,205,182,9209,72.318976,34.148818,96.664186,exact-0cbf5a18426e,near-d6b1e3bf3af6,quarantine,"MISSING_PROVENANCE:subject_id,session_id,clip_id,device_id"
dd5096f640d1d9e1f179,train/images/17743422238808143.jpg,train,1,,,,,,,,25da67cc564cbb6a236fda896aee106c421b4515a4a51fd3d0c4ce80e1897949,0f07272e0b0f0704,205,182,9209,72.318976,34.148818,96.664186,exact-0cbf5a18426e,near-d6b1e3bf3af6,quarantine,"MISSING_PROVENANCE:subject_id,session_id,clip_id,device_id"
c16dfe36e45182dcd8c4,train/images/17743422239554071.jpg,train,1,,,,,,,,b49e832ea0bb223ed804fa8ecabe31fbf7e5cc57de052bd01f3c8ae188cf8d0b,1f07272e0b0f0704,206,183,9163,72.207438,34.371636,96.741682,exact-0d6c90d0f8fd,near-d6b1e3bf3af6,quarantine,"MISSING_PROVENANCE:subject_id,session_id,clip_id,device_id"
1c323ec790b46a0fc94c,train/images/17743422239824665.jpg,train,1,,,,,,,,b49e832ea0bb223ed804fa8ecabe31fbf7e5cc57de052bd01f3c8ae188cf8d0b,1f07272e0b0f0704,206,183,9163,72.207438,34.371636,96.741682,exact-0d6c90d0f8fd,near-d6b1e3bf3af6,quarantine,"MISSING_PROVENANCE:subject_id,session_id,clip_id,device_id"
24ac24e73f5155f59050,train/images/1774342224013661.jpg,train,1,,,,,,,,b49e832ea0bb223ed804fa8ecabe31fbf7e5cc57de052bd01f3c8ae188cf8d0b,1f07272e0b0f0704,206,183,9163,72.207438,34.371636,96.741682,exact-0d6c90d0f8fd,near-d6b1e3bf3af6,quarantine,"MISSING_PROVENANCE:subject_id,session_id,clip_id,device_id"
9cab1acbab636212e518,train/images/17743422240419872.jpg,train,1,,,,,,,,e71e6486e5a62b96c7c157b8d159835a402393cf1f79aa1271b82f0ed42858b7,0f07472e0b0f0706,203,181,9214,72.686335,34.732455,90.816272,exact-53fa3fcc40a2,near-d6b1e3bf3af6,quarantine,"MISSING_PROVENANCE:subject_id,session_id,clip_id,device_id"
8283dfec22bae7899da8,train/images/17743422241406991.jpg,train,1,,,,,,,,76eaf5f3e2453172bcddf573ece5f4ccb963a239c31ea90e72348de8028574d7,1f07474b490f0d03,179,159,7089,77.253891,32.054860,55.092194,exact-31835f1ef0c2,near-bcdc1f9253a1,quarantine,"MISSING_PROVENANCE:subject_id,session_id,clip_id,device_id"
79039885a06a9e0d4d0e,train/images/1774342224235251.jpg,train,1,,,,,,,,409c7aa8a7fd9942bfae91d8831b0bd985e52923fb5bce4f66c3f56def431a4d,1e074743490b0f02,183,163,7678,73.635623,33.340456,69.485956,exact-8f6f469e69e1,near-bcdc1f9253a1,quarantine,"MISSING_PROVENANCE:subject_id,session_id,clip_id,device_id"
65c9a1dba5ee08208e10,train/images/17743422242694175.jpg,train,1,,,,,,,,409c7aa8a7fd9942bfae91d8831b0bd985e52923fb5bce4f66c3f56def431a4d,1e074743490b0f02,183,163,7678,73.635623,33.340456,69.485956,exact-8f6f469e69e1,near-bcdc1f9253a1,quarantine,"MISSING_PROVENANCE:subject_id,session_id,clip_id,device_id"
3a6646bc2ab9314646c5,train/images/17743422243850954.jpg,train,1,,,,,,,,21d704677a59cc531bffa1e3ed99acfcbb4af7e3211a6e4502387a1abe2114c5,0f07434b490f0b02,176,157,7163,73.532680,32.861396,73.138344,exact-ecef74c11601,near-bcdc1f9253a1,quarantine,"MISSING_PROVENANCE:subject_id,session_id,clip_id,device_id"
98ada850400381b17150,train/images/17743422244160116.jpg,train,1,,,,,,,,21d704677a59cc531bffa1e3ed99acfcbb4af7e3211a6e4502387a1abe2114c5,0f07434b490f0b02,176,157,7163,73.532680,32.861396,73.138344,exact-ecef74c11601,near-bcdc1f9253a1,quarantine,"MISSING_PROVENANCE:subject_id,session_id,clip_id,device_id"
2bf2465ebffcb29351e4,train/images/17743422244471588.jpg,train,1,,,,,,,,26edc42adf8dfb6987aee85c17cfee9c7daa3382679da9bee89a286a3c566200,0f074343490f0b02,179,159,7489,71.488634,33.692942,83.792568,exact-ccb11a2f4df0,near-bcdc1f9253a1,quarantine,"MISSING_PROVENANCE:subject_id,session_id,clip_id,device_id"
f56afd6acf6ec0e9d5b1,train/images/17743422244732294.jpg,train,1,,,,,,,,26edc42adf8dfb6987aee85c17cfee9c7daa3382679da9bee89a286a3c566200,0f074343490f0b02,179,159,7489,71.488634,33.692942,83.792568,exact-ccb11a2f4df0,near-bcdc1f9253a1,quarantine,"MISSING_PROVENANCE:subject_id,session_id,clip_id,device_id"
499d2975f11600d7cca6,train/images/17743422244919658.jpg,train,1,,,,,,,,26edc42adf8dfb6987aee85c17cfee9c7daa3382679da9bee89a286a3c566200,0f074343490f0b02,179,159,7489,71.488634,33.692942,83.792568,exact-ccb11a2f4df0,near-bcdc1f9253a1,quarantine,"MISSING_PROVENANCE:subject_id,session_id,clip_id,device_id"
70366c2cb6f35dd56a99,train/images/17743422245411718.jpg,train,1,,,,,,,,b07e3936cb57445ec54e8e07b265f32327d47f0f41448c4945a51054b7346899,1f074343490b0b02,174,154,7143,72.830310,32.915311,78.560531,exact-02b7171ccaaf,near-bcdc1f9253a1,quarantine,"MISSING_PROVENANCE:subject_id,session_id,clip_id,device_id"
6a2e02887b462fd44dea,train/images/1774342224560997.jpg,train,1,,,,,,,,b07e3936cb57445ec54e8e07b265f32327d47f0f41448c4945a51054b7346899,1f074343490b0b02,174,154,7143,72.830310,32.915311,78.560531,exact-02b7171ccaaf,near-bcdc1f9253a1,quarantine,"MISSING_PROVENANCE:subject_id,session_id,clip_id,device_id"
13a279618fe46f3fab0f,train/images/17743422246537256.jpg,train,1,,,,,,,,ef28ed7d2b5a06e97a53b68fdcf812f32e8c1c891b075b3b1af79a74179a3b1f,1f070343590b0b02,171,152,6799,73.311904,32.565160,75.842287,exact-3140cf967c90,near-bcdc1f9253a1,quarantine,"MISSING_PROVENANCE:subject_id,session_id,clip_id,device_id"
02443ea0ab17b8b16cdc,train/images/1774342224684451.jpg,train,1,,,,,,,,ef28ed7d2b5a06e97a53b68fdcf812f32e8c1c891b075b3b1af79a74179a3b1f,1f070343590b0b02,171,152,6799,73.311904,32.565160,75.842287,exact-3140cf967c90,near-bcdc1f9253a1,quarantine,"MISSING_PROVENANCE:subject_id,session_id,clip_id,device_id"
bd40b5003b45fff32575,train/images/17743422247568069.jpg,train,1,,,,,,,,5034c51f81c84beff52c1e1dcce61c7f241917df485beb2ac134f3aed9ab0c69,1f070743590b0b02,172,153,7010,72.382201,33.147872,83.087814,exact-6709bd9555f0,near-bcdc1f9253a1,quarantine,"MISSING_PROVENANCE:subject_id,session_id,clip_id,device_id"
1d9d4c0bc5fa80dac1e4,train/images/17743422247843847.jpg,train,1,,,,,,,,5034c51f81c84beff52c1e1dcce61c7f241917df485beb2ac134f3aed9ab0c69,1f070743590b0b02,172,153,7010,72.382201,33.147872,83.087814,exact-6709bd9555f0,near-bcdc1f9253a1,quarantine,"MISSING_PROVENANCE:subject_id,session_id,clip_id,device_id"
69277044b510e6c7d4db,train/images/1774342224843226.jpg,train,1,,,,,,,,361368a44315f3281dfdf42f2c33f498274bf2546d0e829487bde53d0d60578e,0f070743590b0b02,172,153,6907,72.066005,33.209990,75.279278,exact-14a35d285c12,near-bcdc1f9253a1,quarantine,"MISSING_PROVENANCE:subject_id,session_id,clip_id,device_id"
d664d5864f7aed4a2a9f,train/images/17743422248682594.jpg,train,1,,,,,,,,361368a44315f3281dfdf42f2c33f498274bf2546d0e829487bde53d0d60578e,0f070743590b0b02,172,153,6907,72.066005,33.209990,75.279278,exact-14a35d285c12,near-bcdc1f9253a1,quarantine,"MISSING_PROVENANCE:subject_id,session_id,clip_id,device_id"
fa2f8787b460f927c410,train/images/17743422248996506.jpg,train,1,,,,,,,,361368a44315f3281dfdf42f2c33f498274bf2546d0e829487bde53d0d60578e,0f070743590b0b02,172,153,6907,72.066005,33.209990,75.279278,exact-14a35d285c12,near-bcdc1f9253a1,quarantine,"MISSING_PROVENANCE:subject_id,session_id,clip_id,device_id"
5a67c6fee771589bfc2c,train/images/1774342224936915.jpg,train,1,,,,,,,,3bd814f440bfcedc69d854415691f580aa19d4cac55a1ef3fc094c14e52a0de2,1f070743190b0b02,168,150,6498,73.248095,32.242141,68.398588,exact-3ff758eb3eb6,near-bcdc1f9253a1,quarantine,"MISSING_PROVENANCE:subject_id,session_id,clip_id,device_id"
42f20f2c9b14e932d5db,train/images/1774342225053462.jpg,train,1,,,,,,,,5d0f520be0f54a549f7b4fe0d34fd1d533f97b7a23ce05a4489f9af740c6f984,1f070743190b0b02,167,148,6455,73.961442,31.635590,62.204491,exact-607e37279a0b,near-bcdc1f9253a1,quarantine,"MISSING_PROVENANCE:subject_id,session_id,clip_id,device_id"
49e0257904cdc8d55b89,train/images/17743422250828137.jpg,train,1,,,,,,,,5d0f520be0f54a549f7b4fe0d34fd1d533f97b7a23ce05a4489f9af740c6f984,1f070743190b0b02,167,148,6455,73.961442,31.635590,62.204491,exact-607e37279a0b,near-bcdc1f9253a1,quarantine,"MISSING_PROVENANCE:subject_id,session_id,clip_id,device_id"
272ffe55db3afee8edb7,train/images/17743422251437588.jpg,train,1,,,,,,,,9f0e74bf5cc0aab63146447e4789bb641baf64d03a6801da65e6bae029ffd4f3,1f07474b490f0b02,167,148,6041,73.635944,30.394753,48.611933,exact-c34118212817,near-bcdc1f9253a1,quarantine,"MISSING_PROVENANCE:subject_id,session_id,clip_id,device_id"
20b525678d457423fd22,train/images/17743422251642525.jpg,train,1,,,,,,,,9f0e74bf5cc0aab63146447e4789bb641baf64d03a6801da65e6bae029ffd4f3,1f07474b490f0b02,167,148,6041,73.635944,30.394753,48.611933,exact-c34118212817,near-bcdc1f9253a1,quarantine,"MISSING_PROVENANCE:subject_id,session_id,clip_id,device_id"
de9a474fefdaa3062367,train/images/1774342225189585.jpg,train,1,,,,,,,,9f0e74bf5cc0aab63146447e4789bb641baf64d03a6801da65e6bae029ffd4f3,1f07474b490f0b02,167,148,6041,73.635944,30.394753,48.611933,exact-c34118212817,near-bcdc1f9253a1,quarantine,"MISSING_PROVENANCE:subject_id,session_id,clip_id,device_id"
a1c3cabecbc84aa22126,train/images/17743422254369085.jpg,train,1,,,,,,,,1cf85dd8e67e4be0c1ee40a8dcf724ba989d94b5a35f9ba55bf1fb131db9a76d,8f07474b0f071fba,199,177,8755,69.197399,36.580666,53.365367,exact-d28f67525caf,near-9152d346fc25,quarantine,"MISSING_PROVENANCE:subject_id,session_id,clip_id,device_id"
945ce876771f2332a886,train/images/17743422254619129.jpg,train,1,,,,,,,,1cf85dd8e67e4be0c1ee40a8dcf724ba989d94b5a35f9ba55bf1fb131db9a76d,8f07474b0f071fba,199,177,8755,69.197399,36.580666,53.365367,exact-d28f67525caf,near-9152d346fc25,quarantine,"MISSING_PROVENANCE:subject_id,session_id,clip_id,device_id"
38ebdf4db1f63b0baa18,train/images/17743422254910755.jpg,train,1,,,,,,,,1cf85dd8e67e4be0c1ee40a8dcf724ba989d94b5a35f9ba55bf1fb131db9a76d,8f07474b0f071fba,199,177,8755,69.197399,36.580666,53.365367,exact-d28f67525caf,near-9152d346fc25,quarantine,"MISSING_PROVENANCE:subject_id,session_id,clip_id,device_id"
478a37e4213fa9678a9c,train/images/17743422255472376.jpg,train,1,,,,,,,,5e444736ca57817222df6e5a85190d623c28c277b2aaa8dab35a2b3f1ba75b7f,8f87076b0f070daa,195,174,9037,70.553876,37.068193,69.050673,exact-d960a8f3c3ed,near-9152d346fc25,quarantine,"MISSING_PROVENANCE:subject_id,session_id,clip_id,device_id"
bf99da374098f66b61b0,train/images/17743422256242247.jpg,train,1,,,,,,,,5e444736ca57817222df6e5a85190d623c28c277b2aaa8dab35a2b3f1ba75b7f,8f87076b0f070daa,195,174,9037,70.553876,37.068193,69.050673,exact-d960a8f3c3ed,near-9152d346fc25,quarantine,"MISSING_PROVENANCE:subject_id,session_id,clip_id,device_id"
5f10b22b00b23317bb1a,train/images/17743422257090194.jpg,train,1,,,,,,,,2791e0a02e1f505e7442aec39b806b9a5ad9321135ea7555726a2e31e23b3805,8f87474b0f070fba,202,180,9502,70.576540,36.940485,68.996425,exact-774f9ee40100,near-9152d346fc25,quarantine,"MISSING_PROVENANCE:subject_id,session_id,clip_id,device_id"
5fedbe740da6fb72bd74,train/images/17743422257384784.jpg,train,1,,,,,,,,3c82a0ae992aaa907f79a5076b85425098a710111ee45c3a5687eeeea0e2af26,9f8f070b0f070fb8,207,184,9661,70.165170,37.164530,83.106881,exact-e0d555ea665d,near-9152d346fc25,quarantine,"MISSING_PROVENANCE:subject_id,session_id,clip_id,device_id"
7aa1889e7ab1a3c032c7,train/images/17743422258349013.jpg,train,1,,,,,,,,f8c3746ec107423cbb236096c53ef86170c09b92eae2c40fbefba54fd249ea61,8f87070b0f070fbc,207,184,9638,70.778670,37.055338,79.464839,exact-721216b2bc45,near-9152d346fc25,quarantine,"MISSING_PROVENANCE:subject_id,session_id,clip_id,device_id"
e88de63ff196f66f0472,train/images/17743422258655758.jpg,train,1,,,,,,,,f8c3746ec107423cbb236096c53ef86170c09b92eae2c40fbefba54fd249ea61,8f87070b0f070fbc,207,184,9638,70.778670,37.055338,79.464839,exact-721216b2bc45,near-9152d346fc25,quarantine,"MISSING_PROVENANCE:subject_id,session_id,clip_id,device_id"
94eb60ddbb0a828862fc,train/images/17743422259497669.jpg,train,1,,,,,,,,4f3a7f5066af5af30109f7cb9ccf0fdbe0fb675f30f65d3a6d444d27c542e619,9f87072b0e070fbc,213,189,9901,69.504111,37.612930,71.832302,exact-05db80adc979,near-9152d346fc25,quarantine,"MISSING_PROVENANCE:subject_id,session_id,clip_id,device_id"
7378795cb38cd0212630,train/images/17743422259781148.jpg,train,1,,,,,,,,4f3a7f5066af5af30109f7cb9ccf0fdbe0fb675f30f65d3a6d444d27c542e619,9f87072b0e070fbc,213,189,9901,69.504111,37.612930,71.832302,exact-05db80adc979,near-9152d346fc25,quarantine,"MISSING_PROVENANCE:subject_id,session_id,clip_id,device_id"
a3bda24eae4edfb2dff9,train/images/17743422260402815.jpg,train,1,,,,,,,,4f3a7f5066af5af30109f7cb9ccf0fdbe0fb675f30f65d3a6d444d27c542e619,9f87072b0e070fbc,213,189,9901,69.504111,37.612930,71.832302,exact-05db80adc979,near-9152d346fc25,quarantine,"MISSING_PROVENANCE:subject_id,session_id,clip_id,device_id"
70974cccdd7a7d63949d,train/images/17743422262345939.jpg,train,1,,,,,,,,7e7b08da45465dbae58b0f749b1e185e7badb8bb7185ce08444e2f80b813f1ae,4c8723270a0f0706,226,201,10631,58.998547,34.218771,94.929119,exact-e240b95c980c,near-d6b1e3bf3af6,quarantine,"MISSING_PROVENANCE:subject_id,session_id,clip_id,device_id"
fbaaed779d39246b9e58,train/images/1774342226259664.jpg,train,1,,,,,,,,7e7b08da45465dbae58b0f749b1e185e7badb8bb7185ce08444e2f80b813f1ae,4c8723270a0f0706,226,201,10631,58.998547,34.218771,94.929119,exact-e240b95c980c,near-d6b1e3bf3af6,quarantine,"MISSING_PROVENANCE:subject_id,session_id,clip_id,device_id"
377e7df0035e0acbfac7,train/images/17743422263504803.jpg,train,1,,,,,,,,8869ebf14bcb52112a2a4bd700540ade28f0511e91c1514b5fe6d13e5655b5c9,468723230b0f0f06,221,196,10112,64.696532,37.176100,91.499660,exact-cd0d2f04533f,near-d6b1e3bf3af6,quarantine,"MISSING_PROVENANCE:subject_id,session_id,clip_id,device_id"
0697e7777b066fb8d8d1,train/images/17743422263747635.jpg,train,1,,,,,,,,8869ebf14bcb52112a2a4bd700540ade28f0511e91c1514b5fe6d13e5655b5c9,468723230b0f0f06,221,196,10112,64.696532,37.176100,91.499660,exact-cd0d2f04533f,near-d6b1e3bf3af6,quarantine,"MISSING_PROVENANCE:subject_id,session_id,clip_id,device_id"
a3c4a5fa11397fbb53eb,train/images/17743422264612515.jpg,train,1,,,,,,,,3868010c80c6442e60f3a66913770db4b0a7ccad7448f57446c14755eee67d18,070723031b1a1f0f,205,182,8909,70.981453,35.515328,69.091055,exact-5c1f90232a5c,near-3426653b7cea,quarantine,"MISSING_PROVENANCE:subject_id,session_id,clip_id,device_id"
03136d31ef27826b80c9,train/images/17743422265258257.jpg,train,1,,,,,,,,3868010c80c6442e60f3a66913770db4b0a7ccad7448f57446c14755eee67d18,070723031b1a1f0f,205,182,8909,70.981453,35.515328,69.091055,exact-5c1f90232a5c,near-3426653b7cea,quarantine,"MISSING_PROVENANCE:subject_id,session_id,clip_id,device_id"
c6c08cf6a105c297af44,train/images/17743422265527813.jpg,train,1,,,,,,,,98f6b47241c027cfbbf9e65cb7074de922e81c5ea801a4bb30d206866a4cb8f3,07072303111a1e0d,203,181,9046,70.937920,36.547749,71.453476,exact-dddc1e5a79cf,near-3426653b7cea,quarantine,"MISSING_PROVENANCE:subject_id,session_id,clip_id,device_id"
0d3422d25457bb999245,train/images/17743422265831726.jpg,train,1,,,,,,,,98f6b47241c027cfbbf9e65cb7074de922e81c5ea801a4bb30d206866a4cb8f3,07072303111a1e0d,203,181,9046,70.937920,36.547749,71.453476,exact-dddc1e5a79cf,near-3426653b7cea,quarantine,"MISSING_PROVENANCE:subject_id,session_id,clip_id,device_id"
1c8e97588593de46034a,train/images/17743422266457415.jpg,train,1,,,,,,,,e27e9895a10eed2636f1ba34307381d45dc32ee7a0b87a9d4aae3f06ff4cb79e,07272303111b121e,190,169,8106,76.400125,35.030057,61.036410,exact-f44952419dbd,near-a821bbab228d,quarantine,"MISSING_PROVENANCE:subject_id,session_id,clip_id,device_id"
f81fb66932361c079e14,train/images/1774342226663303.jpg,train,1,,,,,,,,e27e9895a10eed2636f1ba34307381d45dc32ee7a0b87a9d4aae3f06ff4cb79e,07272303111b121e,190,169,8106,76.400125,35.030057,61.036410,exact-f44952419dbd,near-a821bbab228d,quarantine,"MISSING_PROVENANCE:subject_id,session_id,clip_id,device_id"
826347d70b9c270c68d3,train/images/17743422266962414.jpg,train,1,,,,,,,,e27e9895a10eed2636f1ba34307381d45dc32ee7a0b87a9d4aae3f06ff4cb79e,07272303111b121e,190,169,8106,76.400125,35.030057,61.036410,exact-f44952419dbd,near-a821bbab228d,quarantine,"MISSING_PROVENANCE:subject_id,session_id,clip_id,device_id"
c87b4b2bd16b0a07b5fe,train/images/17743422267578237.jpg,train,1,,,,,,,,4323ff070aa25e99641aa10821cd2e352fb19b9f133b803c52aaf05b8ee66c8b,062723031131321e,184,164,7665,78.638355,34.440040,44.538773,exact-1ca4d92a3aee,near-a821bbab228d,quarantine,"MISSING_PROVENANCE:subject_id,session_id,clip_id,device_id"
eaed79e7709ec761a075,train/images/17743422267864091.jpg,train,1,,,,,,,,4323ff070aa25e99641aa10821cd2e352fb19b9f133b803c52aaf05b8ee66c8b,062723031131321e,184,164,7665,78.638355,34.440040,44.538773,exact-1ca4d92a3aee,near-a821bbab228d,quarantine,"MISSING_PROVENANCE:subject_id,session_id,clip_id,device_id"
267b87418ed928645b66,train/images/1774342226817036.jpg,train,1,,,,,,,,4323ff070aa25e99641aa10821cd2e352fb19b9f133b803c52aaf05b8ee66c8b,062723031131321e,184,164,7665,78.638355,34.440040,44.538773,exact-1ca4d92a3aee,near-a821bbab228d,quarantine,"MISSING_PROVENANCE:subject_id,session_id,clip_id,device_id"
9643a82a9b435d1c826e,train/images/17743422268470085.jpg,train,1,,,,,,,,99a59bec6026c2cf9232bdb970bcc301ca7a77fc79e2afade5e65f81b9509b26,062723031131121e,186,165,7664,76.786804,35.737532,40.798534,exact-d8f7ffafeff8,near-a821bbab228d,quarantine,"MISSING_PROVENANCE:subject_id,session_id,clip_id,device_id"
897c6a7eb3f9f466d4d3,train/images/17743422269055197.jpg,train,1,,,,,,,,99a59bec6026c2cf9232bdb970bcc301ca7a77fc79e2afade5e65f81b9509b26,062723031131121e,186,165,7664,76.786804,35.737532,40.798534,exact-d8f7ffafeff8,near-a821bbab228d,quarantine,"MISSING_PROVENANCE:subject_id,session_id,clip_id,device_id"
02a46c6a7e429dbd5dd7,train/images/17743422269422479.jpg,train,1,,,,,,,,3cb0b09fbb32e63d7df775d008dc73402a73a46ebc39395704c3b4c2c390bece,040623031133161d,189,168,7806,75.607174,37.004554,41.403273,exact-23ca2f7aeabc,near-23ca2f7aeabc,quarantine,"MISSING_PROVENANCE:subject_id,session_id,clip_id,device_id"
e8407fa3edac8d169ab2,train/images/17743422269643471.jpg,train,1,,,,,,,,3cb0b09fbb32e63d7df775d008dc73402a73a46ebc39395704c3b4c2c390bece,040623031133161d,189,168,7806,75.607174,37.004554,41.403273,exact-23ca2f7aeabc,near-23ca2f7aeabc,quarantine,"MISSING_PROVENANCE:subject_id,session_id,clip_id,device_id"
c05623dee3a30b94f2b0,train/images/17743422270556347.jpg,train,1,,,,,,,,a4515c82393ecfe76b94b69e9738754522d8b16c1f89a659e24b205c1bea3170,052323033133261d,187,166,7772,76.101218,37.415692,39.177213,exact-3ed87c5ca7b9,near-3ed87c5ca7b9,quarantine,"MISSING_PROVENANCE:subject_id,session_id,clip_id,device_id"
343c12da70c104f8e4b2,train/images/17743422270828352.jpg,train,1,,,,,,,,a4515c82393ecfe76b94b69e9738754522d8b16c1f89a659e24b205c1bea3170,052323033133261d,187,166,7772,76.101218,37.415692,39.177213,exact-3ed87c5ca7b9,near-3ed87c5ca7b9,quarantine,"MISSING_PROVENANCE:subject_id,session_id,clip_id,device_id"
70623bde0981bd79a7d9,train/images/1774342227769482.jpg,train,1,,,,,,,,b81e1c2eb68fa031df581cb2d563ba6f705f754b9a74b66d3c7133f3dcb4cbc6,0e070712131b0706,209,186,9023,66.366543,38.702768,67.500620,exact-d5a089969d5b,near-d5a089969d5b,quarantine,"MISSING_PROVENANCE:subject_id,session_id,clip_id,device_id"
f84c09683efb494af081,train/images/17743422278563445.jpg,train,1,,,,,,,,35040d2bd20ea4d7060bbed1dcd5ff6af5e98653e9319351dfdc070fb4ab9ffb,0e0707030b0f0707,209,186,9851,68.241370,37.418645,89.490191,exact-245a517f6d49,near-df82c08d9228,quarantine,"MISSING_PROVENANCE:subject_id,session_id,clip_id,device_id"
92f693e4ccef4b50a1dc,train/images/1774342227878696.jpg,train,1,,,,,,,,35040d2bd20ea4d7060bbed1dcd5ff6af5e98653e9319351dfdc070fb4ab9ffb,0e0707030b0f0707,209,186,9851,68.241370,37.418645,89.490191,exact-245a517f6d49,near-df82c08d9228,quarantine,"MISSING_PROVENANCE:subject_id,session_id,clip_id,device_id"
29cac9077824ecfc276e,train/images/17743422279114332.jpg,train,1,,,,,,,,35040d2bd20ea4d7060bbed1dcd5ff6af5e98653e9319351dfdc070fb4ab9ffb,0e0707030b0f0707,209,186,9851,68.241370,37.418645,89.490191,exact-245a517f6d49,near-df82c08d9228,quarantine,"MISSING_PROVENANCE:subject_id,session_id,clip_id,device_id"
8d0ff565bb990f08e2f9,train/images/1774342227967616.jpg,train,1,,,,,,,,cbca7321da57e3c00f162104ae4909e94a8f4b160d458f5b55c49647c808a39f,0e0727030b0f0707,205,182,9236,67.897427,36.572326,86.580670,exact-cf79fc142b74,near-df82c08d9228,quarantine,"MISSING_PROVENANCE:subject_id,session_id,clip_id,device_id"
a12db3cf3326251b9bea,train/images/17743422279959085.jpg,train,1,,,,,,,,cbca7321da57e3c00f162104ae4909e94a8f4b160d458f5b55c49647c808a39f,0e0727030b0f0707,205,182,9236,67.897427,36.572326,86.580670,exact-cf79fc142b74,near-df82c08d9228,quarantine,"MISSING_PROVENANCE:subject_id,session_id,clip_id,device_id"
61d78ce58476e4fae645,train/images/17743422281736238.jpg,train,1,,,,,,,,8411bb0d81dff3f1253898f53f74d824516a01c95bc11a3d3d812510ea5d21c0,0f032323090f0f07,199,177,8940,68.164864,35.318766,85.188371,exact-d5144e72153d,near-d6b1e3bf3af6,quarantine,"MISSING_PROVENANCE:subject_id,session_id,clip_id,device_id"
46b812dc1001b7d3b6e5,train/images/17743422282480285.jpg,train,1,,,,,,,,44b369e7ccec4cf36b6e4f51173193e6db0e7f4f2387265744b817ee6e63078e,0f032323290f0f07,199,177,8952,68.632428,35.066068,80.858752,exact-6ba747c3d06c,near-d6b1e3bf3af6,quarantine,"MISSING_PROVENANCE:subject_id,session_id,clip_id,device_id"
ae46c54df758a7a30ff0,train/images/17743422283107567.jpg,train,1,,,,,,,,44b369e7ccec4cf36b6e4f51173193e6db0e7f4f2387265744b817ee6e63078e,0f032323290f0f07,199,177,8952,68.632428,35.066068,80.858752,exact-6ba747c3d06c,near-d6b1e3bf3af6,quarantine,"MISSING_PROVENANCE:subject_id,session_id,clip_id,device_id"
234fecbf65b6c0dcebd3,train/images/17743422283578863.jpg,train,1,,,,,,,,8101e9cc5b5cec0b5c598ce20e38e9b1b0d46d2135acc85526f70d06e83e9403,0f032323090f0f06,199,177,8941,68.221759,34.946600,82.273289,exact-a9663314e338,near-d6b1e3bf3af6,quarantine,"MISSING_PROVENANCE:subject_id,session_id,clip_id,device_id"
7ad7ca9d7436bd407ef2,train/images/1774342228442595.jpg,train,1,,,,,,,,f5a2ebb64c22baadf9afbb80c9438a9776f1d0b1cff90125ad570b68d0eb0277,0f032323090d0f06,198,176,8589,68.382576,34.962326,86.987480,exact-66964c164395,near-d6b1e3bf3af6,quarantine,"MISSING_PROVENANCE:subject_id,session_id,clip_id,device_id"
1b1f9723e7318bf841ac,train/images/17743422284997475.jpg,train,1,,,,,,,,f5a2ebb64c22baadf9afbb80c9438a9776f1d0b1cff90125ad570b68d0eb0277,0f032323090d0f06,198,176,8589,68.382576,34.962326,86.987480,exact-66964c164395,near-d6b1e3bf3af6,quarantine,"MISSING_PROVENANCE:subject_id,session_id,clip_id,device_id"
8a124b4a7aac984a1de8,train/images/17743422285397065.jpg,train,1,,,,,,,,b48dbf78a696ebe372daa0b5141dfe1291a0bb6c3e13807520ed8f9f8b253130,87032323090d0f06,199,177,8853,67.435199,35.264785,89.046185,exact-a515e94cbf92,near-d6b1e3bf3af6,quarantine,"MISSING_PROVENANCE:subject_id,session_id,clip_id,device_id"
2633580c5487f1c8726c,train/images/1774342228572148.jpg,train,1,,,,,,,,b48dbf78a696ebe372daa0b5141dfe1291a0bb6c3e13807520ed8f9f8b253130,87032323090d0f06,199,177,8853,67.435199,35.264785,89.046185,exact-a515e94cbf92,near-d6b1e3bf3af6,quarantine,"MISSING_PROVENANCE:subject_id,session_id,clip_id,device_id"
3233ef677ac147f7d882,train/images/17743422286487398.jpg,train,1,,,,,,,,e2d0b42a02cd5ffad0849ea97233389fd227342891980ac20d7c6d991d3f3df0,0f232323290d0f07,193,171,8243,70.648608,34.024316,77.776801,exact-faf58b196e33,near-d6b1e3bf3af6,quarantine,"MISSING_PROVENANCE:subject_id,session_id,clip_id,device_id"
684b07bac82031baa8f9,train/images/17743422286782992.jpg,train,1,,,,,,,,e2d0b42a02cd5ffad0849ea97233389fd227342891980ac20d7c6d991d3f3df0,0f232323290d0f07,193,171,8243,70.648608,34.024316,77.776801,exact-faf58b196e33,near-d6b1e3bf3af6,quarantine,"MISSING_PROVENANCE:subject_id,session_id,clip_id,device_id"
c20d0ea4952d0d32a521,train/images/177434222870721.jpg,train,1,,,,,,,,e2d0b42a02cd5ffad0849ea97233389fd227342891980ac20d7c6d991d3f3df0,0f232323290d0f07,193,171,8243,70.648608,34.024316,77.776801,exact-faf58b196e33,near-d6b1e3bf3af6,quarantine,"MISSING_PROVENANCE:subject_id,session_id,clip_id,device_id"
7d83dc58278ebef8d3a3,train/images/17743422287471406.jpg,train,1,,,,,,,,2c25d8d1d5c88b5cd516845b793a93bb3300e427b1ab2e51ae337e95fc4150fd,0f232323090f0f06,195,174,8528,69.334689,34.486710,84.556707,exact-41d5050e5977,near-d6b1e3bf3af6,quarantine,"MISSING_PROVENANCE:subject_id,session_id,clip_id,device_id"
f728f90e984d76c12ba9,train/images/17743422287991986.jpg,train,1,,,,,,,,2c25d8d1d5c88b5cd516845b793a93bb3300e427b1ab2e51ae337e95fc4150fd,0f232323090f0f06,195,174,8528,69.334689,34.486710,84.556707,exact-41d5050e5977,near-d6b1e3bf3af6,quarantine,"MISSING_PROVENANCE:subject_id,session_id,clip_id,device_id"
1dbe06181cdd45414a9d,train/images/1774342228843214.jpg,train,1,,,,,,,,6baa7ee8aabdc655621c9e7a9119281386c76262dd11e15679e14cb517a63831,0f232323290f0f06,194,172,8390,69.726415,34.197807,76.745609,exact-f4a74b90cd43,near-d6b1e3bf3af6,quarantine,"MISSING_PROVENANCE:subject_id,session_id,clip_id,device_id"
f8080a59db0763d5ba43,train/images/17743422289069283.jpg,train,1,,,,,,,,6baa7ee8aabdc655621c9e7a9119281386c76262dd11e15679e14cb517a63831,0f232323290f0f06,194,172,8390,69.726415,34.197807,76.745609,exact-f4a74b90cd43,near-d6b1e3bf3af6,quarantine,"MISSING_PROVENANCE:subject_id,session_id,clip_id,device_id"
ca517e90209b74e234aa,train/images/17743422289411063.jpg,train,1,,,,,,,,8f989d681c02cb551f8c475576ffe6c0829a5cb3a04246b7921eb36f4cb8dcb6,0f232323090f0f06,197,175,8541,68.334329,34.791467,82.746031,exact-bdf9dd559f7d,near-d6b1e3bf3af6,quarantine,"MISSING_PROVENANCE:subject_id,session_id,clip_id,device_id"
2fe0e29226e48d98168f,train/images/17743422289619749.jpg,train,1,,,,,,,,8f989d681c02cb551f8c475576ffe6c0829a5cb3a04246b7921eb36f4cb8dcb6,0f232323090f0f06,197,175,8541,68.334329,34.791467,82.746031,exact-bdf9dd559f7d,near-d6b1e3bf3af6,quarantine,"MISSING_PROVENANCE:subject_id,session_id,clip_id,device_id"
9657778bc49c6cdb6612,train/images/17743422289918807.jpg,train,1,,,,,,,,8f989d681c02cb551f8c475576ffe6c0829a5cb3a04246b7921eb36f4cb8dcb6,0f232323090f0f06,197,175,8541,68.334329,34.791467,82.746031,exact-bdf9dd559f7d,near-d6b1e3bf3af6,quarantine,"MISSING_PROVENANCE:subject_id,session_id,clip_id,device_id"
5efa4cb81101b3e2b680,train/images/17743422290504982.jpg,train,1,,,,,,,,aa08336aaefd4e594f10d5c2224f82a7df155e9a50731be4100f19f2d13f3a91,0f232323090d0f06,199,177,8913,67.647418,35.331486,91.801116,exact-5e451b0d0857,near-d6b1e3bf3af6,quarantine,"MISSING_PROVENANCE:subject_id,session_id,clip_id,device_id"
a9df733be3ca722f05b7,train/images/17743422290697675.jpg,train,1,,,,,,,,aa08336aaefd4e594f10d5c2224f82a7df155e9a50731be4100f19f2d13f3a91,0f232323090d0f06,199,177,8913,67.647418,35.331486,91.801116,exact-5e451b0d0857,near-d6b1e3bf3af6,quarantine,"MISSING_PROVENANCE:subject_id,session_id,clip_id,device_id"
6b59312903ac971959e2,train/images/17743422291516616.jpg,train,1,,,,,,,,6c71e565ed0b94dcaa5ff49dc8ceddc179f550ac9b93037873453455331f38b6,0f232323090f0f06,199,177,8735,67.884167,35.438441,86.648189,exact-3279ea8cb335,near-d6b1e3bf3af6,quarantine,"MISSING_PROVENANCE:subject_id,session_id,clip_id,device_id"
408baf4fbb17803fb3d6,train/images/17743422292478156.jpg,train,1,,,,,,,,b74c54af19de546cfc99869ae230263a7c38930bf9fbd7c358959851e26a4d14,07032323090f0f06,203,181,9197,66.503116,35.385995,87.585234,exact-53a40a819eca,near-d6b1e3bf3af6,quarantine,"MISSING_PROVENANCE:subject_id,session_id,clip_id,device_id"
f07c3f628a3be785edd9,train/images/17743422292687562.jpg,train,1,,,,,,,,b74c54af19de546cfc99869ae230263a7c38930bf9fbd7c358959851e26a4d14,07032323090f0f06,203,181,9197,66.503116,35.385995,87.585234,exact-53a40a819eca,near-d6b1e3bf3af6,quarantine,"MISSING_PROVENANCE:subject_id,session_id,clip_id,device_id"
3b22ca9b2517d576f22e,train/images/17743422293011422.jpg,train,1,,,,,,,,b74c54af19de546cfc99869ae230263a7c38930bf9fbd7c358959851e26a4d14,07032323090f0f06,203,181,9197,66.503116,35.385995,87.585234,exact-53a40a819eca,near-d6b1e3bf3af6,quarantine,"MISSING_PROVENANCE:subject_id,session_id,clip_id,device_id"
daddf8167bdfcd608d41,train/images/17743422293399065.jpg,train,1,,,,,,,,e2a29fd3f94420181864d370cc97b2c31ab5cdd4ab1377ca0bd9069281a18b32,0c07232309090f06,205,182,8798,60.313508,27.885620,61.442237,exact-6bf78c87e447,near-d6b1e3bf3af6,quarantine,"MISSING_PROVENANCE:subject_id,session_id,clip_id,device_id"
658e22365c321dd489fe,train/images/17743422293603597.jpg,train,1,,,,,,,,e2a29fd3f94420181864d370cc97b2c31ab5cdd4ab1377ca0bd9069281a18b32,0c07232309090f06,205,182,8798,60.313508,27.885620,61.442237,exact-6bf78c87e447,near-d6b1e3bf3af6,quarantine,"MISSING_PROVENANCE:subject_id,session_id,clip_id,device_id"
c3903d624965b9ec0af7,train/images/1774342229498352.jpg,train,1,,,,,,,,8efe2863be66efe05f66fc666cd6a94e3a7fe3eeb46052c684fda8825383915d,0e072323091c1e0e,209,186,9634,67.368087,36.144294,72.821241,exact-c41d3fb0af90,near-c41d3fb0af90,quarantine,"MISSING_PROVENANCE:subject_id,session_id,clip_id,device_id"
2d597a64d660654649f5,train/images/1774342229549309.jpg,train,1,,,,,,,,f6da03354222f00857b73c4d5ca7c17d7409b7b5372bb388a2445a2b7beaebdc,0f032323090c0c06,198,176,8877,72.873307,35.648505,89.461779,exact-752e4754ea7d,near-d6b1e3bf3af6,quarantine,"MISSING_PROVENANCE:subject_id,session_id,clip_id,device_id"
41571af68dc3ef81520e,train/images/1774342229599842.jpg,train,1,,,,,,,,f6da03354222f00857b73c4d5ca7c17d7409b7b5372bb388a2445a2b7beaebdc,0f032323090c0c06,198,176,8877,72.873307,35.648505,89.461779,exact-752e4754ea7d,near-d6b1e3bf3af6,quarantine,"MISSING_PROVENANCE:subject_id,session_id,clip_id,device_id"
191754d258d36fefbe05,train/images/17743422296403096.jpg,train,1,,,,,,,,ba15cbd2c57f3e5866e210d3a62ad0454324dfea2549896ccb22e68efd116c9f,0f072323090f0d04,199,177,9304,74.725094,35.462488,94.123061,exact-4ea9f89b8f5f,near-d6b1e3bf3af6,quarantine,"MISSING_PROVENANCE:subject_id,session_id,clip_id,device_id"
3ee9ebe89dbac0ce6246,train/images/17743422296572137.jpg,train,1,,,,,,,,ba15cbd2c57f3e5866e210d3a62ad0454324dfea2549896ccb22e68efd116c9f,0f072323090f0d04,199,177,9304,74.725094,35.462488,94.123061,exact-4ea9f89b8f5f,near-d6b1e3bf3af6,quarantine,"MISSING_PROVENANCE:subject_id,session_id,clip_id,device_id"
e906d3346b0f8c3676f8,train/images/1774342229688815.jpg,train,1,,,,,,,,ba15cbd2c57f3e5866e210d3a62ad0454324dfea2549896ccb22e68efd116c9f,0f072323090f0d04,199,177,9304,74.725094,35.462488,94.123061,exact-4ea9f89b8f5f,near-d6b1e3bf3af6,quarantine,"MISSING_PROVENANCE:subject_id,session_id,clip_id,device_id"
0a139ca0315d6eae574d,train/images/17743422297543287.jpg,train,1,,,,,,,,71dd8c03b0b7f68ddbdb0e443383e4fdf5a6a858b00a67e55607ee3f102663e6,0f072323090e0d04,189,168,8339,77.569539,34.890935,84.247541,exact-73a4436fbbc4,near-d6b1e3bf3af6,quarantine,"MISSING_PROVENANCE:subject_id,session_id,clip_id,device_id"
fdc891ef7b15f5953c56,train/images/17743422297775655.jpg,train,1,,,,,,,,71dd8c03b0b7f68ddbdb0e443383e4fdf5a6a858b00a67e55607ee3f102663e6,0f072323090e0d04,189,168,8339,77.569539,34.890935,84.247541,exact-73a4436fbbc4,near-d6b1e3bf3af6,quarantine,"MISSING_PROVENANCE:subject_id,session_id,clip_id,device_id"
9b8b95815322d0a3ae79,train/images/1774342229809119.jpg,train,1,,,,,,,,71dd8c03b0b7f68ddbdb0e443383e4fdf5a6a858b00a67e55607ee3f102663e6,0f072323090e0d04,189,168,8339,77.569539,34.890935,84.247541,exact-73a4436fbbc4,near-d6b1e3bf3af6,quarantine,"MISSING_PROVENANCE:subject_id,session_id,clip_id,device_id"
1340507560e8d4d692bb,train/images/17743422298506253.jpg,train,1,,,,,,,,a759c704cb59e7142701ee33389bee7b6243d1e938f2c3b00ccae5c5e0237a6d,0f072303090d0c06,195,174,8881,74.153375,37.093665,97.542027,exact-2b40e5e1a992,near-d6b1e3bf3af6,quarantine,"MISSING_PROVENANCE:subject_id,session_id,clip_id,device_id"
c36e8f45e46cd2c20a14,train/images/17743422298868992.jpg,train,1,,,,,,,,a759c704cb59e7142701ee33389bee7b6243d1e938f2c3b00ccae5c5e0237a6d,0f072303090d0c06,195,174,8881,74.153375,37.093665,97.542027,exact-2b40e5e1a992,near-d6b1e3bf3af6,quarantine,"MISSING_PROVENANCE:subject_id,session_id,clip_id,device_id"
34410fea9b03811bf65a,train/images/17743422299788785.jpg,train,1,,,,,,,,3afe9eba2072b142c4e8cfc02c48a7bd98f166bd3927e84dfb83c4a58420295e,0f074343091b1c06,191,170,8604,76.079335,36.206671,87.261437,exact-c875f6125b22,near-0f3c2725424a,quarantine,"MISSING_PROVENANCE:subject_id,session_id,clip_id,device_id"
63e9ab5dace568a5f4aa,train/images/17743422300047002.jpg,train,1,,,,,,,,3afe9eba2072b142c4e8cfc02c48a7bd98f166bd3927e84dfb83c4a58420295e,0f074343091b1c06,191,170,8604,76.079335,36.206671,87.261437,exact-c875f6125b22,near-0f3c2725424a,quarantine,"MISSING_PROVENANCE:subject_id,session_id,clip_id,device_id"
02908beab2823dbe216b,train/images/17743422300435476.jpg,train,1,,,,,,,,aa8f891f9414ef31365ec83025a88a7559ece3ec7ce76a7e302b6ddd4303354b,0f07434349191c0c,183,163,8203,79.006571,34.510854,81.022243,exact-ba83b78c7f04,near-0f3c2725424a,quarantine,"MISSING_PROVENANCE:subject_id,session_id,clip_id,device_id"
0d8afee91b219264391f,train/images/17743422300663478.jpg,train,1,,,,,,,,aa8f891f9414ef31365ec83025a88a7559ece3ec7ce76a7e302b6ddd4303354b,0f07434349191c0c,183,163,8203,79.006571,34.510854,81.022243,exact-ba83b78c7f04,near-0f3c2725424a,quarantine,"MISSING_PROVENANCE:subject_id,session_id,clip_id,device_id"
9d67eb691165f4a07563,train/images/17743422300955398.jpg,train,1,,,,,,,,aa8f891f9414ef31365ec83025a88a7559ece3ec7ce76a7e302b6ddd4303354b,0f07434349191c0c,183,163,8203,79.006571,34.510854,81.022243,exact-ba83b78c7f04,near-0f3c2725424a,quarantine,"MISSING_PROVENANCE:subject_id,session_id,clip_id,device_id"
ef41ed937659c9bb2766,train/images/1774342230154124.jpg,train,1,,,,,,,,adc2ea2db5cbcffc8496b8f18bddbd62edcf0fc63db27841b99247cadefb512b,0f074343091b1e0c,184,164,8305,78.644618,34.808421,82.531571,exact-b3f4c4eee771,near-0f3c2725424a,quarantine,"MISSING_PROVENANCE:subject_id,session_id,clip_id,device_id"
5bc093a3f001357f679d,train/images/17743422301774807.jpg,train,1,,,,,,,,adc2ea2db5cbcffc8496b8f18bddbd62edcf0fc63db27841b99247cadefb512b,0f074343091b1e0c,184,164,8305,78.644618,34.808421,82.531571,exact-b3f4c4eee771,near-0f3c2725424a,quarantine,"MISSING_PROVENANCE:subject_id,session_id,clip_id,device_id"
d77f23817bd4a10f9d83,train/images/1774342230206047.jpg,train,1,,,,,,,,adc2ea2db5cbcffc8496b8f18bddbd62edcf0fc63db27841b99247cadefb512b,0f074343091b1e0c,184,164,8305,78.644618,34.808421,82.531571,exact-b3f4c4eee771,near-0f3c2725424a,quarantine,"MISSING_PROVENANCE:subject_id,session_id,clip_id,device_id"
f1d9bfe6dbfb84568e4f,train/images/17743422302508516.jpg,train,1,,,,,,,,cb9843a3e856501332452cf3863f184552b616f7f7aa281c14c2d1f6bbaae495,0f0747430b1b1c08,191,170,8543,76.292947,35.648649,88.777334,exact-51af5e432678,near-0f3c2725424a,quarantine,"MISSING_PROVENANCE:subject_id,session_id,clip_id,device_id"
c1fca949d36950739b7b,train/images/1774342230277003.jpg,train,1,,,,,,,,cb9843a3e856501332452cf3863f184552b616f7f7aa281c14c2d1f6bbaae495,0f0747430b1b1c08,191,170,8543,76.292947,35.648649,88.777334,exact-51af5e432678,near-0f3c2725424a,quarantine,"MISSING_PROVENANCE:subject_id,session_id,clip_id,device_id"
498707cdc3b9a8c2db47,train/images/17743422303479235.jpg,train,1,,,,,,,,bf1cdf4424f791ffd035b9d18d5d52750dc2e2be68abd2f7520aabb811d2f922,0f074343091b1c09,184,164,8171,78.184385,34.502811,82.879332,exact-ab46b0eaa5b3,near-0f3c2725424a,quarantine,"MISSING_PROVENANCE:subject_id,session_id,clip_id,device_id"
1fea3d0f37988b4d3dc6,train/images/1774342230408239.jpg,train,1,,,,,,,,bf1cdf4424f791ffd035b9d18d5d52750dc2e2be68abd2f7520aabb811d2f922,0f074343091b1c09,184,164,8171,78.184385,34.502811,82.879332,exact-ab46b0eaa5b3,near-0f3c2725424a,quarantine,"MISSING_PROVENANCE:subject_id,session_id,clip_id,device_id"
dad6665eb31f46cdbed0,train/images/177434223055668.jpg,train,1,,,,,,,,078a50d4be6d5c895df9962cb1512fdda9d7d8f17ed9137f5c0be2e579e4349b,0f0763430909080d,189,168,7906,76.106985,35.200410,83.625367,exact-d5815cf1c414,near-d5815cf1c414,quarantine,"MISSING_PROVENANCE:subject_id,session_id,clip_id,device_id"
d369bdb5f2ab7f5829dd,train/images/1774342230584262.jpg,train,1,,,,,,,,078a50d4be6d5c895df9962cb1512fdda9d7d8f17ed9137f5c0be2e579e4349b,0f0763430909080d,189,168,7906,76.106985,35.200410,83.625367,exact-d5815cf1c414,near-d5815cf1c414,quarantine,"MISSING_PROVENANCE:subject_id,session_id,clip_id,device_id"
0043d2b018b90169649a,train/images/17743422306102707.jpg,train,1,,,,,,,,078a50d4be6d5c895df9962cb1512fdda9d7d8f17ed9137f5c0be2e579e4349b,0f0763430909080d,189,168,7906,76.106985,35.200410,83.625367,exact-d5815cf1c414,near-d5815cf1c414,quarantine,"MISSING_PROVENANCE:subject_id,session_id,clip_id,device_id"
6a54349e6423cb151069,train/images/17743422306490304.jpg,train,1,,,,,,,,24bd7f49c16a89dfd5df561bd53fdf3d28b73c7599a852de94f37ea27b30d371,0f0747430b1b1801,195,174,9173,75.270439,36.016868,98.374283,exact-25b1c03a39cf,near-0f3c2725424a,quarantine,"MISSING_PROVENANCE:subject_id,session_id,clip_id,device_id"
a8722866fbd050d8e31d,train/images/1774342230671953.jpg,train,1,,,,,,,,24bd7f49c16a89dfd5df561bd53fdf3d28b73c7599a852de94f37ea27b30d371,0f0747430b1b1801,195,174,9173,75.270439,36.016868,98.374283,exact-25b1c03a39cf,near-0f3c2725424a,quarantine,"MISSING_PROVENANCE:subject_id,session_id,clip_id,device_id"
d4918f2e85422c0ffddd,train/images/1774342230703041.jpg,train,1,,,,,,,,24bd7f49c16a89dfd5df561bd53fdf3d28b73c7599a852de94f37ea27b30d371,0f0747430b1b1801,195,174,9173,75.270439,36.016868,98.374283,exact-25b1c03a39cf,near-0f3c2725424a,quarantine,"MISSING_PROVENANCE:subject_id,session_id,clip_id,device_id"
9a44e4e0ecf59fc9727c,train/images/1774342230807742.jpg,train,1,,,,,,,,24c8d223a3728f20835ffbaa33f092cd36c18775ccf31fc7fd6570ec53df7df1,0f074743491b1c1a,189,168,8181,77.849049,34.623581,85.386258,exact-5bfe0a76759c,near-0f3c2725424a,quarantine,"MISSING_PROVENANCE:subject_id,session_id,clip_id,device_id"
bf98821dbbc8575af647,train/images/17743422308446991.jpg,train,1,,,,,,,,ae9c8ac91e4116b80b464f872a41db990524ab9131be70a9fa547ac63f26b68b,0f074743091b1c1a,191,170,8256,76.451155,34.917826,83.269149,exact-098e4174ec7f,near-0f3c2725424a,quarantine,"MISSING_PROVENANCE:subject_id,session_id,clip_id,device_id"
3e7b6619f91bcf40541f,train/images/17743422308684816.jpg,train,1,,,,,,,,ae9c8ac91e4116b80b464f872a41db990524ab9131be70a9fa547ac63f26b68b,0f074743091b1c1a,191,170,8256,76.451155,34.917826,83.269149,exact-098e4174ec7f,near-0f3c2725424a,quarantine,"MISSING_PROVENANCE:subject_id,session_id,clip_id,device_id"
ba60da8145fd0d116b14,train/images/1774342230896599.jpg,train,1,,,,,,,,ae9c8ac91e4116b80b464f872a41db990524ab9131be70a9fa547ac63f26b68b,0f074743091b1c1a,191,170,8256,76.451155,34.917826,83.269149,exact-098e4174ec7f,near-0f3c2725424a,quarantine,"MISSING_PROVENANCE:subject_id,session_id,clip_id,device_id"
5936428fedd89689d116,train/images/17743422309546573.jpg,train,1,,,,,,,,d251ac046aaed5856c54b5ac43a278d49dc1fe3daede6374da90e8bced9b9a66,0f0747431b1b1c04,191,170,8467,75.627102,35.579312,85.910350,exact-08f40024a423,near-0f3c2725424a,quarantine,"MISSING_PROVENANCE:subject_id,session_id,clip_id,device_id"
e7dcbddabed640519d68,train/images/17743422310014367.jpg,train,1,,,,,,,,d251ac046aaed5856c54b5ac43a278d49dc1fe3daede6374da90e8bced9b9a66,0f0747431b1b1c04,191,170,8467,75.627102,35.579312,85.910350,exact-08f40024a423,near-0f3c2725424a,quarantine,"MISSING_PROVENANCE:subject_id,session_id,clip_id,device_id"
7d8db42a5e97d5589d55,train/images/1774342231169617.jpg,train,1,,,,,,,,44a4d1b6d2da6284cb126f423be1f35b17c7640fdee888b53f0c46cf2822143e,0f074743191b1c16,191,170,8179,74.869572,34.382193,78.063252,exact-8a193c1bd8c9,near-0f3c2725424a,quarantine,"MISSING_PROVENANCE:subject_id,session_id,clip_id,device_id"
602a74e2cbbe5f6db075,train/images/17743422311858597.jpg,train,1,,,,,,,,44a4d1b6d2da6284cb126f423be1f35b17c7640fdee888b53f0c46cf2822143e,0f074743191b1c16,191,170,8179,74.869572,34.382193,78.063252,exact-8a193c1bd8c9,near-0f3c2725424a,quarantine,"MISSING_PROVENANCE:subject_id,session_id,clip_id,device_id"
2a2150f509de4bf13601,train/images/17743422312402844.jpg,train,1,,,,,,,,3105d43623cf836cbf0f5acec4b6b68e3e8e1e952098a8b58033684b09483aac,0f074343091b1c06,184,164,7791,76.779626,33.887442,72.714029,exact-802ba4d1d969,near-0f3c2725424a,quarantine,"MISSING_PROVENANCE:subject_id,session_id,clip_id,device_id"
bbd1358f8d9e87ea804e,train/images/17743422312623663.jpg,train,1,,,,,,,,3105d43623cf836cbf0f5acec4b6b68e3e8e1e952098a8b58033684b09483aac,0f074343091b1c06,184,164,7791,76.779626,33.887442,72.714029,exact-802ba4d1d969,near-0f3c2725424a,quarantine,"MISSING_PROVENANCE:subject_id,session_id,clip_id,device_id"
5f99d0ddd14ab1aa9f51,train/images/17743422313556628.jpg,train,1,,,,,,,,383542fa1e48035e2351a0435ed99aa31de26f143c19872be6587189e1463812,0f074743031d1616,195,174,8877,73.037872,36.306236,86.012161,exact-5d5e6f2889b6,near-0f3c2725424a,quarantine,"MISSING_PROVENANCE:subject_id,session_id,clip_id,device_id"
83d4bf3aca97e5801f86,train/images/1774342231384314.jpg,train,1,,,,,,,,383542fa1e48035e2351a0435ed99aa31de26f143c19872be6587189e1463812,0f074743031d1616,195,174,8877,73.037872,36.306236,86.012161,exact-5d5e6f2889b6,near-0f3c2725424a,quarantine,"MISSING_PROVENANCE:subject_id,session_id,clip_id,device_id"
5959dbcb203592851e5b,train/images/1774342231474734.jpg,train,1,,,,,,,,e5a53e2ecdb4d291da70171fdb9f69f6f15ba7c9f42b2e8c64252b70f96b54cf,0f074743191b1c04,190,169,8245,75.682093,34.563451,80.528982,exact-2c054135e870,near-0f3c2725424a,quarantine,"MISSING_PROVENANCE:subject_id,session_id,clip_id,device_id"
18c50a2a3196670163c5,train/images/17743422315460708.jpg,train,1,,,,,,,,eed9c21da35f122bf9a725d61762613a5b5f34f9714df2ee64310dd2617d901f,0f074742131d0c04,199,177,8816,72.222695,35.642477,84.977082,exact-49359fb2269e,near-0f3c2725424a,quarantine,"MISSING_PROVENANCE:subject_id,session_id,clip_id,device_id"
09613a31e9465c1e0c07,train/images/17743422315774827.jpg,train,1,,,,,,,,eed9c21da35f122bf9a725d61762613a5b5f34f9714df2ee64310dd2617d901f,0f074742131d0c04,199,177,8816,72.222695,35.642477,84.977082,exact-49359fb2269e,near-0f3c2725424a,quarantine,"MISSING_PROVENANCE:subject_id,session_id,clip_id,device_id"
2a39b1c4d445cb0b7a13,train/images/17743422316444805.jpg,train,1,,,,,,,,42bb10b44db5fd84d97bdf3ddf92297d209aa335647c16a43df97c096c2e279d,0f0747431b190c04,201,178,9030,71.566270,35.824944,88.063797,exact-6cdfd7007b05,near-0f3c2725424a,quarantine,"MISSING_PROVENANCE:subject_id,session_id,clip_id,device_id"
dc2e6f74246da650bc37,train/images/17743422316678145.jpg,train,1,,,,,,,,42bb10b44db5fd84d97bdf3ddf92297d209aa335647c16a43df97c096c2e279d,0f0747431b190c04,201,178,9030,71.566270,35.824944,88.063797,exact-6cdfd7007b05,near-0f3c2725424a,quarantine,"MISSING_PROVENANCE:subject_id,session_id,clip_id,device_id"
129a944207c344995698,train/images/17743422316937945.jpg,train,1,,,,,,,,42bb10b44db5fd84d97bdf3ddf92297d209aa335647c16a43df97c096c2e279d,0f0747431b190c04,201,178,9030,71.566270,35.824944,88.063797,exact-6cdfd7007b05,near-0f3c2725424a,quarantine,"MISSING_PROVENANCE:subject_id,session_id,clip_id,device_id"
669ff569e8ec297dd6b7,train/images/17743422317721982.jpg,train,1,,,,,,,,b3f8245ac589def9886f8683867c9b54610c9de8735278a5cc59b1076de111e7,0f0747421b190e04,199,177,8850,72.576243,35.143891,85.584676,exact-7a8c8f7a25bb,near-0f3c2725424a,quarantine,"MISSING_PROVENANCE:subject_id,session_id,clip_id,device_id"
3493fb00b682f21ee887,train/images/17743422318000371.jpg,train,1,,,,,,,,b3f8245ac589def9886f8683867c9b54610c9de8735278a5cc59b1076de111e7,0f0747421b190e04,199,177,8850,72.576243,35.143891,85.584676,exact-7a8c8f7a25bb,near-0f3c2725424a,quarantine,"MISSING_PROVENANCE:subject_id,session_id,clip_id,device_id"
0ea74ab38777ce1423f1,train/images/17743422318509295.jpg,train,1,,,,,,,,dffeac68a32e5cb6753931d601ee4dcfcb1910e4e1f207075260aba6fcaded6c,0f074743131d0406,198,176,8688,72.660354,35.863008,85.578221,exact-01e51835832b,near-0f3c2725424a,quarantine,"MISSING_PROVENANCE:subject_id,session_id,clip_id,device_id"
714c2833e4ebfbad3c5d,train/images/17743422318760967.jpg,train,1,,,,,,,,dffeac68a32e5cb6753931d601ee4dcfcb1910e4e1f207075260aba6fcaded6c,0f074743131d0406,198,176,8688,72.660354,35.863008,85.578221,exact-01e51835832b,near-0f3c2725424a,quarantine,"MISSING_PROVENANCE:subject_id,session_id,clip_id,device_id"
0a9ca9fe4eb4bfa4ba35,train/images/17743422318910303.jpg,train,1,,,,,,,,dffeac68a32e5cb6753931d601ee4dcfcb1910e4e1f207075260aba6fcaded6c,0f074743131d0406,198,176,8688,72.660354,35.863008,85.578221,exact-01e51835832b,near-0f3c2725424a,quarantine,"MISSING_PROVENANCE:subject_id,session_id,clip_id,device_id"
d95c2db8f7e447b8f6b4,train/images/17743422319452717.jpg,train,1,,,,,,,,a9ad9d43fa8d5db3f66f9e23f5be51dcb9b3999d237f10c530c0ccf203ed437e,0f0747431b1b1e04,193,171,8790,75.238190,34.786770,82.113081,exact-c308f1a7c39a,near-0f3c2725424a,quarantine,"MISSING_PROVENANCE:subject_id,session_id,clip_id,device_id"
65699b8752db30197cb5,train/images/17743422319662607.jpg,train,1,,,,,,,,a9ad9d43fa8d5db3f66f9e23f5be51dcb9b3999d237f10c530c0ccf203ed437e,0f0747431b1b1e04,193,171,8790,75.238190,34.786770,82.113081,exact-c308f1a7c39a,near-0f3c2725424a,quarantine,"MISSING_PROVENANCE:subject_id,session_id,clip_id,device_id"
69c568e5d654f5f1a826,train/images/17743422319956706.jpg,train,1,,,,,,,,a9ad9d43fa8d5db3f66f9e23f5be51dcb9b3999d237f10c530c0ccf203ed437e,0f0747431b1b1e04,193,171,8790,75.238190,34.786770,82.113081,exact-c308f1a7c39a,near-0f3c2725424a,quarantine,"MISSING_PROVENANCE:subject_id,session_id,clip_id,device_id"
dfdd6ba5297f5a7340d4,train/images/17743422320873435.jpg,train,1,,,,,,,,2a1d6ec7235e28b1c896d2b3cd0578697370a92449d8e291d2d5c61f9ee66030,0f074743131d0e04,195,174,8823,73.381904,36.041711,88.029979,exact-38b496b388d0,near-0f3c2725424a,quarantine,"MISSING_PROVENANCE:subject_id,session_id,clip_id,device_id"
95bd03991bc498f5c217,train/images/17743422321152203.jpg,train,1,,,,,,,,2a1d6ec7235e28b1c896d2b3cd0578697370a92449d8e291d2d5c61f9ee66030,0f074743131d0e04,195,174,8823,73.381904,36.041711,88.029979,exact-38b496b388d0,near-0f3c2725424a,quarantine,"MISSING_PROVENANCE:subject_id,session_id,clip_id,device_id"
12b6fbf06c797c7b85a3,train/images/1774342232155932.jpg,train,1,,,,,,,,3db30811dee05472f0c46b8e3349e1b86c90b478a3591e8e465684089d5d374f,0f0747431b1b1e04,194,172,8773,74.602853,34.980899,82.870478,exact-53b04c9b6b67,near-0f3c2725424a,quarantine,"MISSING_PROVENANCE:subject_id,session_id,clip_id,device_id"
13afb8705ea22f110773,train/images/17743422321763375.jpg,train,1,,,,,,,,3db30811dee05472f0c46b8e3349e1b86c90b478a3591e8e465684089d5d374f,0f0747431b1b1e04,194,172,8773,74.602853,34.980899,82.870478,exact-53b04c9b6b67,near-0f3c2725424a,quarantine,"MISSING_PROVENANCE:subject_id,session_id,clip_id,device_id"
07d8053d60f360441935,train/images/1774342232193111.jpg,train,1,,,,,,,,3db30811dee05472f0c46b8e3349e1b86c90b478a3591e8e465684089d5d374f,0f0747431b1b1e04,194,172,8773,74.602853,34.980899,82.870478,exact-53b04c9b6b67,near-0f3c2725424a,quarantine,"MISSING_PROVENANCE:subject_id,session_id,clip_id,device_id"
180af5297cfa94454c3d,train/images/17743422322505531.jpg,train,1,,,,,,,,ad6e52dd569b4c53358248a4f36323c0d499f2a07cd51e6a65b8b0f59ad22e91,0f074742131d0e04,203,181,9467,71.410282,37.032137,95.534033,exact-65c3b19a863f,near-0f3c2725424a,quarantine,"MISSING_PROVENANCE:subject_id,session_id,clip_id,device_id"
fc0f5e12500f64ab947c,train/images/17743422322684708.jpg,train,1,,,,,,,,ad6e52dd569b4c53358248a4f36323c0d499f2a07cd51e6a65b8b0f59ad22e91,0f074742131d0e04,203,181,9467,71.410282,37.032137,95.534033,exact-65c3b19a863f,near-0f3c2725424a,quarantine,"MISSING_PROVENANCE:subject_id,session_id,clip_id,device_id"
c6964591d000deb5100d,train/images/17743422322997375.jpg,train,1,,,,,,,,ad6e52dd569b4c53358248a4f36323c0d499f2a07cd51e6a65b8b0f59ad22e91,0f074742131d0e04,203,181,9467,71.410282,37.032137,95.534033,exact-65c3b19a863f,near-0f3c2725424a,quarantine,"MISSING_PROVENANCE:subject_id,session_id,clip_id,device_id"
e88be997ffeff1ae69dc,train/images/17743422323483136.jpg,train,1,,,,,,,,e5d7984fde896a4ad0303079e9549b891deeaee2c99a07dbde8883161e1f1e12,0f0727230b1b0e04,202,180,9250,71.742657,35.453444,80.830501,exact-7ce50d0bcfd7,near-7ce50d0bcfd7,quarantine,"MISSING_PROVENANCE:subject_id,session_id,clip_id,device_id"
6ab5d9db42f0ae4bd91a,train/images/17743422323760629.jpg,train,1,,,,,,,,e5d7984fde896a4ad0303079e9549b891deeaee2c99a07dbde8883161e1f1e12,0f0727230b1b0e04,202,180,9250,71.742657,35.453444,80.830501,exact-7ce50d0bcfd7,near-7ce50d0bcfd7,quarantine,"MISSING_PROVENANCE:subject_id,session_id,clip_id,device_id"
10b5c71ce47577947b6a,train/images/1774342232462302.jpg,train,1,,,,,,,,95da0904f0eaec2a5a163efa703f3c3d1f15647486632dc81799ab3e54aeb1e5,0f0723270e0e1109,205,182,8930,71.683972,33.742095,69.030792,exact-6d7f36c3aadd,near-6d7f36c3aadd,quarantine,"MISSING_PROVENANCE:subject_id,session_id,clip_id,device_id"
3617550295803f557f70,train/images/17743422324948416.jpg,train,1,,,,,,,,95da0904f0eaec2a5a163efa703f3c3d1f15647486632dc81799ab3e54aeb1e5,0f0723270e0e1109,205,182,8930,71.683972,33.742095,69.030792,exact-6d7f36c3aadd,near-6d7f36c3aadd,quarantine,"MISSING_PROVENANCE:subject_id,session_id,clip_id,device_id"
d8c33355d3bd36256600,train/images/1774342232523885.jpg,train,1,,,,,,,,95da0904f0eaec2a5a163efa703f3c3d1f15647486632dc81799ab3e54aeb1e5,0f0723270e0e1109,205,182,8930,71.683972,33.742095,69.030792,exact-6d7f36c3aadd,near-6d7f36c3aadd,quarantine,"MISSING_PROVENANCE:subject_id,session_id,clip_id,device_id"
0a24519779ffa0fa3531,train/images/1774342232584786.jpg,train,1,,,,,,,,0a8607df515638f1b7368220e2ae8c75ac7579d8fcbacc89821619848ef5548e,0f33333334040b25,176,157,7540,78.984366,32.857020,66.835371,exact-3c196bd9aa0d,near-3c196bd9aa0d,quarantine,"MISSING_PROVENANCE:subject_id,session_id,clip_id,device_id"
a6fc4dbada212a20bd60,train/images/17743422326176264.jpg,train,1,,,,,,,,0a8607df515638f1b7368220e2ae8c75ac7579d8fcbacc89821619848ef5548e,0f33333334040b25,176,157,7540,78.984366,32.857020,66.835371,exact-3c196bd9aa0d,near-3c196bd9aa0d,quarantine,"MISSING_PROVENANCE:subject_id,session_id,clip_id,device_id"
43cbff87276f1cba7926,train/images/17743422326745322.jpg,train,1,,,,,,,,eccb2570d68061b7d4e532014638ab1c2f8f9ce3ca8cbbadc6d72e02d1a73890,0f33333234090126,178,158,7737,78.804580,32.216640,69.351914,exact-4febb06a136d,near-d807f3ed42b4,quarantine,"MISSING_PROVENANCE:subject_id,session_id,clip_id,device_id"
8af3cea2985442bb9cb4,train/images/17743422327056258.jpg,train,1,,,,,,,,eccb2570d68061b7d4e532014638ab1c2f8f9ce3ca8cbbadc6d72e02d1a73890,0f33333234090126,178,158,7737,78.804580,32.216640,69.351914,exact-4febb06a136d,near-d807f3ed42b4,quarantine,"MISSING_PROVENANCE:subject_id,session_id,clip_id,device_id"
e078cd7ad0702b960d2a,train/images/1774342232748838.jpg,train,1,,,,,,,,c0381644a8ac6526076c6dba9558d9828fdc36b446cc2a20fb62d5ec3578b210,0f33313334050c03,172,153,7355,80.143221,31.894521,72.223186,exact-c2d136c8c6ce,near-c2d136c8c6ce,quarantine,"MISSING_PROVENANCE:subject_id,session_id,clip_id,device_id"
f5d9b691b1f8ada87c98,train/images/17743422328584023.jpg,train,1,,,,,,,,ad6416031af59d9f8ef3d6caadcc11bdd45f7a432aa04c237239de934ad5923d,0f3b313334060401,176,157,7391,78.744282,32.499486,73.256612,exact-974827d95ab1,near-974827d95ab1,quarantine,"MISSING_PROVENANCE:subject_id,session_id,clip_id,device_id"
86591f1b859c895806ee,train/images/17743422328868918.jpg,train,1,,,,,,,,ad6416031af59d9f8ef3d6caadcc11bdd45f7a432aa04c237239de934ad5923d,0f3b313334060401,176,157,7391,78.744282,32.499486,73.256612,exact-974827d95ab1,near-974827d95ab1,quarantine,"MISSING_PROVENANCE:subject_id,session_id,clip_id,device_id"
92162e88518b2031661c,train/images/17743422329150555.jpg,train,1,,,,,,,,ad6416031af59d9f8ef3d6caadcc11bdd45f7a432aa04c237239de934ad5923d,0f3b313334060401,176,157,7391,78.744282,32.499486,73.256612,exact-974827d95ab1,near-974827d95ab1,quarantine,"MISSING_PROVENANCE:subject_id,session_id,clip_id,device_id"
760a4641eb3079b4fa78,train/images/17743422329545417.jpg,train,1,,,,,,,,5433bcb19e19a1291159c0a3b7da715d25f54cb62c8c25240c870f9a4e8df6f4,0f1b333334010307,189,168,8194,77.371504,33.397568,80.729779,exact-e291578989aa,near-e291578989aa,quarantine,"MISSING_PROVENANCE:subject_id,session_id,clip_id,device_id"
68c75be21a9ed65ceaa7,train/images/17743422330079536.jpg,train,1,,,,,,,,5433bcb19e19a1291159c0a3b7da715d25f54cb62c8c25240c870f9a4e8df6f4,0f1b333334010307,189,168,8194,77.371504,33.397568,80.729779,exact-e291578989aa,near-e291578989aa,quarantine,"MISSING_PROVENANCE:subject_id,session_id,clip_id,device_id"
5bce80304ee34f4a3d84,train/images/17743422331508493.jpg,train,1,,,,,,,,e30b64075e777893fd146097f810716a1727689a2a9fc617310679e2a415e219,0f1b313334050902,178,158,7598,79.163704,33.251873,75.461576,exact-48c22f07e7d6,near-b76d857cee1a,quarantine,"MISSING_PROVENANCE:subject_id,session_id,clip_id,device_id"
df0f53f0804e2e4f7b4d,train/images/17743422332120943.jpg,train,1,,,,,,,,e30b64075e777893fd146097f810716a1727689a2a9fc617310679e2a415e219,0f1b313334050902,178,158,7598,79.163704,33.251873,75.461576,exact-48c22f07e7d6,near-b76d857cee1a,quarantine,"MISSING_PROVENANCE:subject_id,session_id,clip_id,device_id"
9772fac33c82c16f7ee6,train/images/17743422335730147.jpg,train,1,,,,,,,,1a6cf5f69b6922af61b65b645f14fc96fca1163efb7484801fa48438d1b7918a,0f33333421030409,194,172,8574,73.888606,34.859452,84.173493,exact-986f1215ee48,near-9919a1c5837c,quarantine,"MISSING_PROVENANCE:subject_id,session_id,clip_id,device_id"
ea1dfce49308729be2a9,train/images/17743422335871353.jpg,train,1,,,,,,,,1a6cf5f69b6922af61b65b645f14fc96fca1163efb7484801fa48438d1b7918a,0f33333421030409,194,172,8574,73.888606,34.859452,84.173493,exact-986f1215ee48,near-9919a1c5837c,quarantine,"MISSING_PROVENANCE:subject_id,session_id,clip_id,device_id"
20441a4342d6aa5aa583,train/images/1774342233706935.jpg,train,1,,,,,,,,068cb76a302aff9a04a772c4fb7118dfe6c7bfeab3ffc59436bce1f78bf312ef,0f1b333334050902,182,162,7825,77.851682,33.611730,78.306013,exact-3f041d6cc07b,near-b76d857cee1a,quarantine,"MISSING_PROVENANCE:subject_id,session_id,clip_id,device_id"
62a76bd483e44339ead5,train/images/17743422337551146.jpg,train,1,,,,,,,,e39220861553a35e5a335554ac23db8c579c382522c9caddf799fd1822e2e961,0f3333303109060d,187,166,8169,75.781135,34.608541,79.804446,exact-e92f5dcb1483,near-e92f5dcb1483,quarantine,"MISSING_PROVENANCE:subject_id,session_id,clip_id,device_id"
8dfd04cccb82ac20f763,train/images/17743422337824702.jpg,train,1,,,,,,,,e39220861553a35e5a335554ac23db8c579c382522c9caddf799fd1822e2e961,0f3333303109060d,187,166,8169,75.781135,34.608541,79.804446,exact-e92f5dcb1483,near-e92f5dcb1483,quarantine,"MISSING_PROVENANCE:subject_id,session_id,clip_id,device_id"
30fbcee1fddfadaedb58,train/images/1774342233813218.jpg,train,1,,,,,,,,e39220861553a35e5a335554ac23db8c579c382522c9caddf799fd1822e2e961,0f3333303109060d,187,166,8169,75.781135,34.608541,79.804446,exact-e92f5dcb1483,near-e92f5dcb1483,quarantine,"MISSING_PROVENANCE:subject_id,session_id,clip_id,device_id"
6c41a381dc41397cebe1,train/images/1774342233855827.jpg,train,1,,,,,,,,9d0b9afb33acf408d99dfb173b39f029dbfc3779876fc08bac051af92e8afd20,0f33333625010906,190,169,8115,75.927344,33.983249,79.612832,exact-6d394d28c61b,near-6d394d28c61b,quarantine,"MISSING_PROVENANCE:subject_id,session_id,clip_id,device_id"
9d678d7a6194251c5d94,train/images/17743422338726144.jpg,train,1,,,,,,,,9d0b9afb33acf408d99dfb173b39f029dbfc3779876fc08bac051af92e8afd20,0f33333625010906,190,169,8115,75.927344,33.983249,79.612832,exact-6d394d28c61b,near-6d394d28c61b,quarantine,"MISSING_PROVENANCE:subject_id,session_id,clip_id,device_id"
b6b2df81aff4aaae81c4,train/images/17743422339473855.jpg,train,1,,,,,,,,f124626bff79770097f31ddd17b2c85135371142aa8973705904068b04d53d6e,0f3733352903060b,197,175,8587,75.080348,34.322004,82.824786,exact-30e6c91b1dd6,near-9919a1c5837c,quarantine,"MISSING_PROVENANCE:subject_id,session_id,clip_id,device_id"
680d0fabfe782b82cf2e,train/images/17743422340568783.jpg,train,1,,,,,,,,87229588df9e285c1de9d781e99fd5c36e5a0c7b880f7563fe8c71afcbedf2f7,0f33333529130609,194,172,8524,75.035873,34.841712,76.455278,exact-8596f85b904c,near-9919a1c5837c,quarantine,"MISSING_PROVENANCE:subject_id,session_id,clip_id,device_id"
3a7bbdcd4b6e7707d619,train/images/17743422340868962.jpg,train,1,,,,,,,,87229588df9e285c1de9d781e99fd5c36e5a0c7b880f7563fe8c71afcbedf2f7,0f33333529130609,194,172,8524,75.035873,34.841712,76.455278,exact-8596f85b904c,near-9919a1c5837c,quarantine,"MISSING_PROVENANCE:subject_id,session_id,clip_id,device_id"
cfe10c330018213ceeb7,train/images/17743422341032698.jpg,train,1,,,,,,,,87229588df9e285c1de9d781e99fd5c36e5a0c7b880f7563fe8c71afcbedf2f7,0f33333529130609,194,172,8524,75.035873,34.841712,76.455278,exact-8596f85b904c,near-9919a1c5837c,quarantine,"MISSING_PROVENANCE:subject_id,session_id,clip_id,device_id"
e0bc38abfd5d961dfdb3,train/images/17743422341766965.jpg,train,1,,,,,,,,398c77fcd7228ba76f3c8413c8fdbdfb8060bfc24a1b9a97c114137bd316a83e,0f2623272c090906,195,174,8470,75.824963,34.254377,74.155346,exact-93e1e24b40b2,near-93e1e24b40b2,quarantine,"MISSING_PROVENANCE:subject_id,session_id,clip_id,device_id"
ac82b53425de8009fe16,train/images/17743422342031004.jpg,train,1,,,,,,,,398c77fcd7228ba76f3c8413c8fdbdfb8060bfc24a1b9a97c114137bd316a83e,0f2623272c090906,195,174,8470,75.824963,34.254377,74.155346,exact-93e1e24b40b2,near-93e1e24b40b2,quarantine,"MISSING_PROVENANCE:subject_id,session_id,clip_id,device_id"
02948ca042019a42bf7e,train/images/17743422342488983.jpg,train,1,,,,,,,,9af8cdce1338f40997fdb8440e5c0563e191a89debbb0ba20dd953de3d086820,0f0723272c0c0c0e,198,176,8287,70.826217,33.892286,71.030388,exact-3ce3c897a06f,near-3ce3c897a06f,quarantine,"MISSING_PROVENANCE:subject_id,session_id,clip_id,device_id"
250768213a0c4c145c86,train/images/17743422342782052.jpg,train,1,,,,,,,,9af8cdce1338f40997fdb8440e5c0563e191a89debbb0ba20dd953de3d086820,0f0723272c0c0c0e,198,176,8287,70.826217,33.892286,71.030388,exact-3ce3c897a06f,near-3ce3c897a06f,quarantine,"MISSING_PROVENANCE:subject_id,session_id,clip_id,device_id"
16d6257c78ec60649ef3,train/images/17743422342965643.jpg,train,1,,,,,,,,9af8cdce1338f40997fdb8440e5c0563e191a89debbb0ba20dd953de3d086820,0f0723272c0c0c0e,198,176,8287,70.826217,33.892286,71.030388,exact-3ce3c897a06f,near-3ce3c897a06f,quarantine,"MISSING_PROVENANCE:subject_id,session_id,clip_id,device_id"
f9203c7925ca9b71b9ac,train/images/17743422343619034.jpg,train,1,,,,,,,,641de2c9cee7e91482b1a8594bef227206f7fcfe69f5e90570aac3fc14984133,08040161591f0e0e,210,187,8755,66.014744,35.425647,37.217341,exact-7d123f1685c5,near-7d123f1685c5,quarantine,"MISSING_PROVENANCE:subject_id,session_id,clip_id,device_id"
e836a74d7aba8a883b38,train/images/17743422343845353.jpg,train,1,,,,,,,,641de2c9cee7e91482b1a8594bef227206f7fcfe69f5e90570aac3fc14984133,08040161591f0e0e,210,187,8755,66.014744,35.425647,37.217341,exact-7d123f1685c5,near-7d123f1685c5,quarantine,"MISSING_PROVENANCE:subject_id,session_id,clip_id,device_id"
f22574d48090d11b63b6,train/images/17743422344119267.jpg,train,1,,,,,,,,641de2c9cee7e91482b1a8594bef227206f7fcfe69f5e90570aac3fc14984133,08040161591f0e0e,210,187,8755,66.014744,35.425647,37.217341,exact-7d123f1685c5,near-7d123f1685c5,quarantine,"MISSING_PROVENANCE:subject_id,session_id,clip_id,device_id"
9c130a9ea208969fbadb,train/images/17743422345525038.jpg,train,1,,,,,,,,543e78e31244d0b277e6fa07ac260c31636fb1b859d6467b8fdcd9ae9ab4b85c,0e060452130f0706,207,184,9455,70.098220,36.298662,62.956400,exact-c65394375f27,near-c65394375f27,quarantine,"MISSING_PROVENANCE:subject_id,session_id,clip_id,device_id"
b90e48bc4369df067f11,train/images/1774342234612864.jpg,train,1,,,,,,,,543e78e31244d0b277e6fa07ac260c31636fb1b859d6467b8fdcd9ae9ab4b85c,0e060452130f0706,207,184,9455,70.098220,36.298662,62.956400,exact-c65394375f27,near-c65394375f27,quarantine,"MISSING_PROVENANCE:subject_id,session_id,clip_id,device_id"
1aaf6f2ada0789702ad9,train/images/1774342234653527.jpg,train,1,,,,,,,,3779963dfd63b7f08a1bc0899eddda99408acb955dec1b263b14d8d9cd48ad48,0c062632030f0f06,214,190,10562,71.137654,37.053012,79.127956,exact-5bdfc36a491c,near-a1aa7a276873,quarantine,"MISSING_PROVENANCE:subject_id,session_id,clip_id,device_id"
7170da08632b0c7fce56,train/images/17743422347019353.jpg,train,1,,,,,,,,3779963dfd63b7f08a1bc0899eddda99408acb955dec1b263b14d8d9cd48ad48,0c062632030f0f06,214,190,10562,71.137654,37.053012,79.127956,exact-5bdfc36a491c,near-a1aa7a276873,quarantine,"MISSING_PROVENANCE:subject_id,session_id,clip_id,device_id"
d9f72e79bc8ad0b6f61f,train/images/17743422347649634.jpg,train,1,,,,,,,,b26e017f85b52a84cc3015c16540fb8c06d17844965a0055f73540c583684834,0e062633070f0f0e,216,192,10920,71.896267,37.466526,91.610773,exact-ecdf6b3ecb35,near-a1aa7a276873,quarantine,"MISSING_PROVENANCE:subject_id,session_id,clip_id,device_id"
070b8a6f185dbaf57353,train/images/17743422347860222.jpg,train,1,,,,,,,,b26e017f85b52a84cc3015c16540fb8c06d17844965a0055f73540c583684834,0e062633070f0f0e,216,192,10920,71.896267,37.466526,91.610773,exact-ecdf6b3ecb35,near-a1aa7a276873,quarantine,"MISSING_PROVENANCE:subject_id,session_id,clip_id,device_id"
8aa1ced4a6a7784fa89b,train/images/17743422349195864.jpg,train,1,,,,,,,,d27aa882dd484895db2e3763fe76416a69af6c06ea987ac86698f96f69852fff,0c062723070f070f,209,186,10553,72.076658,37.987591,91.971588,exact-f56c69bd6881,near-f56c69bd6881,quarantine,"MISSING_PROVENANCE:subject_id,session_id,clip_id,device_id"
13ade9c3cfdc97f462b0,train/images/1774342234955148.jpg,train,1,,,,,,,,05034229495e9d700ad03bef1e05d3fb7645aada2bc707d4505f9bc13b68d525,0e062627230f0707,202,180,10012,74.312871,37.452565,97.125087,exact-74b5fa51c198,near-74b5fa51c198,quarantine,"MISSING_PROVENANCE:subject_id,session_id,clip_id,device_id"
0804fe5b1d89ce3a1de3,train/images/17743422349786842.jpg,train,1,,,,,,,,05034229495e9d700ad03bef1e05d3fb7645aada2bc707d4505f9bc13b68d525,0e062627230f0707,202,180,10012,74.312871,37.452565,97.125087,exact-74b5fa51c198,near-74b5fa51c198,quarantine,"MISSING_PROVENANCE:subject_id,session_id,clip_id,device_id"
5edf143f98eebb3fb430,train/images/17743422355622134.jpg,train,1,,,,,,,,d98ead94815ee82a2baf2e260bd4fe1cb548f93ee32ebb04f79e572dc01c11e1,8e06070e070f070f,216,192,10192,75.529104,39.468736,83.803505,exact-9a350d311dee,near-9a350d311dee,quarantine,"MISSING_PROVENANCE:subject_id,session_id,clip_id,device_id"
239b924d17f1509b4787,train/images/17743422355907466.jpg,train,1,,,,,,,,d98ead94815ee82a2baf2e260bd4fe1cb548f93ee32ebb04f79e572dc01c11e1,8e06070e070f070f,216,192,10192,75.529104,39.468736,83.803505,exact-9a350d311dee,near-9a350d311dee,quarantine,"MISSING_PROVENANCE:subject_id,session_id,clip_id,device_id"
ee20b565e02507f0288e,train/images/17743422356190512.jpg,train,1,,,,,,,,d98ead94815ee82a2baf2e260bd4fe1cb548f93ee32ebb04f79e572dc01c11e1,8e06070e070f070f,216,192,10192,75.529104,39.468736,83.803505,exact-9a350d311dee,near-9a350d311dee,quarantine,"MISSING_PROVENANCE:subject_id,session_id,clip_id,device_id"
455f68733c4af9b45f88,train/images/17743422356592827.jpg,train,1,,,,,,,,dbe400a3268134a72aabc6eeccac18199ec3d93141a235a22af982479cf50d2c,0e0e0757131f0707,202,180,9401,80.509103,38.425634,68.034387,exact-528ec9906100,near-528ec9906100,quarantine,"MISSING_PROVENANCE:subject_id,session_id,clip_id,device_id"
a73df6b53406d61eecd8,train/images/1774342235678745.jpg,train,1,,,,,,,,dbe400a3268134a72aabc6eeccac18199ec3d93141a235a22af982479cf50d2c,0e0e0757131f0707,202,180,9401,80.509103,38.425634,68.034387,exact-528ec9906100,near-528ec9906100,quarantine,"MISSING_PROVENANCE:subject_id,session_id,clip_id,device_id"
35222ad96134090b3b7d,train/images/17743422357088435.jpg,train,1,,,,,,,,dbe400a3268134a72aabc6eeccac18199ec3d93141a235a22af982479cf50d2c,0e0e0757131f0707,202,180,9401,80.509103,38.425634,68.034387,exact-528ec9906100,near-528ec9906100,quarantine,"MISSING_PROVENANCE:subject_id,session_id,clip_id,device_id"
26f87395ecc72839b1cb,train/images/17743422357832086.jpg,train,1,,,,,,,,9b99449430ddde9adfe088ec204d705a171ca661b442402ef817ed67607bb565,0e0f061713190707,191,170,8587,81.601817,37.328929,68.660906,exact-d6263d907675,near-d6263d907675,quarantine,"MISSING_PROVENANCE:subject_id,session_id,clip_id,device_id"
6bbdb15a4083087201cc,train/images/17743422358500228.jpg,train,1,,,,,,,,f66316473b12f45b27d7682e5b6abc12a7ce72e1d5fa4613d6a7403fcf2d824a,ce0c0717171b070e,221,198,9845,73.851570,39.459614,66.787937,exact-83ce7ab80e3b,near-83ce7ab80e3b,quarantine,"MISSING_PROVENANCE:subject_id,session_id,clip_id,device_id"
f34fa7bd1e586da6181e,train/images/17743422358728516.jpg,train,1,,,,,,,,f66316473b12f45b27d7682e5b6abc12a7ce72e1d5fa4613d6a7403fcf2d824a,ce0c0717171b070e,221,198,9845,73.851570,39.459614,66.787937,exact-83ce7ab80e3b,near-83ce7ab80e3b,quarantine,"MISSING_PROVENANCE:subject_id,session_id,clip_id,device_id"
e54dec5bd9bf69f064d5,train/images/17743422361565864.jpg,train,1,,,,,,,,4c99e1f1953e0e438a7062afb2ff05e6d5e7423c05c0f94316c1b60b7c1c690c,030f47170b0f0f1f,207,184,8327,76.532687,36.162913,48.601081,exact-94ec913adbd8,near-94ec913adbd8,quarantine,"MISSING_PROVENANCE:subject_id,session_id,clip_id,device_id"
3c1adb12b0446f894993,train/images/1774342236177644.jpg,train,1,,,,,,,,4c99e1f1953e0e438a7062afb2ff05e6d5e7423c05c0f94316c1b60b7c1c690c,030f47170b0f0f1f,207,184,8327,76.532687,36.162913,48.601081,exact-94ec913adbd8,near-94ec913adbd8,quarantine,"MISSING_PROVENANCE:subject_id,session_id,clip_id,device_id"
0917a5090e68cedde0b5,train/images/17743422362057848.jpg,train,1,,,,,,,,4c99e1f1953e0e438a7062afb2ff05e6d5e7423c05c0f94316c1b60b7c1c690c,030f47170b0f0f1f,207,184,8327,76.532687,36.162913,48.601081,exact-94ec913adbd8,near-94ec913adbd8,quarantine,"MISSING_PROVENANCE:subject_id,session_id,clip_id,device_id"
a4524b2f8bbbfa064e74,train/images/17743422363648336.jpg,train,1,,,,,,,,860d0a9a8dda75c57e5ec135b0e8f4998f5c4b8f6758a19540a9a96a9fd032e4,0727132b0d0f070f,207,184,9612,72.586641,36.625037,76.321009,exact-7c9a5c7440fb,near-7c9a5c7440fb,quarantine,"MISSING_PROVENANCE:subject_id,session_id,clip_id,device_id"
fd2c3dd2886d5d5fcbda,train/images/17743422363892157.jpg,train,1,,,,,,,,860d0a9a8dda75c57e5ec135b0e8f4998f5c4b8f6758a19540a9a96a9fd032e4,0727132b0d0f070f,207,184,9612,72.586641,36.625037,76.321009,exact-7c9a5c7440fb,near-7c9a5c7440fb,quarantine,"MISSING_PROVENANCE:subject_id,session_id,clip_id,device_id"
3ef1aaa80d42827c35ef,train/images/17743422364190614.jpg,train,1,,,,,,,,860d0a9a8dda75c57e5ec135b0e8f4998f5c4b8f6758a19540a9a96a9fd032e4,0727132b0d0f070f,207,184,9612,72.586641,36.625037,76.321009,exact-7c9a5c7440fb,near-7c9a5c7440fb,quarantine,"MISSING_PROVENANCE:subject_id,session_id,clip_id,device_id"
5d316cecea301d3c485a,train/images/1774342236479411.jpg,train,1,,,,,,,,341f29d2859f6d360d5dbd92338606911563573b0ff136ae921f68c638f37188,87070b2b0d0f0f0f,217,193,11072,69.674387,37.549780,96.974827,exact-0a32bbf5346d,near-a0220459d8a2,quarantine,"MISSING_PROVENANCE:subject_id,session_id,clip_id,device_id"
6cf716754cdf4e79d7d1,train/images/17743422365073369.jpg,train,1,,,,,,,,341f29d2859f6d360d5dbd92338606911563573b0ff136ae921f68c638f37188,87070b2b0d0f0f0f,217,193,11072,69.674387,37.549780,96.974827,exact-0a32bbf5346d,near-a0220459d8a2,quarantine,"MISSING_PROVENANCE:subject_id,session_id,clip_id,device_id"
997fe63890e15bbcc11f,train/images/17743422365536983.jpg,train,1,,,,,,,,c8851e27cd94d13c93eb3b07efd8acc06da48d5954928edce10af58d0fbc45ad,070b03270d0f0f0f,211,188,9883,70.598543,36.928653,87.410731,exact-15666f975173,near-d6b1e3bf3af6,quarantine,"MISSING_PROVENANCE:subject_id,session_id,clip_id,device_id"
504c4495351aa465462d,train/images/1774342236581138.jpg,train,1,,,,,,,,c8851e27cd94d13c93eb3b07efd8acc06da48d5954928edce10af58d0fbc45ad,070b03270d0f0f0f,211,188,9883,70.598543,36.928653,87.410731,exact-15666f975173,near-d6b1e3bf3af6,quarantine,"MISSING_PROVENANCE:subject_id,session_id,clip_id,device_id"
cf0a649f37817a9900d6,train/images/1774342236613648.jpg,train,1,,,,,,,,c8851e27cd94d13c93eb3b07efd8acc06da48d5954928edce10af58d0fbc45ad,070b03270d0f0f0f,211,188,9883,70.598543,36.928653,87.410731,exact-15666f975173,near-d6b1e3bf3af6,quarantine,"MISSING_PROVENANCE:subject_id,session_id,clip_id,device_id"
ca031beab1a7fb2cd198,train/images/1774342236666387.jpg,train,1,,,,,,,,ec0e95d3bfdfd89d2bc1f8cdfbac1d048a435b875fec5e83f5e83c108ed45a89,0f0723270d0f0f0f,207,184,9191,69.787571,37.142939,88.139957,exact-4ce2a344c09b,near-d6b1e3bf3af6,quarantine,"MISSING_PROVENANCE:subject_id,session_id,clip_id,device_id"
c1027b69b773fd8abb77,train/images/17743422366901834.jpg,train,1,,,,,,,,ec0e95d3bfdfd89d2bc1f8cdfbac1d048a435b875fec5e83f5e83c108ed45a89,0f0723270d0f0f0f,207,184,9191,69.787571,37.142939,88.139957,exact-4ce2a344c09b,near-d6b1e3bf3af6,quarantine,"MISSING_PROVENANCE:subject_id,session_id,clip_id,device_id"
4b00fd3983cf5315bdd2,train/images/17743422367686353.jpg,train,1,,,,,,,,8613ab894b2defbcf29974d7040fb6b820ce64ff44dce44e8718c3ae39d0cc6f,0f072323290f0f07,206,183,9500,71.661070,36.981361,88.302598,exact-748dd5159736,near-d6b1e3bf3af6,quarantine,"MISSING_PROVENANCE:subject_id,session_id,clip_id,device_id"
c96e3bcc8986f4a0001a,train/images/17743422367922118.jpg,train,1,,,,,,,,8613ab894b2defbcf29974d7040fb6b820ce64ff44dce44e8718c3ae39d0cc6f,0f072323290f0f07,206,183,9500,71.661070,36.981361,88.302598,exact-748dd5159736,near-d6b1e3bf3af6,quarantine,"MISSING_PROVENANCE:subject_id,session_id,clip_id,device_id"
9be23342ee406607c718,train/images/17743422372086.jpg,train,1,,,,,,,,b2d327228055ef8041a85eee5b3c9bc8c3e9db5ae4d04d7d9f9f1c48af84665d,8e072327090f0707,217,193,10765,71.382703,37.417987,108.314129,exact-fbb2a73b0bac,near-d6b1e3bf3af6,quarantine,"MISSING_PROVENANCE:subject_id,session_id,clip_id,device_id"
bb0b0f496edb1b50a1d9,train/images/1774342237493389.jpg,train,1,,,,,,,,a336fda906bc20a42ef188d4d4ee3ef2b519e6d3494bb10194e5e92b0e0ab8f0,0e070707090f0f07,218,194,10817,75.044122,37.675606,103.436475,exact-46d4c7c3285e,near-df82c08d9228,quarantine,"MISSING_PROVENANCE:subject_id,session_id,clip_id,device_id"
1f788ddb1481cd809e97,train/images/1774342284805669.jpg,train,0,,,,,,,,a267a523f645cf0c50724f433e8266938ea0cd62cba711086877362dcb3e48f2,0f0f3b130f0f0f0f,145,129,7701,151.827586,79.936382,98.726639,exact-debc96817a35,near-da8c9db6731d,quarantine,"MISSING_PROVENANCE:subject_id,session_id,clip_id,device_id"
707df5f2018af82bb1cb,train/images/1774342284835711.jpg,train,0,,,,,,,,6e03889a81426c8e655b7694f5b506adab448b1e7882a8655d3fddadb02f2a35,2f0f3b130f0f0f0f,160,142,8642,138.533803,84.523477,87.564613,exact-e6d3cee8c029,near-da8c9db6731d,quarantine,"MISSING_PROVENANCE:subject_id,session_id,clip_id,device_id"
e82827f4b7398be81869,train/images/1774342285134634.jpg,train,0,,,,,,,,1c1c4e0fefca17d2a79df6be32b0c65187be82c20286264c66182a0d2e038389,0f0f2333370f0f0f,139,123,7497,164.522957,73.263934,149.759268,exact-7f5642cd0c85,near-7f5642cd0c85,quarantine,"MISSING_PROVENANCE:subject_id,session_id,clip_id,device_id"
96a3cb5e6415d3be3f81,train/images/1774342285383703.jpg,train,0,,,,,,,,57b51ba92503f74ae16fc15f687c1e2e22c99aeb346862d32016742a312d685a,0f0f33330f0f0f2f,159,141,8936,141.227040,82.376431,110.248985,exact-eef79a6a04f7,near-da8c9db6731d,quarantine,"MISSING_PROVENANCE:subject_id,session_id,clip_id,device_id"
fbeef91cd688517fc1e8,train/images/1774342285459833.jpg,train,0,,,,,,,,f7b7c48f35b1b8936a4a1e501c76c10b713d3d4cc2c59525164aefd8fa508fc6,0f0f37370f0f0f0d,152,135,8336,143.114425,82.772350,126.897179,exact-084917af1483,near-da8c9db6731d,quarantine,"MISSING_PROVENANCE:subject_id,session_id,clip_id,device_id"
feda8b9f0fc5fd269ed2,train/images/1774342285600441.jpg,train,0,,,,,,,,ecd5fe222e9919c70e5cd951a6786c5de8abb11840c223a554a79536cdc4520a,0f0f37370f0f0f2d,170,151,9800,128.740631,86.459450,108.688455,exact-b22eb34537f6,near-da8c9db6731d,quarantine,"MISSING_PROVENANCE:subject_id,session_id,clip_id,device_id"
81c1082e4538ae6cf798,train/images/1774342285787911.jpg,train,0,,,,,,,,e26d849bb17eade413b9fe5b984c0426704f32369551c21ead22d40bd338b7d2,1f0727270f0f0f6d,156,139,8379,130.553634,80.424812,90.995543,exact-835cc509d6d8,near-da8c9db6731d,quarantine,"MISSING_PROVENANCE:subject_id,session_id,clip_id,device_id"
eb7812702982613b080f,train/images/1774342285837147.jpg,train,0,,,,,,,,16cfc635c6fd7147a26d86ecfb443d66ef5cd9712efa5c79f1beb48bc950f391,0f2f27270f0f0f4d,153,136,8166,135.491542,78.629256,106.740964,exact-2f1d593cd98c,near-da8c9db6731d,quarantine,"MISSING_PROVENANCE:subject_id,session_id,clip_id,device_id"
8a70322492c97a5cc72d,train/images/1774342285897943.jpg,train,0,,,,,,,,7dfa75bec93d92e754279aceb27b2ca73ab9a164dbee9c08b98677ee1c7400db,0f2f27370f0f0f4d,153,136,7894,139.760669,77.210412,92.749282,exact-339d9d13edba,near-da8c9db6731d,quarantine,"MISSING_PROVENANCE:subject_id,session_id,clip_id,device_id"
260ee6658dda00a39a58,train/images/1774342286306298.jpg,train,0,,,,,,,,dcff91737e564411e7d027201275928b5eb1eba5e5c2d6192dcbdeed82fca35e,1f1f37275f0f0f4f,168,150,9416,135.745873,79.020325,100.138132,exact-40a7ae9a07a9,near-9921f1f91726,quarantine,"MISSING_PROVENANCE:subject_id,session_id,clip_id,device_id"
5781a352b1e8eb31da9a,train/images/1774342286463228.jpg,train,0,,,,,,,,e94f912858f2764d0c630a0de94eff935e3d6ac6059b22591f4cbcb5997926bb,1f1f77277f0f0f0f,155,138,8395,150.509397,71.825972,102.850680,exact-d6420a4ee44b,near-9921f1f91726,quarantine,"MISSING_PROVENANCE:subject_id,session_id,clip_id,device_id"
9f34410d1a7528b369dc,train/images/1774342286581569.jpg,train,0,,,,,,,,ec96f9fb5a54632bbb9f57752b9126b97f63402e9d7ebc367d3714bf887a4a02,1f0f37375f0f0f4f,162,144,8829,138.567558,77.831078,104.375032,exact-16b30490a644,near-9921f1f91726,quarantine,"MISSING_PROVENANCE:subject_id,session_id,clip_id,device_id"
0a383ddaef44af7a7cdd,train/images/1774342294123699.jpg,train,0,,,,,,,,da67048936f6dd9ff081f5a65d24a07a0b451df7a78d57913b339de07b83599e,1ab3035e17279705,190,169,13401,183.063314,56.604710,174.311143,exact-ce7d916f3b5c,near-ce7d916f3b5c,quarantine,"MISSING_PROVENANCE:subject_id,session_id,clip_id,device_id"
8a7a3fa1ab3b7af3ba7f,train/images/1774342294186888.jpg,train,0,,,,,,,,e79b2232bc73d92f8501dfdca624cf369c38057b6c025e85bee9a13c65fbf880,3223439e27272715,191,170,12954,183.006067,55.333894,133.534548,exact-98964da49d0a,near-98964da49d0a,quarantine,"MISSING_PROVENANCE:subject_id,session_id,clip_id,device_id"
e645deb0cedbaafa56d7,train/images/1774342306926013.jpg,train,0,,,,,,,,8c7b34e500b413bf1f98c45e756a8f6cd0620453ccf100b48c422228d502d4a3,e38507811b030190,218,194,13243,192.237492,64.370222,60.119963,exact-3658d7fa3c43,near-3658d7fa3c43,quarantine,"MISSING_PROVENANCE:subject_id,session_id,clip_id,device_id"
513523457dd32df77308,train/images/1774342307323486.jpg,train,0,,,,,,,,f136781b34f4eca546aec8beec6c3e1a61c805f2c1c42d74eb6e8e8a668bdb62,c307079993031190,216,192,12660,187.930483,68.177426,49.644084,exact-c24cf8d31cf7,near-8dbbf895c2c0,quarantine,"MISSING_PROVENANCE:subject_id,session_id,clip_id,device_id"
ec7bcc057b5776c5ce31,train/images/1774342307754712.jpg,train,0,,,,,,,,21f1399c35183ec1c60cd77b236d4e2589e8c00722502efbbe116a104080ee0d,430507899b031111,182,162,9815,199.954518,65.742729,80.739762,exact-51cfe39433c3,near-51cfe39433c3,quarantine,"MISSING_PROVENANCE:subject_id,session_id,clip_id,device_id"
f4e649701cbffcd150b0,train/images/1774342308331224.jpg,train,0,,,,,,,,e1d187877730501a7d3a98ad3648139fbf58b981d3769436fd7d160699a0b416,e305071113030300,186,165,10359,187.732128,71.286578,82.825688,exact-0aa598c735f7,near-0aa598c735f7,quarantine,"MISSING_PROVENANCE:subject_id,session_id,clip_id,device_id"
635be1f9b2073cc3ff3c,train/images/1774342308600779.jpg,train,0,,,,,,,,4e8d4543fe333e3ca76b41052b9ef4dd704e20bab77c70d484ed153857d90395,e3870f8713030380,197,175,11526,184.167455,68.726891,60.040512,exact-3cb65cad26f0,near-3cb65cad26f0,quarantine,"MISSING_PROVENANCE:subject_id,session_id,clip_id,device_id"
95d1b445396c49e5c1a3,train/images/1774342308761197.jpg,train,0,,,,,,,,2101665c33f9a4b678e083bebeefb2e44891d7846518dd20656e46858610164b,6307078313030300,189,168,10278,182.662257,67.904068,70.115369,exact-3837e1aa083f,near-8dbbf895c2c0,quarantine,"MISSING_PROVENANCE:subject_id,session_id,clip_id,device_id"
edba8f966fc264e3ed25,train/images/1774342308827161.jpg,train,0,,,,,,,,09772955e79a2d25d1c79f9466f3cef5c4013033184553b514631c070b74428e,6307078993030301,189,168,10364,183.623236,66.673564,66.568620,exact-759b87b87ba0,near-8dbbf895c2c0,quarantine,"MISSING_PROVENANCE:subject_id,session_id,clip_id,device_id"
aa85a40600cc82ef67d1,train/images/1774342309034344.jpg,train,0,,,,,,,,a2af58fcc4d78941312a1b3da94ecf0a0d94349019bb14cd13a88fa0a35073fd,870f0f131b070300,180,160,8962,191.040208,59.607401,45.060019,exact-8590ac062555,near-8dbbf895c2c0,quarantine,"MISSING_PROVENANCE:subject_id,session_id,clip_id,device_id"
3691681029ba572fdcc4,train/images/1774342309135816.jpg,train,0,,,,,,,,475b0cef1405933a8c9898c0c7264b5c2b886c39ae222300c399d9435d363ecd,c70d0f8b9b030390,195,174,11256,181.695402,64.334730,66.700285,exact-38879b6376fb,near-8dbbf895c2c0,quarantine,"MISSING_PROVENANCE:subject_id,session_id,clip_id,device_id"
99186d60137fbd6bb1cb,train/images/1774342309202173.jpg,train,0,,,,,,,,1225a2c49e1c7deb886973418e78224c405bcc689e1c19f7fc22927fc80ff28f,c70f0f0b130b0300,195,174,10934,183.500766,62.381827,66.775418,exact-aaf5060b9517,near-8dbbf895c2c0,quarantine,"MISSING_PROVENANCE:subject_id,session_id,clip_id,device_id"
8d87e0e9b0dee706f435,train/images/1774342309416159.jpg,train,0,,,,,,,,4bdfd9921a4f9ef4d28c0ec2b30d35f90cf3635e9e3b3b655d3447c203348385,c70f0f8b93030390,198,176,10603,175.495122,63.213159,55.711674,exact-dff17949eb4f,near-8dbbf895c2c0,quarantine,"MISSING_PROVENANCE:subject_id,session_id,clip_id,device_id"
fdfda394bb016b0cd962,train/images/1774342309573853.jpg,train,0,,,,,,,,c8c73ae7e0ea73e081f15e401e093968d8d600542c392b74b171ea1cf24969c4,870f0f130b030300,186,165,9833,178.734376,62.987801,47.110426,exact-fbe10beedf9d,near-8dbbf895c2c0,quarantine,"MISSING_PROVENANCE:subject_id,session_id,clip_id,device_id"
7ccab505203e4b59a6cc,train/images/1774342309650381.jpg,train,0,,,,,,,,890f4c245a199d436c0ddd3683957a5b5ea39dc45fc600c121b3298d4078d3ae,430f070b93030301,187,166,10366,181.819857,60.996923,49.091092,exact-72805ff7c0f2,near-8dbbf895c2c0,quarantine,"MISSING_PROVENANCE:subject_id,session_id,clip_id,device_id"
f6dddb304eef6320c1d2,train/images/1774342309712875.jpg,train,0,,,,,,,,73c8f828cbc86d24cd701bbec2268664cfae8ada77f3fe9f7990fcf8714c35d5,c30f070b13030301,180,160,9581,183.426146,62.040037,52.824634,exact-70d432707ec2,near-8dbbf895c2c0,quarantine,"MISSING_PROVENANCE:subject_id,session_id,clip_id,device_id"
860b50d0f95407090009,train/images/1774342309786303.jpg,train,0,,,,,,,,5a4e65773b2d4b42d2c4a888393133c20f1a9e8bea3511725b94668b7423d66c,430f078b03030390,195,174,11522,173.104509,67.432140,57.685084,exact-2c3f699f4b5f,near-8dbbf895c2c0,quarantine,"MISSING_PROVENANCE:subject_id,session_id,clip_id,device_id"
3d22f992f690654b0a39,train/images/1774342309872201.jpg,train,0,,,,,,,,88e3c146348f9b9708c03be11aa7a38b8b197946f8226cf7c60b8c9263629836,e307078b93030390,198,176,11563,172.186037,67.558237,76.292527,exact-55c8079ac96c,near-8dbbf895c2c0,quarantine,"MISSING_PROVENANCE:subject_id,session_id,clip_id,device_id"
9cc11aef7d7a027435b9,train/images/1774342310343491.jpg,train,0,,,,,,,,56b5eb53ed936abfb7179f2e2bc3b978a05644ff76f08ae5679e8f32485ad1df,c307078911030301,180,160,9365,171.447847,64.914398,68.951107,exact-ba9c56224705,near-8dbbf895c2c0,quarantine,"MISSING_PROVENANCE:subject_id,session_id,clip_id,device_id"
73ab73e21179c1163b40,train/images/1774342310437681.jpg,train,0,,,,,,,,6b00e6f28c1777587f06bf8af95e1e7a0efbfeafef8818fdd3f2d9b618a79dd1,070d071901030301,163,145,7657,183.312587,59.730879,49.412782,exact-926a7fc32c08,near-8dbbf895c2c0,quarantine,"MISSING_PROVENANCE:subject_id,session_id,clip_id,device_id"
138f5a2562122b9e5c85,train/images/1774342310635921.jpg,train,0,,,,,,,,53a3e0fb5d74c8ff28662daf74baad531ef11cd14c49a99a4e39d223aa445695,0f0f0f1303030300,176,157,8809,168.736646,67.705440,63.757550,exact-fe50b6495472,near-8dbbf895c2c0,quarantine,"MISSING_PROVENANCE:subject_id,session_id,clip_id,device_id"
1b69be4a20d6af821a83,train/images/1774342310666756.jpg,train,0,,,,,,,,86f22b375ab1dcefe60639558c92c20aace01e190edb3f18d07e9b112f2aa3e2,870f071b03030300,174,154,8652,171.324862,65.613671,59.745923,exact-25b7c81e7700,near-8dbbf895c2c0,quarantine,"MISSING_PROVENANCE:subject_id,session_id,clip_id,device_id"
eeb39f399dd402df458a,train/images/1774342311270462.jpg,train,0,,,,,,,,b31b46310908fd5849d2fc2914f04ec4df9d9bd42357c5511d641c1be32a4590,870f070b13030300,176,157,8785,147.724016,59.834227,68.801775,exact-c0d2d188feaa,near-8dbbf895c2c0,quarantine,"MISSING_PROVENANCE:subject_id,session_id,clip_id,device_id"
9628786ca7e9426ad2a6,train/images/1774342311376184.jpg,train,0,,,,,,,,5db74891398a2b0cb741ab854cd23021eff2b792f95d5516cd241ad3abe14a2e,870f070913030301,166,147,7874,151.369314,56.745034,57.208555,exact-40fb7164e459,near-8dbbf895c2c0,quarantine,"MISSING_PROVENANCE:subject_id,session_id,clip_id,device_id"
fb65844a6093eba4a67d,train/images/177434231145084.jpg,train,0,,,,,,,,53992311412e1e25308c863ac504fcc58e352d6013172ac9bc3b8631745c4805,870f070911030301,167,148,7676,148.470667,57.681312,51.048190,exact-8c004c94eb68,near-8dbbf895c2c0,quarantine,"MISSING_PROVENANCE:subject_id,session_id,clip_id,device_id"
02dac60be3353d086fd4,train/images/1774342311515769.jpg,train,0,,,,,,,,7aef9613683865f2b3efaf502f325dd42e3a80d89fd9eb4ab3101c7572eb4e12,8707070911030311,171,152,8138,143.087873,59.664644,62.651990,exact-abbb9233cee3,near-8dbbf895c2c0,quarantine,"MISSING_PROVENANCE:subject_id,session_id,clip_id,device_id"
c9cc4419374e0e901fbf,train/images/1774342311817878.jpg,train,0,,,,,,,,63bc7338fbd677cb863079ba4a16c9a456d8b7bf273044a5e211bb100c77729b,c707078913030390,175,156,8823,137.872198,60.769647,75.900110,exact-3292bef42975,near-8dbbf895c2c0,quarantine,"MISSING_PROVENANCE:subject_id,session_id,clip_id,device_id"
e6e8d6ee89f6b3a68cb6,train/images/1774342311879937.jpg,train,0,,,,,,,,2a7dd87d347ac3cfe050e8755b109ef1a87a497c7e5e9b58b064a3c2252ef564,c707070911030311,171,152,8003,140.502770,59.737560,67.892714,exact-864995ea35b8,near-8dbbf895c2c0,quarantine,"MISSING_PROVENANCE:subject_id,session_id,clip_id,device_id"
2f5275b7863ca2d4ac76,train/images/1774342312040687.jpg,train,0,,,,,,,,78812988ab7e869cd0691e14f994a6074a2941aaa1c1b2bcba20587c2f4c6ed8,c707078913031390,176,157,8619,136.023849,61.455321,74.067376,exact-462c39f8e9bb,near-8dbbf895c2c0,quarantine,"MISSING_PROVENANCE:subject_id,session_id,clip_id,device_id"
fc987ffd3d99c20f3ef2,train/images/1774342312072991.jpg,train,0,,,,,,,,8acd8ddde5d2801905952aacd5535c7d05a0c061c84592b0d526cfd690cad7e7,c307078995031390,175,156,8644,136.694249,61.159860,72.252551,exact-83cf8b609de6,near-8dbbf895c2c0,quarantine,"MISSING_PROVENANCE:subject_id,session_id,clip_id,device_id"
c6f41b799cd676cc9517,train/images/1774342320581288.jpg,train,0,,,,,,,,8c5df755432e747f45e157c9660eb07b4f5899f1cea4e41e876ffe262453184e,337969534507078c,121,108,5523,170.032140,85.281366,222.153385,exact-405101758459,near-405101758459,quarantine,"MISSING_PROVENANCE:subject_id,session_id,clip_id,device_id"
2181152c91183acc9cd4,train/images/177434232061708.jpg,train,0,,,,,,,,89ce0e5d28ff4b8695dc969654b6f4e59c4d15a2551e148ccee94a1e986e7c39,33f9715305078ec4,132,117,6459,146.529526,88.960051,190.712983,exact-fe675fe7aaee,near-fe675fe7aaee,quarantine,"MISSING_PROVENANCE:subject_id,session_id,clip_id,device_id"
ab67d9eb55d47ffd241b,train/images/1774342320732078.jpg,train,0,,,,,,,,5e076f6c595c009bdbe44fee4822c18d9b1d2928d73e78f6319d1403fcb61b41,6371515345070f8e,124,110,5922,132.991202,79.096829,219.213044,exact-b281bc2c616c,near-01d5dc8ca5eb,quarantine,"MISSING_PROVENANCE:subject_id,session_id,clip_id,device_id"
d852b85671e6bf9731bd,train/images/1774342320825371.jpg,train,0,,,,,,,,f2e96277439b13005eebd01f42aa5bdbaa60bc81b49d7c05ee2b37652297667f,7171511365070f9c,118,105,5452,145.130266,79.056847,185.034347,exact-8c9a013ab70c,near-8c9a013ab70c,quarantine,"MISSING_PROVENANCE:subject_id,session_id,clip_id,device_id"
7bd1eabe7eed6cb640b8,train/images/1774342321598925.jpg,train,0,,,,,,,,72d07ecbd999de3319bd2794b638593f8a6ab1e144735505bfe8b0d3efa05f1d,637179530d078ed6,136,121,7401,143.372144,86.071454,247.964295,exact-75992a5ac67f,near-75992a5ac67f,quarantine,"MISSING_PROVENANCE:subject_id,session_id,clip_id,device_id"
89caad4cf3678b593761,train/images/1774346714289263.jpg,train,1,,,,,,,,9080c84914d0ef3b8fa87fac95a65037975c53802da0c5e29e53282a5ef69320,e3131131110f0707,305,271,26637,109.256524,62.865778,106.813338,exact-7f861bcee185,near-ba562e161c72,quarantine,"MISSING_PROVENANCE:subject_id,session_id,clip_id,device_id"
3ab3d54a667c91affb4c,train/images/1774346714355014.jpg,train,1,,,,,,,,29e97a975eef2df0a5bac362863cf25f463b9035177c7e00478385a575d43ec0,e3131131110f0707,306,272,26312,108.569901,63.097651,106.122065,exact-478c4ffb1cbc,near-ba562e161c72,quarantine,"MISSING_PROVENANCE:subject_id,session_id,clip_id,device_id"
3e5a624fe9a1c6d16582,train/images/1774346714401813.jpg,train,1,,,,,,,,5bdbb9e11418d6ecb3fec0c3b53e6ef9cec89279a7322da940598684ed6978ee,63131111110f0707,310,275,28175,105.264375,62.676370,129.201310,exact-a4ef91f70771,near-ba562e161c72,quarantine,"MISSING_PROVENANCE:subject_id,session_id,clip_id,device_id"
f0dc5f44d73d4a67c85b,train/images/1774346714428964.jpg,train,1,,,,,,,,5bdbb9e11418d6ecb3fec0c3b53e6ef9cec89279a7322da940598684ed6978ee,63131111110f0707,310,275,28175,105.264375,62.676370,129.201310,exact-a4ef91f70771,near-ba562e161c72,quarantine,"MISSING_PROVENANCE:subject_id,session_id,clip_id,device_id"
e6e8788161e86c370bc3,train/images/1774346714491671.jpg,train,1,,,,,,,,225b74c20026b4a3409dfc37d196e1c60a38f5cfbd315fd895845e7fd8241b89,63131111110f0707,305,271,26976,107.171835,61.978395,124.002149,exact-67674f3c06b8,near-ba562e161c72,quarantine,"MISSING_PROVENANCE:subject_id,session_id,clip_id,device_id"
4f8ad92aac7320038fbf,train/images/1774346714780283.jpg,train,1,,,,,,,,3bc778a83323abfda95c131449d33e5a537de5040c689d90fd4aa76e0983914c,e3031311110f0706,311,277,25915,101.231651,61.793308,64.519255,exact-7a5df5ffa0de,near-ba562e161c72,quarantine,"MISSING_PROVENANCE:subject_id,session_id,clip_id,device_id"
7df0fb936ba680fba4cf,train/images/1774346715178101.jpg,train,1,,,,,,,,06292c810ee5c4a6392fea54276cc4c385c97b7ccc84d6aa2b35d9465a17b373,4702332115070707,286,254,22441,93.824721,57.997154,78.159580,exact-3dd9c0995d54,near-ba562e161c72,quarantine,"MISSING_PROVENANCE:subject_id,session_id,clip_id,device_id"
1624e9823b743376c750,train/images/1774346715511961.jpg,train,1,,,,,,,,09dd32f23498e1e472e35866d7b6d0f230eae92140e8479388933ff25bba1c65,4713131111070707,279,248,22811,94.469635,58.083622,113.904122,exact-629bde821526,near-ba562e161c72,quarantine,"MISSING_PROVENANCE:subject_id,session_id,clip_id,device_id"
40e963f27f8cace5a269,train/images/1774346715758699.jpg,train,1,,,,,,,,88b922dff7c9fc2736821ce4a2a81a05347242330a20afc7bdf3380fa9ef7c09,4713131119070707,275,244,21439,96.568390,55.389049,72.755079,exact-2ec42bc1f3e6,near-ba562e161c72,quarantine,"MISSING_PROVENANCE:subject_id,session_id,clip_id,device_id"
862662a2beb684897e3d,train/images/1774346716149247.jpg,train,1,,,,,,,,4d88a27a95a14542854f2733cedb9ffda8f7bbfbce0468d2bb870dd1491e238c,8f07191b9b0f0307,248,220,15889,85.316807,43.753175,39.678902,exact-cdceb8f34eb9,near-cdceb8f34eb9,quarantine,"MISSING_PROVENANCE:subject_id,session_id,clip_id,device_id"
3936a5681b59fc651755,train/images/1774346716168375.jpg,train,1,,,,,,,,4d88a27a95a14542854f2733cedb9ffda8f7bbfbce0468d2bb870dd1491e238c,8f07191b9b0f0307,248,220,15889,85.316807,43.753175,39.678902,exact-cdceb8f34eb9,near-cdceb8f34eb9,quarantine,"MISSING_PROVENANCE:subject_id,session_id,clip_id,device_id"
1e532826cfc737012d96,train/images/1774346716565024.jpg,train,1,,,,,,,,710ecad1c8232c76f43382b644b384291fdf214f885390bf2d2ade79ae42a60b,9e87233111090703,217,193,14760,94.507199,41.087900,70.533143,exact-ef32cc5c2b7c,near-ef32cc5c2b7c,quarantine,"MISSING_PROVENANCE:subject_id,session_id,clip_id,device_id"
720315620f9dd3fb216e,train/images/1774346717222167.jpg,train,1,,,,,,,,95a9739af649b2db689f33f766f6b8884c272970d78520bf55a2173dab43b2e1,8f074743521a0f06,184,164,10043,72.626955,39.496879,69.048825,exact-b0ab628c9e14,near-b0ab628c9e14,quarantine,"MISSING_PROVENANCE:subject_id,session_id,clip_id,device_id"
bf1e697dffbdd1f050f6,train/images/1774346717510159.jpg,train,1,,,,,,,,07bae4921736060f607071a6912dc4ba058a1134ad3cf0c810f764e70568cbdf,c7072323030f0787,186,165,9317,73.904757,42.173979,41.739220,exact-9989a37538fa,near-d6b1e3bf3af6,quarantine,"MISSING_PROVENANCE:subject_id,session_id,clip_id,device_id"
5bae11ca5a0b1cc2c6ce,train/images/1774346717575521.jpg,train,1,,,,,,,,756904657e7eef7f9a1bd8b501818a48405820ac3f14743eca2f018e3f7987a9,cf032323110f0787,176,157,8190,77.839498,39.630986,38.194785,exact-61ab550f4c85,near-d6b1e3bf3af6,quarantine,"MISSING_PROVENANCE:subject_id,session_id,clip_id,device_id"
cac062c7a272c0f8f409,train/images/1774346717912434.jpg,train,1,,,,,,,,ba53641a444cd0f63a6248203f96802ed292a4e0e9e2b04ee2e5d593dff084be,1f0f33138b870387,180,160,8581,74.795764,41.397835,39.470443,exact-f296867839c8,near-f296867839c8,quarantine,"MISSING_PROVENANCE:subject_id,session_id,clip_id,device_id"
67a2c7c5e70ab67b6bf4,train/images/1774346718018927.jpg,train,1,,,,,,,,53c8d3f7476eae74c1fc18fc4aca6159c02d3cedb7f986a7ed22b28e257c7452,3f0f1313198b8303,171,152,8137,78.696945,38.909024,50.111734,exact-c0ba25bd2206,near-cd6ce44e98a6,quarantine,"MISSING_PROVENANCE:subject_id,session_id,clip_id,device_id"
768c305a02962051193d,train/images/1774346718049428.jpg,train,1,,,,,,,,53c8d3f7476eae74c1fc18fc4aca6159c02d3cedb7f986a7ed22b28e257c7452,3f0f1313198b8303,171,152,8137,78.696945,38.909024,50.111734,exact-c0ba25bd2206,near-cd6ce44e98a6,quarantine,"MISSING_PROVENANCE:subject_id,session_id,clip_id,device_id"
7af34235dd37270c5029,train/images/1774346718109442.jpg,train,1,,,,,,,,15f84a3e5cf020125936a6904ba95d2ba2d786a24375606454461d7615344d88,3f1f1313198b8303,167,148,8033,79.184294,38.541201,56.490215,exact-65991f9aa0b2,near-cd6ce44e98a6,quarantine,"MISSING_PROVENANCE:subject_id,session_id,clip_id,device_id"
1a64772973f6d9c58bb9,train/images/1774346719553099.jpg,train,1,,,,,,,,e58958f3826c796af32b147278d11596c01156c670f72254a1ef8a153c7e2faa,07873323130b0f06,199,177,9721,84.883769,45.632260,35.493901,exact-f4c21610c1c9,near-f4c21610c1c9,quarantine,"MISSING_PROVENANCE:subject_id,session_id,clip_id,device_id"
3774ff32596e19d2be7f,train/images/1774346719613115.jpg,train,1,,,,,,,,e58958f3826c796af32b147278d11596c01156c670f72254a1ef8a153c7e2faa,07873323130b0f06,199,177,9721,84.883769,45.632260,35.493901,exact-f4c21610c1c9,near-f4c21610c1c9,quarantine,"MISSING_PROVENANCE:subject_id,session_id,clip_id,device_id"
3ed7aa6358de1724270f,train/images/1774346720375188.jpg,train,1,,,,,,,,425c9ad4f88218879f0ed9da41afaef1c125f60b64ef889ffa43ce8d0e3b448c,c4910121111b0e0e,225,200,13335,139.771533,58.907672,52.839559,exact-582c0168ba17,near-582c0168ba17,quarantine,"MISSING_PROVENANCE:subject_id,session_id,clip_id,device_id"
dfb5468fe1ddf98eefbc,train/images/1774346720523584.jpg,train,1,,,,,,,,ec2e9d63e0fbd7522eafd48a55f810f5603ec94a285233ab34fa8fc109449bbc,c0b12121211b1e0e,203,181,12188,154.000408,48.878189,89.433158,exact-60f256c7ccbc,near-156a3e238ff0,quarantine,"MISSING_PROVENANCE:subject_id,session_id,clip_id,device_id"
8aafa0d520b6ebcba54c,train/images/1774346720777788.jpg,train,1,,,,,,,,912131dcba2bf470d3ccfe3fa02039abbd3847482fd7a169d6b3360e14552bd1,60111101311a0e0e,216,192,13242,142.831477,57.975536,107.642120,exact-a73060afb61e,near-a73060afb61e,quarantine,"MISSING_PROVENANCE:subject_id,session_id,clip_id,device_id"
d831186ee14b1d5641b9,train/images/1774346721114216.jpg,train,1,,,,,,,,4faa9d62c043572f61d4964dddd76b60e815c9ad7d8b52e01fbcd6f80dc511e8,c0911121211b1e0e,201,178,12196,151.064649,50.701955,128.630307,exact-d9a5223b761c,near-156a3e238ff0,quarantine,"MISSING_PROVENANCE:subject_id,session_id,clip_id,device_id"
794929807db75e40f411,train/images/1774346721297712.jpg,train,1,,,,,,,,744cb089aa42bcbe0c2d0108917e7cae96ae171c79a10849456f123c540511d9,c0111111130b0f0e,216,192,11857,138.954065,58.347855,58.554032,exact-2f1987bf98c0,near-05148d143287,quarantine,"MISSING_PROVENANCE:subject_id,session_id,clip_id,device_id"
d5df11f08153129f2a13,train/images/1774346721702107.jpg,train,1,,,,,,,,541222194bf6af21e831b43d99f68c2fa3390a4d43ace554eda75a2401793960,839b13931b0f0f06,237,211,13839,123.588698,64.510564,52.697918,exact-3e34b5dc434b,near-3e34b5dc434b,quarantine,"MISSING_PROVENANCE:subject_id,session_id,clip_id,device_id"
4bcca573da9a3c4eb2ae,train/images/1774346721859822.jpg,train,1,,,,,,,,bb16a85cf902697134f86fe59cc097d6beeb5b52f40decd01a99480313ce8a36,228b1b931b0f0f06,249,222,14991,115.921090,65.498332,45.658541,exact-caa78a6a6f4e,near-caa78a6a6f4e,quarantine,"MISSING_PROVENANCE:subject_id,session_id,clip_id,device_id"
6d8b12118d8b4ffccf16,train/images/1774346721915419.jpg,train,1,,,,,,,,bb16a85cf902697134f86fe59cc097d6beeb5b52f40decd01a99480313ce8a36,228b1b931b0f0f06,249,222,14991,115.921090,65.498332,45.658541,exact-caa78a6a6f4e,near-caa78a6a6f4e,quarantine,"MISSING_PROVENANCE:subject_id,session_id,clip_id,device_id"
3b092952c3fabb329996,train/images/1774346721978788.jpg,train,1,,,,,,,,3c5d33dc15ba45f24adeffebbf0428b32a95c516ec6818f06c64cb5e4b12df4c,060313131a0f0e06,248,220,14264,115.699102,63.875780,38.040615,exact-fd0183286f1c,near-fd0183286f1c,quarantine,"MISSING_PROVENANCE:subject_id,session_id,clip_id,device_id"
e1e8d15bb27691ccd1c2,train/images/1774346722165041.jpg,train,1,,,,,,,,643f1d7cd36a3207b25737a9e667a8942fb9159b8442dbf35b18c5d859bcea51,060b1b939b070e06,252,224,14818,108.648863,62.882582,55.094899,exact-ca03c5fa0588,near-ca03c5fa0588,quarantine,"MISSING_PROVENANCE:subject_id,session_id,clip_id,device_id"
b2fe93191b0b06774c46,train/images/177434672218591.jpg,train,1,,,,,,,,643f1d7cd36a3207b25737a9e667a8942fb9159b8442dbf35b18c5d859bcea51,060b1b939b070e06,252,224,14818,108.648863,62.882582,55.094899,exact-ca03c5fa0588,near-ca03c5fa0588,quarantine,"MISSING_PROVENANCE:subject_id,session_id,clip_id,device_id"
22fcdd0c05d1015485d7,train/images/1774346722378365.jpg,train,1,,,,,,,,24a45e35ef4ca783c01c1b54d47fd2082d27160427ed599384c937243a710f97,460b1b1b8f070707,245,218,14414,102.504625,59.351751,63.635885,exact-920c37d6464a,near-eca0dfd2dc39,quarantine,"MISSING_PROVENANCE:subject_id,session_id,clip_id,device_id"
8d61a386042872843254,train/images/1774346722680143.jpg,train,1,,,,,,,,84dd96b4df05efbcdefc366d3da2dcc4baeec14e01890bae31d2463726f4f285,461b131b0f070707,260,231,15560,99.492957,53.965483,39.908767,exact-0b088dfdc19b,near-eca0dfd2dc39,quarantine,"MISSING_PROVENANCE:subject_id,session_id,clip_id,device_id"
4286cfd8214e5bfec41b,train/images/1774346722707064.jpg,train,1,,,,,,,,84dd96b4df05efbcdefc366d3da2dcc4baeec14e01890bae31d2463726f4f285,461b131b0f070707,260,231,15560,99.492957,53.965483,39.908767,exact-0b088dfdc19b,near-eca0dfd2dc39,quarantine,"MISSING_PROVENANCE:subject_id,session_id,clip_id,device_id"
27feb4713f039c415c73,train/images/1774346722769556.jpg,train,1,,,,,,,,54800970ae57a9a6128f90776ef6b598bb74e1dc57a2c8c2556350352af40f54,c51313131b070f06,280,249,17411,95.277725,52.844656,35.109552,exact-06289e49a322,near-06289e49a322,quarantine,"MISSING_PROVENANCE:subject_id,session_id,clip_id,device_id"
c6f5a11447ee0167c6d6,train/images/1774346722828856.jpg,train,1,,,,,,,,54800970ae57a9a6128f90776ef6b598bb74e1dc57a2c8c2556350352af40f54,c51313131b070f06,280,249,17411,95.277725,52.844656,35.109552,exact-06289e49a322,near-06289e49a322,quarantine,"MISSING_PROVENANCE:subject_id,session_id,clip_id,device_id"
8ef22ef01a69b89861a1,train/images/1774346723515303.jpg,train,1,,,,,,,,db5f415a0b0f77444ccf25c6ea0bb9c701c711e79e09f8d529d4dea1e4961a2b,8d93131309070303,265,236,19170,75.391749,42.695003,73.623616,exact-216da54b5931,near-7eb3b3cd334e,quarantine,"MISSING_PROVENANCE:subject_id,session_id,clip_id,device_id"
0a0038db349ae48f08cb,train/images/1774346723571232.jpg,train,1,,,,,,,,81459cec501a8cd4a823ad03c48dbdbe99a40d68d260bf7457adcf81ffb94a99,cf93131189870303,271,241,18322,73.886864,43.917155,48.982033,exact-6cafd5afd260,near-6cafd5afd260,quarantine,"MISSING_PROVENANCE:subject_id,session_id,clip_id,device_id"
a43b40bc5c026b373eda,train/images/1774346723594775.jpg,train,1,,,,,,,,81459cec501a8cd4a823ad03c48dbdbe99a40d68d260bf7457adcf81ffb94a99,cf93131189870303,271,241,18322,73.886864,43.917155,48.982033,exact-6cafd5afd260,near-6cafd5afd260,quarantine,"MISSING_PROVENANCE:subject_id,session_id,clip_id,device_id"
822c953a7a2cff2d9956,train/images/1774346724193012.jpg,train,1,,,,,,,,0af9f8e945d56dc856ae4612580bd55442ddee11aced44befdc7a13bd6a1971a,02132b03313b1d9e,260,231,19594,104.019098,54.609126,70.907937,exact-40794500a284,near-40794500a284,quarantine,"MISSING_PROVENANCE:subject_id,session_id,clip_id,device_id"
710d11556b8f450d5678,train/images/177434672439349.jpg,train,1,,,,,,,,22c278e309c55fddffea44beadf7b3e4cac605fce95aebc0fa61cb9234c19302,03112961313b1d1d,236,218,18302,116.601578,55.078613,97.494746,exact-6db44caad5c9,near-6db44caad5c9,quarantine,"MISSING_PROVENANCE:subject_id,session_id,clip_id,device_id"
b630b471ba1e1e13954c,train/images/177434672529878.jpg,train,1,,,,,,,,0460d317644d5ddae672849b49411e3b229e0a222d3820a6070bd0d13b28a825,32331111131f0f0e,220,195,13499,131.142308,52.772218,89.726009,exact-025ca19d7b07,near-025ca19d7b07,quarantine,"MISSING_PROVENANCE:subject_id,session_id,clip_id,device_id"
993f82a616a739d687fd,train/images/1774346725480412.jpg,train,1,,,,,,,,6618c75fd581e8b9adfd7658404cc2ad4cbd935046b747715470ceb9e7122463,33591111130f0f06,222,198,12817,132.791132,53.762042,58.310147,exact-6d6ae523edc2,near-6d6ae523edc2,quarantine,"MISSING_PROVENANCE:subject_id,session_id,clip_id,device_id"
ee7e0244912eed57ee62,train/images/1774346726226719.jpg,train,1,,,,,,,,87ffce7ccd0b862bb94d63f2baf9a34b0c9c53674dff08e052aadd2c5a2e90ea,933951110b0f0707,251,223,18617,128.356601,66.028709,152.221810,exact-0c62cc42d647,near-78fee23a58b8,quarantine,"MISSING_PROVENANCE:subject_id,session_id,clip_id,device_id"
41db803e8539ed325545,train/images/1774346726328713.jpg,train,1,,,,,,,,4e5b26160532bbafa3d996390fb242f21cff25a0ec29a827a1314fdc553d7a0b,933951110b0f0706,257,229,18668,125.090174,68.005932,131.630127,exact-ffa6059b954a,near-78fee23a58b8,quarantine,"MISSING_PROVENANCE:subject_id,session_id,clip_id,device_id"
09fd7f224881e1aae07b,train/images/1774346726601533.jpg,train,1,,,,,,,,c7d57e068208423b5959f30773e264fd637047721c6f6ff1bada6d5b14d74946,d33151111b0f0706,256,228,18307,126.385759,66.384755,100.400290,exact-11382b8de6b4,near-78fee23a58b8,quarantine,"MISSING_PROVENANCE:subject_id,session_id,clip_id,device_id"
080d08f3ac76d347b5d2,train/images/1774346726706307.jpg,train,1,,,,,,,,ef245031622263212d9f70d1ba27505e85aec41b24d565b987b8cb11d744c9e0,b1733123130b0f0e,240,213,16802,130.381592,59.134993,93.785577,exact-4c1830cf0e7e,near-4c1830cf0e7e,quarantine,"MISSING_PROVENANCE:subject_id,session_id,clip_id,device_id"
4b989b593811da64d65a,train/images/1774346726723403.jpg,train,1,,,,,,,,ef245031622263212d9f70d1ba27505e85aec41b24d565b987b8cb11d744c9e0,b1733123130b0f0e,240,213,16802,130.381592,59.134993,93.785577,exact-4c1830cf0e7e,near-4c1830cf0e7e,quarantine,"MISSING_PROVENANCE:subject_id,session_id,clip_id,device_id"
0ab86aafed5880f050bf,train/images/177434672683604.jpg,train,1,,,,,,,,f789c5ea6b3f474e34b17e941f0fdc70626eddf78ca1df8d4b1bb32550ee3366,71631111130b0f0e,236,210,16491,114.640315,59.569832,85.415312,exact-7d7179c146d0,near-7d7179c146d0,quarantine,"MISSING_PROVENANCE:subject_id,session_id,clip_id,device_id"
c891e465168e35688f82,train/images/1774346727043839.jpg,train,1,,,,,,,,e384e4ef6d1e88f321fef0b21fced70771d7b9c8ecd7143be4b3fe1b50ecb571,c393111113170f0e,198,176,12497,100.677887,51.711902,116.208914,exact-02abf8fa7d9c,near-9af6f8d4b310,quarantine,"MISSING_PROVENANCE:subject_id,session_id,clip_id,device_id"
0ada5ad430d4a877a460,train/images/1774346727135819.jpg,train,1,,,,,,,,63771d3b233b4bef673961669e8a8cd4f06a76e99cbd420369badec4544c2670,c393111113130f0e,194,172,12184,95.623561,50.897646,112.031106,exact-e8c5e943ad4f,near-9af6f8d4b310,quarantine,"MISSING_PROVENANCE:subject_id,session_id,clip_id,device_id"
854e9910fbd149962c87,train/images/1774346727258966.jpg,train,1,,,,,,,,20c77875ff8e996f837cf0619abeacc157a41afee4c9ea5b48ace6eb5abd5b0c,83333123331f1f18,187,166,10721,87.628020,48.660491,81.907454,exact-29caeac1835e,near-29caeac1835e,quarantine,"MISSING_PROVENANCE:subject_id,session_id,clip_id,device_id"
dc6f34b426bc43c45f62,train/images/1774346727317686.jpg,train,1,,,,,,,,4e904dd2acfcb71648310b308fff80c4771ee365b4980ed8cdea702785769727,83b13125313b1f1c,168,150,9418,97.665238,43.602240,98.762016,exact-f8f88c3ddf69,near-f8f88c3ddf69,quarantine,"MISSING_PROVENANCE:subject_id,session_id,clip_id,device_id"
290480743e178a9069f4,train/images/1774346727400528.jpg,train,1,,,,,,,,d8f5f5018cd59703ca00eeeffb731d43f7214ae63ca626217fb2eb3b23588a4a,61799815311b1f19,175,156,9890,99.664322,49.703407,95.786153,exact-12051e9967d2,near-12051e9967d2,quarantine,"MISSING_PROVENANCE:subject_id,session_id,clip_id,device_id"
6627698ded769541f2c6,train/images/1774346728368668.jpg,train,1,,,,,,,,4024cedda3372558646ff7a92891d6d615563f8237c3c7903bffb217c2099e9a,18191809130f0706,210,187,14205,115.688566,54.347913,161.944200,exact-8dfd13f43760,near-8dfd13f43760,quarantine,"MISSING_PROVENANCE:subject_id,session_id,clip_id,device_id"
87d57ef21f54ff721861,train/images/1774346728515527.jpg,train,1,,,,,,,,ace2bb4447fbfad5c4db933a6b093bc9360b051a8b75ff98e1e54be14aca87d2,13191919131b0f0e,202,180,13308,122.064219,51.582257,167.746252,exact-5d9e09b09389,near-a9adf48b4161,quarantine,"MISSING_PROVENANCE:subject_id,session_id,clip_id,device_id"
fe7136d2b8670156b7e0,train/images/1774346733010966.jpg,train,1,,,,,,,,0c6abbb53bd6146e1f1d2866df9c6ef25d2a937492dca8bdc0f6fca6a6cb0e04,05002331110f0707,257,229,15714,102.087353,53.753825,41.588878,exact-05a597c92cdd,near-05a597c92cdd,quarantine,"MISSING_PROVENANCE:subject_id,session_id,clip_id,device_id"
ddef1915a713fd46d5db,train/images/1774346733209659.jpg,train,1,,,,,,,,d4a80dbb3839f8f941e4b37626f99f01ad104699606c780ec2915e4623ec31b1,01012521150f0707,317,282,24697,87.744927,56.252830,69.088590,exact-0fe39b99b379,near-0fe39b99b379,quarantine,"MISSING_PROVENANCE:subject_id,session_id,clip_id,device_id"
d77c4666024750dd1407,train/images/1774346733744902.jpg,train,1,,,,,,,,d3b0e79075617370f95f35f4c4d562055cbeb2a71d459020f81de305e17d7e45,83e149430b1f0f0c,417,310,34971,87.415533,57.226884,51.292384,exact-0087cf99a463,near-407faf5de46c,quarantine,"MISSING_PROVENANCE:subject_id,session_id,clip_id,device_id"
c71d893d476819b252d7,train/images/1774346733881634.jpg,train,1,,,,,,,,2e160623b9037f7550c0ddbc003a53a0e65954e35051eaaab8d8c510db2b0e3c,87a101430b1f0f0c,419,303,35885,83.345456,58.127331,79.788257,exact-4f95c3cf2c7c,near-407faf5de46c,quarantine,"MISSING_PROVENANCE:subject_id,session_id,clip_id,device_id"
2e03a1016f6fc7ffed75,train/images/1774346734076011.jpg,train,1,,,,,,,,cf71bbd2b2c2ca314e29337afc69c5a8f8f4f81baf0a2403aa20dfba1a6fac6f,47410123091e0f0c,386,299,33175,82.217305,58.606783,79.638165,exact-eab8ff114cc6,near-eab8ff114cc6,quarantine,"MISSING_PROVENANCE:subject_id,session_id,clip_id,device_id"
1c0ba63b916f54d59822,train/images/1774346734455819.jpg,train,1,,,,,,,,69741c5d3c5439bd2f84429b87de61f6e48d9d09baad01f148b2e24ce2765230,7303312121160f0f,303,270,23285,91.569784,54.810637,68.756420,exact-10e43da4af13,near-7134d946c61c,quarantine,"MISSING_PROVENANCE:subject_id,session_id,clip_id,device_id"
c402936758bc328b3711,train/images/1774346734481323.jpg,train,1,,,,,,,,69741c5d3c5439bd2f84429b87de61f6e48d9d09baad01f148b2e24ce2765230,7303312121160f0f,303,270,23285,91.569784,54.810637,68.756420,exact-10e43da4af13,near-7134d946c61c,quarantine,"MISSING_PROVENANCE:subject_id,session_id,clip_id,device_id"
7dd0aed6601778ceb10b,train/images/1774346734678833.jpg,train,1,,,,,,,,f34b274143125a94830a54e2c898f6c44cbc25425fb9846c175ac641d0f5bd6e,73032129211e0f0f,283,252,21240,91.503758,53.312016,94.806090,exact-2ff2a721fab1,near-7134d946c61c,quarantine,"MISSING_PROVENANCE:subject_id,session_id,clip_id,device_id"
3c1c4b47851881434c1f,train/images/1774346735888454.jpg,train,1,,,,,,,,9cb3544ea4efbe3e472b420807292809b045e77a71bbb740857ad85786c9caa7,721224242d0c090f,298,265,22873,101.290541,56.692740,65.558982,exact-d0f451801443,near-d0f451801443,quarantine,"MISSING_PROVENANCE:subject_id,session_id,clip_id,device_id"
a7967cf3ac39c30dfda4,train/images/1774346735942614.jpg,train,1,,,,,,,,73d57e1f53f3e332ea5e6350f21da2be9843b7a180fc2bcd6289808cca1ddffd,620226242c1c0d0f,303,270,23644,103.906980,57.217689,62.821396,exact-34be1021b378,near-34be1021b378,quarantine,"MISSING_PROVENANCE:subject_id,session_id,clip_id,device_id"
cec9cf77ad042f674375,train/images/1774346736722543.jpg,train,1,,,,,,,,1605212899b1d78fd91dc7c05f54469955bbe9d3bf421b4d1c3e3cd7bef691ae,8707170d0b0f0706,276,246,19469,118.991281,57.427749,67.407794,exact-bcef8db15a53,near-bcef8db15a53,quarantine,"MISSING_PROVENANCE:subject_id,session_id,clip_id,device_id"
433916d2a389a516a512,train/images/177434673675355.jpg,train,1,,,,,,,,1605212899b1d78fd91dc7c05f54469955bbe9d3bf421b4d1c3e3cd7bef691ae,8707170d0b0f0706,276,246,19469,118.991281,57.427749,67.407794,exact-bcef8db15a53,near-bcef8db15a53,quarantine,"MISSING_PROVENANCE:subject_id,session_id,clip_id,device_id"
fc3f5986061cbd966b39,train/images/1774346736886932.jpg,train,1,,,,,,,,9658a49178b8d5620a9e5cf43f313cee12be5763ca5ad05d0a4802842732fe9a,872d2d090b8f0707,280,249,21671,124.714142,56.694891,98.907216,exact-fde3f2e7127f,near-fde3f2e7127f,quarantine,"MISSING_PROVENANCE:subject_id,session_id,clip_id,device_id"
79addc0d622896159a35,train/images/1774346737520395.jpg,train,1,,,,,,,,b23d93b54ed573c499f2500655029e00548d51e6c70f3fadb2e31ae6be6cf1bf,e309010101070707,294,261,22629,104.708825,63.141156,81.301566,exact-337b02741a95,near-337b02741a95,quarantine,"MISSING_PROVENANCE:subject_id,session_id,clip_id,device_id"
6d52ae15e622a1381ae4,train/images/1774346737688558.jpg,train,1,,,,,,,,3deb91ba3191d50acd628939a44c78ae0af82be4f629f8aa72fac54710046482,e1030121310f0706,298,265,22885,107.219615,63.585757,94.170165,exact-61dbec1d67af,near-005af890a428,quarantine,"MISSING_PROVENANCE:subject_id,session_id,clip_id,device_id"
5cc1eb3d278ebe29f025,train/images/1774346737858634.jpg,train,1,,,,,,,,166006443f540e2ea0210f1989d48f822340ec1d241e512f04f400621ecb8bca,e1030121010f0706,309,274,23807,106.487315,65.349648,80.895290,exact-bcce03f625c2,near-005af890a428,quarantine,"MISSING_PROVENANCE:subject_id,session_id,clip_id,device_id"
8247d18a615e2760ea7f,train/images/177434673859728.jpg,train,1,,,,,,,,c65dd711267021e0779688f4a9d9b37b626f709ca8e7a3f15f7a8c089bbb68e6,67131311110f0786,311,277,25091,103.798449,63.325322,104.246009,exact-d88c39de4640,near-ba562e161c72,quarantine,"MISSING_PROVENANCE:subject_id,session_id,clip_id,device_id"
38360eaf0d594db924f2,train/images/1774346738666471.jpg,train,1,,,,,,,,fbbf06505ba1c25362fff5755b0f1c0480dbc229a53e2c0e6796c341f2de4317,73131311110f0786,314,279,26033,103.920941,63.715078,112.738328,exact-de2d0a787b33,near-ba562e161c72,quarantine,"MISSING_PROVENANCE:subject_id,session_id,clip_id,device_id"
be79aa658797491deb8d,train/images/1774346739483791.jpg,train,1,,,,,,,,489a0b5eb0dad97d3dc645922c8dbded280e968e2e9260baa8d2c940a43e168f,0707870b132e1e1b,282,250,18963,103.293532,63.461573,42.894089,exact-32eb1a8dafeb,near-32eb1a8dafeb,quarantine,"MISSING_PROVENANCE:subject_id,session_id,clip_id,device_id"
ac5f1a2859f2cfc930a2,train/images/1774346739601421.jpg,train,1,,,,,,,,6487b30d7bb3e5b890d9cd687e541c84f731ea0e30e6d374237de3b704a93a98,0707070b6b4f0d19,278,247,18891,103.479364,60.948170,66.898258,exact-e18037f42fd0,near-e18037f42fd0,quarantine,"MISSING_PROVENANCE:subject_id,session_id,clip_id,device_id"
3ff742ac3b5897ef0eaa,train/images/1774346739875504.jpg,train,1,,,,,,,,d61c0784dd7a84ccdec33dbfa23a1bc01d390a10df1307ee73d7debc3b6a7759,83050f0b6b4f0f18,287,255,21646,102.378889,60.639991,92.265737,exact-612cb1af7ede,near-6c07a78be974,quarantine,"MISSING_PROVENANCE:subject_id,session_id,clip_id,device_id"
fb15c3182ebccb869553,train/images/1774346739896289.jpg,train,1,,,,,,,,d61c0784dd7a84ccdec33dbfa23a1bc01d390a10df1307ee73d7debc3b6a7759,83050f0b6b4f0f18,287,255,21646,102.378889,60.639991,92.265737,exact-612cb1af7ede,near-6c07a78be974,quarantine,"MISSING_PROVENANCE:subject_id,session_id,clip_id,device_id"
0819af70aeb3d58ae841,train/images/1774346740067382.jpg,train,1,,,,,,,,e2b4cd17e8807e7243c7c9e382346c1cfb151246c817da5751aa1d82a3ec779d,810d0e0b494f0f0c,275,244,20517,106.990909,56.741052,73.863895,exact-9fbb55aa1ca6,near-9fbb55aa1ca6,quarantine,"MISSING_PROVENANCE:subject_id,session_id,clip_id,device_id"
6232fb2dcbe7f4300b9c,train/images/1774346740147874.jpg,train,1,,,,,,,,b48a83fcd16326afe50f1736a25bcee7bc87041397016b7a0b40fb3ef0f759e6,810d9d1b1b0f070e,279,248,20069,106.275147,57.744819,56.662104,exact-0c0ad5934ba8,near-0c0ad5934ba8,quarantine,"MISSING_PROVENANCE:subject_id,session_id,clip_id,device_id"
f7a34147a856faf2f191,train/images/1774346740360733.jpg,train,1,,,,,,,,c35a6a357f880d6fd4767386e2ae77d653c7e393af2c4122dc984ed5ccf91e6d,c907131312130707,298,265,22602,113.058782,66.024354,52.830605,exact-084ae23e6996,near-084ae23e6996,quarantine,"MISSING_PROVENANCE:subject_id,session_id,clip_id,device_id"
fb7e4634fe59dd1afc0b,train/images/1774346740532085.jpg,train,1,,,,,,,,668ef8334609684d3c2ca990ecd839f74b612398d16472133c6ab1db1e7f44c9,49c7131310160707,305,271,25179,121.990454,65.182877,78.932677,exact-c6d537e11215,near-5fba0f5aee72,quarantine,"MISSING_PROVENANCE:subject_id,session_id,clip_id,device_id"
19a46fdb3664a9793257,train/images/1774346740627007.jpg,train,1,,,,,,,,619b45cfdf3eee40eaab458e73e7552fd180832aeaf9201ade645523468f68ab,6947031310120707,313,278,26175,120.770922,66.584625,86.687196,exact-9dacbde32650,near-5fba0f5aee72,quarantine,"MISSING_PROVENANCE:subject_id,session_id,clip_id,device_id"
7077c51add49b56e60cd,train/images/1774346740867945.jpg,train,1,,,,,,,,9fbb4164b45d8b72b3a9d5d292e3d6d58cc24988390fb10fb01cc4d069328c2a,65c7034b110a0707,310,276,24372,127.112272,63.631426,48.477143,exact-8cf04f0d0719,near-8cf04f0d0719,quarantine,"MISSING_PROVENANCE:subject_id,session_id,clip_id,device_id"
e6b48f7695ae747a4a6a,train/images/1774346741875374.jpg,train,1,,,,,,,,eebbd024bbc933c03eceb6753f8e4610c9d8ef3fbbb02af5d447c452184c82a1,63313121210d1f0f,275,244,21527,128.783115,51.434114,58.222969,exact-b7768fbb1847,near-b7768fbb1847,quarantine,"MISSING_PROVENANCE:subject_id,session_id,clip_id,device_id"
463a73fa68aa83075618,train/images/1774346742338443.jpg,train,1,,,,,,,,62cf62c6ba46ec669b319d70a7a92aa493271498d2c3e0f789f617f9dfbf0c48,0311103521271f0e,253,225,19359,111.563039,51.519667,135.267114,exact-11bde34a6593,near-f6a75a4e0ef5,quarantine,"MISSING_PROVENANCE:subject_id,session_id,clip_id,device_id"
8dd852274feea10643be,train/images/1774346742405152.jpg,train,1,,,,,,,,6ce972a1986323d796c58430066a11c36a55c4fca23ae299a371929097db4a54,0311113521371f0e,255,226,19346,112.745862,51.308471,113.846320,exact-5f302d143dac,near-f6a75a4e0ef5,quarantine,"MISSING_PROVENANCE:subject_id,session_id,clip_id,device_id"
e2a63b1ba40ecc9d3d17,train/images/1774346742495841.jpg,train,1,,,,,,,,2c8801d72074e2d64ca91f3180490495cd48cb01513f21376cd152a2aec62c8c,0319111521171f0e,253,225,19231,113.547756,50.984217,110.374088,exact-9bb3636a2c86,near-f6a75a4e0ef5,quarantine,"MISSING_PROVENANCE:subject_id,session_id,clip_id,device_id"
cc996a64e503c78b762d,train/images/177434674258267.jpg,train,1,,,,,,,,de876ff459b9ad3f5e38ad5bd668e3af5af2aeec5ba4e55e9f55231bbb2bf06b,03191111231f1f0e,261,232,19758,112.986920,52.974453,89.141223,exact-f1250af9005f,near-f6a75a4e0ef5,quarantine,"MISSING_PROVENANCE:subject_id,session_id,clip_id,device_id"
dce832549485ce75676f,train/images/1774346742806157.jpg,train,1,,,,,,,,e8ef7ec510dca935d07c712926b2353278b172f18a161a6c6600e839e2365663,c30999191b0f0f0e,274,243,20824,110.148418,57.668353,69.988665,exact-e0d8014e6e3c,near-e0d8014e6e3c,quarantine,"MISSING_PROVENANCE:subject_id,session_id,clip_id,device_id"
b3284704160e3e0a6f76,train/images/1774346743574642.jpg,train,1,,,,,,,,10c2d7d8d35317fdb6aaad6e55610904adb0b8de0394e0c16b6c5f85d3292eb0,8e0f191b89830307,259,230,18484,95.137200,48.406297,60.229741,exact-8352dd9eb8b6,near-26b9a5d91351,quarantine,"MISSING_PROVENANCE:subject_id,session_id,clip_id,device_id"
9ee8ae2f40ceb371f6de,train/images/1774346744050847.jpg,train,1,,,,,,,,53bc4714348207c3c8800b4b0cbccf24de5a32ce001947cee6d199a96e5317b0,2f1f1b1b8d838383,265,236,18356,99.473409,49.989235,56.805857,exact-235aa062e637,near-0c2abf5506d5,quarantine,"MISSING_PROVENANCE:subject_id,session_id,clip_id,device_id"
c028af5f0a6f4caf3947,train/images/1774346744084439.jpg,train,1,,,,,,,,2c70bd41963e56d5e300f0d843b2920ce999a1baf0adfeefce1d53d9ab78e122,2f1b19198d838383,265,236,18214,100.324800,49.678554,54.654971,exact-4aec429ac0bf,near-0c2abf5506d5,quarantine,"MISSING_PROVENANCE:subject_id,session_id,clip_id,device_id"
9d4f3b8e0b66dcbf087a,train/images/1774346744238449.jpg,train,1,,,,,,,,a145406351e2b72808d6f1d8be15ad8d3c2601e380f3df681036c54821124dde,2e1e1b1b0d8b8383,282,250,19984,101.515645,49.626665,43.795615,exact-330e14d4ae80,near-0c2abf5506d5,quarantine,"MISSING_PROVENANCE:subject_id,session_id,clip_id,device_id"
3a8930147b343202c92b,train/images/1774346744273648.jpg,train,1,,,,,,,,e311d1185317a52aca16147586cc0a53eba015c290f9a272107cb27eb4e342e2,2e1e1b1b0d838383,290,258,20950,99.932104,51.139223,39.691968,exact-ab9828ca3905,near-0c2abf5506d5,quarantine,"MISSING_PROVENANCE:subject_id,session_id,clip_id,device_id"
47efd4f9f45991a4dbe2,train/images/1774346744584358.jpg,train,1,,,,,,,,8347328601aab107613f2319b72506a4cd4ce15362572c9d1ea6f9aa452a8197,2e5e191d0481c181,286,254,20896,111.759843,47.121671,56.544372,exact-36ab771eba23,near-d42db3c1537c,quarantine,"MISSING_PROVENANCE:subject_id,session_id,clip_id,device_id"
ca7215354285c5f01503,train/images/1774346744646717.jpg,train,1,,,,,,,,ed81d5499caa060014f26bd78d872b8852c8a7c6f804ebddadd24c8fec40693a,2e5e090d05c1c181,298,265,22968,106.566316,50.166508,65.244249,exact-277375b99e18,near-d42db3c1537c,quarantine,"MISSING_PROVENANCE:subject_id,session_id,clip_id,device_id"
4a822e1ce43f2d01343f,train/images/1774346744873832.jpg,train,1,,,,,,,,d21e9a93b7c5b43a2330317a795208b1517bf8d73c0955bf2ed61f412c7f3b00,beaf8d0c064060c2,318,283,24160,102.910916,54.776577,69.134708,exact-f0d588a225e6,near-b1a55687ae23,quarantine,"MISSING_PROVENANCE:subject_id,session_id,clip_id,device_id"
9a5d6b3013aaf811701b,train/images/1774346745339672.jpg,train,1,,,,,,,,3c85a05903ae05c77dedf38fb1dd72b8a418d914f5a1f5cba9ec31606a72e389,bfaf8d0d06446040,314,279,21945,136.135082,57.562334,43.720047,exact-d74fe97872d8,near-b1a55687ae23,quarantine,"MISSING_PROVENANCE:subject_id,session_id,clip_id,device_id"
d00ec41e725bca9dca86,train/images/1774346823841108.jpg,train,0,,,,,,,,8a428bcf386b06216e680d67bdfdb3fec007d46c14d43ebf60e7cb7913c1241c,f0f0f0294d490786,130,116,4747,111.299801,17.595167,32.094855,exact-1ab098a4f865,near-1ab098a4f865,quarantine,"MISSING_PROVENANCE:subject_id,session_id,clip_id,device_id"
25464b86f0d06bd7726d,train/images/17743468238799708.jpg,train,0,,,,,,,,8a428bcf386b06216e680d67bdfdb3fec007d46c14d43ebf60e7cb7913c1241c,f0f0f0294d490786,130,116,4747,111.299801,17.595167,32.094855,exact-1ab098a4f865,near-1ab098a4f865,quarantine,"MISSING_PROVENANCE:subject_id,session_id,clip_id,device_id"
d0c69959a24b30119cb8,train/images/17743468726889114.jpg,train,0,,,,,,,,847f7876c884bc2a072d0464988090916982c3480a38951b7189dbc42c738f43,6160b080ec090382,151,134,5098,217.205595,49.902040,63.754459,exact-86cb35a82232,near-86cb35a82232,quarantine,"MISSING_PROVENANCE:subject_id,session_id,clip_id,device_id"
4316cc821624a3c158be,train/images/1774346872720008.jpg,train,0,,,,,,,,abb6873eb75e15de7cc39fccb5f479a28e0891bdceac3ff3750de7cfb93a3016,e1f09008ec0d0382,147,130,6365,205.192779,53.604675,79.105822,exact-737c6b9773fa,near-737c6b9773fa,quarantine,"MISSING_PROVENANCE:subject_id,session_id,clip_id,device_id"
5c025223ce731db38388,train/images/17743468727866733.jpg,train,0,,,,,,,,8ec45dcd2e04bf3a74447a70bc2002f168b5f77eff78c87214725ae871455d87,c2f0b0454c4d4382,140,124,5878,163.811694,52.343555,65.159601,exact-6711597a2bc4,near-938105284fe4,quarantine,"MISSING_PROVENANCE:subject_id,session_id,clip_id,device_id"
ba0941b80f0e0e34081c,train/images/17743468728513198.jpg,train,0,,,,,,,,23d1e1562e1650af938da02167850ac8fa8a9f488f144f34500c0abd9efb818c,e0f0b005ec0d0382,149,133,5870,128.703689,45.455797,35.048793,exact-055f78940c07,near-938105284fe4,quarantine,"MISSING_PROVENANCE:subject_id,session_id,clip_id,device_id"
2d7141b5be9285f81ced,train/images/1774346872947844.jpg,train,0,,,,,,,,3c4b30167d789718c871574e3e945726e6456725b24afb099621370c820dffe5,c0e0b0294d090382,153,136,6111,138.207228,47.926726,38.979699,exact-0ffe1abd1a08,near-938105284fe4,quarantine,"MISSING_PROVENANCE:subject_id,session_id,clip_id,device_id"
5099a17d2cbf02fb981b,train/images/17743468730213768.jpg,train,0,,,,,,,,7c27fb611499843bca4ffb04e0505051ad25b825551de5ae2d5eb4eaa5ec1879,c0c0f0204d4d03c3,148,132,6047,154.418151,45.693001,53.323547,exact-fe91a760983d,near-8b5731d73bd0,quarantine,"MISSING_PROVENANCE:subject_id,session_id,clip_id,device_id"
1a000f2606f18c9ee095,train/images/17743468730566373.jpg,train,0,,,,,,,,216d2025f9f849c92a0b1bc8a4d45c5e7555a93ed354250974fc4b30d6b05ee5,c0e0b02949494342,143,127,5517,153.258906,47.785070,66.128602,exact-b7e307660e16,near-b7e307660e16,quarantine,"MISSING_PROVENANCE:subject_id,session_id,clip_id,device_id"
e3d372cbad6bf7c15bbf,train/images/17743468730897942.jpg,train,0,,,,,,,,08a0f6255c50257f62dccdad2153cd53563ded33ea5e2283013b13f02eb462a3,c0e0b00d4c4d0383,141,126,5544,153.523190,49.323130,75.538316,exact-793a84a351bd,near-938105284fe4,quarantine,"MISSING_PROVENANCE:subject_id,session_id,clip_id,device_id"
fe5307bae793c2d72579,train/images/17743468731231916.jpg,train,0,,,,,,,,5f3ee9b199ef6289ccb3b69f1cc2bbf38d33cf8f8579fd41a063e16c6a592f0b,c0e0b00d4d0d4382,145,129,5863,150.727078,52.490023,69.993388,exact-71af0fdd2e7f,near-938105284fe4,quarantine,"MISSING_PROVENANCE:subject_id,session_id,clip_id,device_id"
94e4ac441b1a1e945937,train/images/17743468731568.jpg,train,0,,,,,,,,011c877bd4ae8fe0ec8608ad41ff07a2a37c11bc23b66f8e2a964e6c9184ebe6,c2e0b04949094282,149,133,6224,151.201696,54.589698,67.392941,exact-10e35e8e93e9,near-938105284fe4,quarantine,"MISSING_PROVENANCE:subject_id,session_id,clip_id,device_id"
be8c8195d9c36c6528b4,train/images/1774346873216685.jpg,train,0,,,,,,,,e178cdf89135a9a8f08d0fe78cf2a0b3ef3f7d937cfa583d6467dd5a39a0d289,c0a0304949094282,141,126,5428,150.309580,54.136934,68.145077,exact-e1d9ce80c3ab,near-938105284fe4,quarantine,"MISSING_PROVENANCE:subject_id,session_id,clip_id,device_id"
7b1f7838b3184aa3b3a9,train/images/1774346873278482.jpg,train,0,,,,,,,,f06834f0e3570d359d8b8569c2b151afaac1ccf473f98ddbfea25096853943df,c0e0b049490a4282,141,126,5534,151.771023,54.238345,86.152224,exact-63ecbfa3a1ad,near-938105284fe4,quarantine,"MISSING_PROVENANCE:subject_id,session_id,clip_id,device_id"
2815d94a97d123b33bb2,train/images/17743468733239357.jpg,train,0,,,,,,,,976c6b2dc70c8161266f31d4e589cc64194e888e296441060df38d3c4abdb0d0,c0e0b00849494282,136,121,5415,155.124696,50.930902,69.565702,exact-b280279a0ef2,near-938105284fe4,quarantine,"MISSING_PROVENANCE:subject_id,session_id,clip_id,device_id"
374046dbaf8f12070ab8,train/images/17743468733685176.jpg,train,0,,,,,,,,72f3be08982414e9c282c99131f087f01491b31f93a07589029f7995798d814e,c0c0f028494903c2,137,122,5517,159.443102,46.674351,54.955507,exact-829f00a11ddf,near-8b5731d73bd0,quarantine,"MISSING_PROVENANCE:subject_id,session_id,clip_id,device_id"
530b1398e6fb70b13c9a,train/images/1774346873399924.jpg,train,0,,,,,,,,eb3f04a73f250cc81c95101b3597b66b3ba555e535943eb4d2033d341217c8ca,e0e090284d4d03c3,129,115,5153,160.108864,45.152035,62.482113,exact-3958de59a1ae,near-8b5731d73bd0,quarantine,"MISSING_PROVENANCE:subject_id,session_id,clip_id,device_id"
252414bf6bdf1b2aca55,train/images/17743468734303842.jpg,train,0,,,,,,,,a21fd814eabd4387c22665b181adfd4a2e26e227f8fe77cff3d560f2e3ba5db7,e0e0d0a0ecada3c2,133,118,5191,160.664139,46.706341,57.861261,exact-b3282a2f2a28,near-258828556f97,quarantine,"MISSING_PROVENANCE:subject_id,session_id,clip_id,device_id"
155062393e8b94b6965c,train/images/17743468734615364.jpg,train,0,,,,,,,,67b281b0f9f91632ccc31295a498a2c01af43f5f0afb96966e72651cda1a751d,e0e0f0a0ec8da3c2,132,117,5178,161.025382,47.413033,59.721807,exact-4739ee3bd29e,near-258828556f97,quarantine,"MISSING_PROVENANCE:subject_id,session_id,clip_id,device_id"
2f15d44816676d6078f0,train/images/17743468734918303.jpg,train,0,,,,,,,,a9aa6b95b1b23b62a1910da8de47f6c287e99976e9652b3aa939b19bd565ee34,c0e0f0284d4d03c2,129,115,5129,163.251163,45.905586,51.383324,exact-736e537f0f66,near-8b5731d73bd0,quarantine,"MISSING_PROVENANCE:subject_id,session_id,clip_id,device_id"
64d791ce8ee337a6e6bd,train/images/17743468735187285.jpg,train,0,,,,,,,,aaf45f4307ee6d00fea9f7ddac8b237542ac206ab09cbb5f4756884f9ce31e58,c0e0f0a8ed89a3c2,135,120,5326,164.022840,50.035291,55.380719,exact-ed053874ca19,near-258828556f97,quarantine,"MISSING_PROVENANCE:subject_id,session_id,clip_id,device_id"
5cfcf179e68c837adad3,train/images/1774346873555314.jpg,train,0,,,,,,,,46ba6d1846d0edc0f310b0425b0e10bfe24084d50da59150ff5f2377895e74e8,e2e0f0a0ad89a2c0,143,127,5628,164.577556,52.195148,56.874919,exact-5817ae494837,near-335f5c8adbc1,quarantine,"MISSING_PROVENANCE:subject_id,session_id,clip_id,device_id"
7ffab9d58cd447dfdca8,train/images/1774346873592053.jpg,train,0,,,,,,,,7a3959ae9ea6278970d4776b45e6253890b9f3835cde4d65235d937cd5e94847,e0f0f0a8ad8da2c0,136,121,5238,162.604886,53.077078,61.237183,exact-7377a71607a8,near-335f5c8adbc1,quarantine,"MISSING_PROVENANCE:subject_id,session_id,clip_id,device_id"
c3fa2e98327a4d50a41c,train/images/17743468736186478.jpg,train,0,,,,,,,,b4c4c17b6a45f669fa04ed7a8579955f1e91bad2d30e6234e887fa2f424831b9,e0f0f0a5ad8da3c0,135,120,5008,162.585741,53.047197,61.088829,exact-94c47d91f1be,near-335f5c8adbc1,quarantine,"MISSING_PROVENANCE:subject_id,session_id,clip_id,device_id"
d2b33da322578e72ef18,train/images/17743468736777902.jpg,train,0,,,,,,,,6764c3ca496dc51224258eb54f138ad9e65506e9e9849a5743844e7c51155ee5,e2f0f0a8ad8da2c0,137,122,5397,164.588190,52.903437,60.573498,exact-b4633d9a82f8,near-335f5c8adbc1,quarantine,"MISSING_PROVENANCE:subject_id,session_id,clip_id,device_id"
88afe0c7ce5b6836252d,train/images/1774346873729728.jpg,train,0,,,,,,,,fb16ca19c5f6453c52e554f7a9c2747dadbdea8f37ac1e7c6e4bcb32e124e604,e2f0f0a9a98f82c0,132,117,5066,164.467949,52.793667,40.920652,exact-78c0781a0697,near-335f5c8adbc1,quarantine,"MISSING_PROVENANCE:subject_id,session_id,clip_id,device_id"
0b0bb5076ca9520e4c35,train/images/17743468752245853.jpg,train,0,,,,,,,,1bd2e1bef06f4b54e3e4151623b60dd30038b20768116dc50b1cac5b1cd02f8d,d4e0b008494942c2,137,122,5415,164.325535,44.369911,39.596607,exact-af6b495dd2d7,near-938105284fe4,quarantine,"MISSING_PROVENANCE:subject_id,session_id,clip_id,device_id"
ed928787dca1000d5064,train/images/1774346875250254.jpg,train,0,,,,,,,,0c48f014616457d8257a2841d074c1d39253332d122789ed0e551ecf61e76cd3,d6e0f04c494942c2,141,126,5580,163.640099,45.193779,39.433022,exact-e754478c35f2,near-938105284fe4,quarantine,"MISSING_PROVENANCE:subject_id,session_id,clip_id,device_id"
6315e2020f86858a6ad8,train/images/17743468753014805.jpg,train,0,,,,,,,,7a0620c11576e3c3b376b84cd49bd646ae8d994402c39fe7f44a23f7cb63743c,e2f0f2456c0d63e2,135,120,5148,162.055988,43.901091,50.042713,exact-344ba7cfda4e,near-938105284fe4,quarantine,"MISSING_PROVENANCE:subject_id,session_id,clip_id,device_id"
6bf8cd50eb1870351d33,train/images/17743468753311138.jpg,train,0,,,,,,,,7a0620c11576e3c3b376b84cd49bd646ae8d994402c39fe7f44a23f7cb63743c,e2f0f2456c0d63e2,135,120,5148,162.055988,43.901091,50.042713,exact-344ba7cfda4e,near-938105284fe4,quarantine,"MISSING_PROVENANCE:subject_id,session_id,clip_id,device_id"
5b97502712043916906d,train/images/17743468753577728.jpg,train,0,,,,,,,,a857311c5a5d04d232194626e55f6ffb35e841fbb5a6485de8520c52a76dfea8,e2f0304d4c4d4193,126,112,4517,161.120394,41.306951,36.589224,exact-d7008e68b135,near-d7008e68b135,quarantine,"MISSING_PROVENANCE:subject_id,session_id,clip_id,device_id"
e22ea45cb04a61c9d08e,train/images/1774346875476215.jpg,train,0,,,,,,,,2ff12666daa2ad6df183f1baf170643c487318756318ad4c0e7a540b3035d6d6,f3f0b02d4c4d4703,135,120,4936,165.210556,35.436656,37.027738,exact-35ca46713cea,near-35ca46713cea,quarantine,"MISSING_PROVENANCE:subject_id,session_id,clip_id,device_id"
babc0c9acd976e2c2b56,train/images/17743468755085692.jpg,train,0,,,,,,,,0b3ab0152efb2b1880481febef4b2006696074289e16962636a45cd161c64882,e1f0b0296c4d4392,147,130,5939,163.134537,38.390523,38.919643,exact-96be21608a6a,near-96be21608a6a,quarantine,"MISSING_PROVENANCE:subject_id,session_id,clip_id,device_id"
1ae08a4d7476b5f67f64,train/images/177434687553816.jpg,train,0,,,,,,,,21f29efb6bef62dbeaaf56bb0a9beba82a05c6ab65913927fb8acb913e687685,e6f0b049490a62b0,157,140,6421,161.014422,42.694329,36.995162,exact-41966e55400c,near-41966e55400c,quarantine,"MISSING_PROVENANCE:subject_id,session_id,clip_id,device_id"
b64a1f97a51ccc01fac1,train/images/17743468756468983.jpg,train,0,,,,,,,,8dc61cd757d33a0caed6b0df2674d0fefb74adf87b1c072ff5dd4167b46afe50,c4e0f049494943c2,155,138,6354,163.032118,40.441893,39.847889,exact-5b64147d2864,near-938105284fe4,quarantine,"MISSING_PROVENANCE:subject_id,session_id,clip_id,device_id"
efaa8924ed2f3ba46e55,train/images/17743468756782918.jpg,train,0,,,,,,,,63233ff420bd92ab0e429f2cd450a17b157fa35f722446cd286cf43c6b16f7e6,c4e0f0094d4943c2,151,134,5979,165.271919,38.212872,38.137687,exact-bc10b57514d7,near-938105284fe4,quarantine,"MISSING_PROVENANCE:subject_id,session_id,clip_id,device_id"
8c5eff616c0dd5f34b9a,train/images/17743468757172062.jpg,train,0,,,,,,,,f8667741a18215667bb289d80a48c845084c8e5dd95df8c46dc8b9f23ab10fbb,cde0f028494943c2,155,138,6296,166.620664,36.905921,35.196634,exact-434dbd07bc54,near-938105284fe4,quarantine,"MISSING_PROVENANCE:subject_id,session_id,clip_id,device_id"
eb44f1807c536459272d,train/images/1774346875747116.jpg,train,0,,,,,,,,ca64b6458c84a08e7fc6e44781fdf67f7bcc1f6b9bc615cd1ed0b77ca8509f5a,c4e0f0094d4d4382,153,136,6013,165.115869,38.652722,34.696347,exact-73401dfc9377,near-938105284fe4,quarantine,"MISSING_PROVENANCE:subject_id,session_id,clip_id,device_id"
17848d660208724e315f,train/images/1774346875959875.jpg,train,0,,,,,,,,8e1494f6a5dcf7122cb8b12c4200bc71a1e4f792e220b257ac516ca39fe0fc80,d6f0f0494d4d4382,157,140,6251,163.792402,41.870037,33.061309,exact-a183251a8414,near-938105284fe4,quarantine,"MISSING_PROVENANCE:subject_id,session_id,clip_id,device_id"
277e49b278139f857f8b,train/images/177434687599088.jpg,train,0,,,,,,,,b4a6e26fc7bdca251685dff601566a9a799188fdbfabd2cc8c150ba8dab2f2c6,d6e0f04b49494382,159,141,6344,163.240376,43.173932,35.050169,exact-28fdc24c9abb,near-938105284fe4,quarantine,"MISSING_PROVENANCE:subject_id,session_id,clip_id,device_id"
0a20cddb270e08f8d238,train/images/1774346876287558.jpg,train,0,,,,,,,,555dbf683c59baf539c9bb6c779ab3499d8d5fc5d4de338b98f21dce4fbc53fb,dee4f02b4d4d4382,171,152,7433,155.509234,45.512409,36.678598,exact-a5bef651c8e3,near-938105284fe4,quarantine,"MISSING_PROVENANCE:subject_id,session_id,clip_id,device_id"
369f9e666150da320dbf,train/images/17743468763280644.jpg,train,0,,,,,,,,831c32001cd8d5d2d83c638bdabc7ee559954492a8677be5fc8e457420f3054e,def0f24d6d0d83c2,172,153,7618,153.527094,47.441556,37.699075,exact-0b36980af5c0,near-0b36980af5c0,quarantine,"MISSING_PROVENANCE:subject_id,session_id,clip_id,device_id"
cfa79f38d2423f444c74,train/images/17743468763896558.jpg,train,0,,,,,,,,709aba7639ca4b367d0f4e4942af429ef1e27c6f0f362bb1f1a2f3523da44429,dee4f04b4d4d4382,168,150,7279,154.306706,45.186640,43.425380,exact-7987e36c43f0,near-938105284fe4,quarantine,"MISSING_PROVENANCE:subject_id,session_id,clip_id,device_id"
403305238598a8d6f947,train/images/1774346876513987.jpg,train,0,,,,,,,,1844074cdf0ebd719607cfc7e844c23c19302b87edb0d4d6b0aef460ead5d6a6,fee0f04b494d4782,164,146,7000,153.800368,44.721344,48.996096,exact-542cacae1d41,near-938105284fe4,quarantine,"MISSING_PROVENANCE:subject_id,session_id,clip_id,device_id"
5b29fe0936e1b8edf838,train/images/17743468765642836.jpg,train,0,,,,,,,,050cbce99c48ecadb16dd1f43c04a0ea4063861e47e5d2c7334d064f47202cef,dee4f06b4d4d4782,166,147,6979,154.025613,44.462746,50.788674,exact-3b2252403733,near-938105284fe4,quarantine,"MISSING_PROVENANCE:subject_id,session_id,clip_id,device_id"
58a284cac03b2d6e7142,train/images/17743468765941365.jpg,train,0,,,,,,,,f5a2600ee162b52ff1e0911b6b3fd8c7ee1fc7354301d4c6b51befd4d8811de6,dee4f02b494d47c3,166,147,6857,154.845627,43.577519,43.920348,exact-0eaa69a16d7c,near-938105284fe4,quarantine,"MISSING_PROVENANCE:subject_id,session_id,clip_id,device_id"
bdd90793b53f47c2a29c,train/images/17743468766261175.jpg,train,0,,,,,,,,d0092893f39661ba71a591554509bdbe5f1aba9ef89d10cad16070dd1dbbff5c,dee4f06b4d4d43c3,164,146,6938,154.592340,43.958455,49.373756,exact-a3ab7bbaf739,near-938105284fe4,quarantine,"MISSING_PROVENANCE:subject_id,session_id,clip_id,device_id"
834d342192bb9c4828d3,train/images/17743468766659446.jpg,train,0,,,,,,,,28dcbc8d327aadd63d0d89858cd9226e3ead66c20621965a39b3bfc3a2295dd7,dee0f2294c4d03c3,164,146,6985,154.763156,44.279823,41.223544,exact-a367613375c7,near-938105284fe4,quarantine,"MISSING_PROVENANCE:subject_id,session_id,clip_id,device_id"
000e0dccaf26d36d0845,train/images/17743468766926444.jpg,train,0,,,,,,,,3b5eed81a03ac1078e6ca35ce924ec9d13bf4358df9c948701ac98e30baf7e1e,d6e0f2294c4d03c3,160,142,6441,155.773151,42.742369,49.481468,exact-c28474616c02,near-938105284fe4,quarantine,"MISSING_PROVENANCE:subject_id,session_id,clip_id,device_id"
424ae08ac127afaf8395,train/images/17743468767213674.jpg,train,0,,,,,,,,fdce3bdf78a9877aa12077d32644c343cfb3f996db223ec46647435e7c534f14,def4f0294d4d07c3,164,146,7035,156.550284,42.190808,44.387859,exact-06ec44ccee3b,near-938105284fe4,quarantine,"MISSING_PROVENANCE:subject_id,session_id,clip_id,device_id"
d0e7664d20b4e0c41222,train/images/1774346876813794.jpg,train,0,,,,,,,,5b222a8b00c25b7c411f384743bb51ab57d4dac4317b45711616ada1661dbb10,def4f028494947c2,168,150,7278,156.984921,43.809787,51.227419,exact-37b1267a4ff4,near-938105284fe4,quarantine,"MISSING_PROVENANCE:subject_id,session_id,clip_id,device_id"
039bbdc1aa5eab412f79,train/images/17743468768499768.jpg,train,0,,,,,,,,4032f5601a386a1b48d798a24896db13ef51f757d099b638822030afafd4e6f3,def4f020494947c2,170,151,7228,158.127425,43.812584,47.783096,exact-9727a660d3b8,near-938105284fe4,quarantine,"MISSING_PROVENANCE:subject_id,session_id,clip_id,device_id"
9f152354289b85c05ec5,train/images/17743468768833125.jpg,train,0,,,,,,,,4032f5601a386a1b48d798a24896db13ef51f757d099b638822030afafd4e6f3,def4f020494947c2,170,151,7228,158.127425,43.812584,47.783096,exact-9727a660d3b8,near-938105284fe4,quarantine,"MISSING_PROVENANCE:subject_id,session_id,clip_id,device_id"
9036c20ec0ab75c38b37,train/images/17743468769269316.jpg,train,0,,,,,,,,09d14bf18df0f75a530d31f88605d6530599ac47ee5b12738811d4d99e6c6490,dee0f22d4d4d03c2,168,150,7222,157.901429,46.860016,42.660292,exact-589302a339e5,near-938105284fe4,quarantine,"MISSING_PROVENANCE:subject_id,session_id,clip_id,device_id"
23b4f0e5e6e974bd257c,train/images/17743468769628198.jpg,train,0,,,,,,,,c764476a89c9c007af05dd9ccb088e86d28e9b38aea6381e8aaa95d3787c5892,fee0b24d4d4d4383,163,145,7023,158.230083,47.075001,38.849238,exact-118a91dd9d8f,near-938105284fe4,quarantine,"MISSING_PROVENANCE:subject_id,session_id,clip_id,device_id"
61def90d1d706d6c7780,train/images/17743468769933038.jpg,train,0,,,,,,,,46e36c5de7cb79904d38c768f7dd5d68e2249794aa834034f776447eba16bfaf,dee0f04d4d4d43c2,166,147,7217,160.184165,46.569915,37.101135,exact-77523aa0395b,near-938105284fe4,quarantine,"MISSING_PROVENANCE:subject_id,session_id,clip_id,device_id"
11a4d11dc06350abc916,train/images/1774346877066218.jpg,train,0,,,,,,,,151a648a6931f8f7b88912b0694cde5d8cb1f578422c875b5156fc754fcc25f7,dee0f0284d4d0383,159,141,6428,166.705250,43.017773,39.129212,exact-f1de64eac803,near-938105284fe4,quarantine,"MISSING_PROVENANCE:subject_id,session_id,clip_id,device_id"
0d29ffd87d9b29bc54e0,train/images/1774346877095882.jpg,train,0,,,,,,,,39aedf2977e125fe4e199befd0ec45281d40499cc3972de015e6813126811111,d6e0f00d4d4d4383,156,139,6356,165.935344,44.760026,39.189511,exact-7ec62885a6b7,near-938105284fe4,quarantine,"MISSING_PROVENANCE:subject_id,session_id,clip_id,device_id"
e471eee01381bc18965d,train/images/17743468771298335.jpg,train,0,,,,,,,,3933ddd5602280f40d79724a9d7bd3a7b0abbaa9cf622ee10e92e60d790e35c9,d6e0f44c49494382,156,139,6429,165.724451,46.340747,42.079260,exact-998bae6a40b8,near-938105284fe4,quarantine,"MISSING_PROVENANCE:subject_id,session_id,clip_id,device_id"
498f0f82d47db2afc70b,train/images/1774346877214638.jpg,train,0,,,,,,,,a1fae96e55b8837fc9a365f038709a8999f9a13eb7f28ed9536b2a45b88b70f3,f0e0f04d4c4d4382,147,130,5976,166.517007,47.294541,46.807782,exact-71c6984033d1,near-938105284fe4,quarantine,"MISSING_PROVENANCE:subject_id,session_id,clip_id,device_id"
40beae499a674359369c,train/images/17743468772491677.jpg,train,0,,,,,,,,a1fae96e55b8837fc9a365f038709a8999f9a13eb7f28ed9536b2a45b88b70f3,f0e0f04d4c4d4382,147,130,5976,166.517007,47.294541,46.807782,exact-71c6984033d1,near-938105284fe4,quarantine,"MISSING_PROVENANCE:subject_id,session_id,clip_id,device_id"
29313f11d6f1e4d16ca5,train/images/17743468772816384.jpg,train,0,,,,,,,,3d2d5d0d3b3cfdf470868d46d6ff34286f6ec09659d8173e057839c06f299365,f0e0f00d4c4d4383,143,127,5592,168.768074,45.258140,47.413054,exact-7d86b48acdec,near-938105284fe4,quarantine,"MISSING_PROVENANCE:subject_id,session_id,clip_id,device_id"
5ce7997bb7b35d958ca0,train/images/17743468773127604.jpg,train,0,,,,,,,,6372dfea5ee9d73ac2d6046a8942ae91811bc55d47852528370eaca210c7a452,d6e0f0284d4d47c3,141,126,5573,172.435326,41.512601,51.797922,exact-972fb81a3b9e,near-938105284fe4,quarantine,"MISSING_PROVENANCE:subject_id,session_id,clip_id,device_id"
fbfca4cbe66eb41929f1,train/images/17743468773602407.jpg,train,0,,,,,,,,a50eb0de8d3ffb67e33726a52ba759b4f46ece26b1d1b5aab1921f4009cda6c7,dae0f02c4d4d4382,143,127,5616,171.217719,44.627791,45.820373,exact-68ac846d8dc1,near-938105284fe4,quarantine,"MISSING_PROVENANCE:subject_id,session_id,clip_id,device_id"
93341a75c1502fc961f9,train/images/17743468774239774.jpg,train,0,,,,,,,,61c3345102511b623c7df245e1c2da850fdee9c6c86caa55d649e973287815a2,dee0f02849494382,139,123,5517,173.201965,44.000159,44.583940,exact-36d144ea081f,near-938105284fe4,quarantine,"MISSING_PROVENANCE:subject_id,session_id,clip_id,device_id"
7ca0a28f01e01425eafc,train/images/1774346887742548.jpg,train,0,,,,,,,,106369dc66492f1c17e563a79d9347e37b471c4bebf10a2dcf218f2d067075f8,d8e0a0284a0a4680,133,118,5303,185.882630,44.919403,40.302987,exact-19d0b0d40774,near-19d0b0d40774,quarantine,"MISSING_PROVENANCE:subject_id,session_id,clip_id,device_id"
5829830d594ca02fa80f,train/images/1774346887775152.jpg,train,0,,,,,,,,b884a5d9bcdf317b63e8df7abf0298161d0047d2d4146b3347a8a7d54b73f1e1,d8e0e040da1a4684,128,114,5011,187.542421,44.149431,44.186224,exact-e361ec1ff521,near-e361ec1ff521,quarantine,"MISSING_PROVENANCE:subject_id,session_id,clip_id,device_id"
bafca642554f4234a009,train/images/17743468878242922.jpg,train,0,,,,,,,,c0cd359736d9cc6597e045c1dd124bb8c3538555a9c109fb16b558978e056ad4,d2f0b02ac90a82c0,132,117,5422,184.487179,46.921752,48.633185,exact-02ede7e8caf7,near-02ede7e8caf7,quarantine,"MISSING_PROVENANCE:subject_id,session_id,clip_id,device_id"
b275121c1b32b4874890,train/images/1774346887916699.jpg,train,0,,,,,,,,a92c3f2f960081046124e34571e98bd7ef7cec90610b1f11b766844defcac15e,d6e0b04a490ac280,128,114,5031,183.944422,46.323660,51.646887,exact-8debf6e4d23b,near-938105284fe4,quarantine,"MISSING_PROVENANCE:subject_id,session_id,clip_id,device_id"
bdb22fc3cfdb63dd23bc,train/images/17743468879743855.jpg,train,0,,,,,,,,7d2131bcff6425cc7958d934ec700aee780500a18591b821e86693953cbafa12,d4e0b44a490a4280,124,110,4764,182.485044,46.972302,64.212740,exact-973d94870ea2,near-938105284fe4,quarantine,"MISSING_PROVENANCE:subject_id,session_id,clip_id,device_id"
886ddcfb3fb185a8172e,train/images/17743468880043259.jpg,train,0,,,,,,,,2dfa978a2cd29edecb3002108ae37e412de3da30baeb34eab4d6434913350d0b,d4e0b049490e4280,122,109,4688,183.174838,46.145731,53.300806,exact-56626ff45dd8,near-938105284fe4,quarantine,"MISSING_PROVENANCE:subject_id,session_id,clip_id,device_id"
17785bb5b14fd64575ba,train/images/17743468910222542.jpg,train,0,,,,,,,,73a94c0ff056d245bbe9b6c462b28444c2cf9342213a36239942b1cc580dc60c,e4f0304949074298,152,135,6259,179.082261,40.656203,39.749891,exact-74e9f3d8efbd,near-74e9f3d8efbd,quarantine,"MISSING_PROVENANCE:subject_id,session_id,clip_id,device_id"
3d72866fe4f5a68acb04,train/images/17743468910596788.jpg,train,0,,,,,,,,4b2cc61b6f11df9def99e79d070274578b447f139090c83c95531d745215cfb7,e0f0b04d490d439a,151,134,6375,180.653356,38.532679,41.876723,exact-66c2e6dd7fe3,near-938105284fe4,quarantine,"MISSING_PROVENANCE:subject_id,session_id,clip_id,device_id"
f15c9aee84a01a6cf298,train/images/17743468911487718.jpg,train,0,,,,,,,,0f9257152d301a9cd85068eb62cc33a6a30880d79ad5fd3c52046b7c8191d2f6,e2f0b2056c0d1183,148,132,6146,183.494318,37.978616,35.762379,exact-59a6d3288187,near-938105284fe4,quarantine,"MISSING_PROVENANCE:subject_id,session_id,clip_id,device_id"
a89ce9320967bba35488,train/images/177434689120218.jpg,train,0,,,,,,,,5d06587e0af7212a6c1f0d15490790a400078ce16a5d044186bd0bb365bc4c71,e0f0b04d6d0d4382,159,141,6513,181.110442,43.358815,38.744081,exact-ed07bf12b8fe,near-938105284fe4,quarantine,"MISSING_PROVENANCE:subject_id,session_id,clip_id,device_id"
cf0a70993991cb0b19a5,train/images/17743468912374454.jpg,train,0,,,,,,,,909d0761f7e3b224e781ceb81fcf13e547ee89561701250e471c2135514d01ea,e0f0b04d6d0d4382,162,144,6813,179.852924,44.861992,34.872019,exact-2c58b3a68ac9,near-938105284fe4,quarantine,"MISSING_PROVENANCE:subject_id,session_id,clip_id,device_id"
1ae19c535877d7279676,train/images/17743468912686052.jpg,train,0,,,,,,,,07902c2072fcfea47ca4a4c0f7876e90f860a87bfde295e980de1de540c45a70,e0f0304d490d4382,163,145,7107,179.589803,45.015420,36.398418,exact-0252b081bda7,near-938105284fe4,quarantine,"MISSING_PROVENANCE:subject_id,session_id,clip_id,device_id"
a6241fe84ba131ad85bc,train/images/17743468917967784.jpg,train,0,,,,,,,,d29a938c9f329653327a0b62180f9362632c328de6b99d05b5dc353913966b9d,f6f0f0adecada1c3,175,156,7531,178.156813,43.856449,37.308371,exact-324a7c17f8ad,near-c90c0c55e393,quarantine,"MISSING_PROVENANCE:subject_id,session_id,clip_id,device_id"
4355256a1c22d99db5ec,train/images/17743468918286324.jpg,train,0,,,,,,,,d29a938c9f329653327a0b62180f9362632c328de6b99d05b5dc353913966b9d,f6f0f0adecada1c3,175,156,7531,178.156813,43.856449,37.308371,exact-324a7c17f8ad,near-c90c0c55e393,quarantine,"MISSING_PROVENANCE:subject_id,session_id,clip_id,device_id"
9a738c429cd1923139fc,train/images/17743468918592265.jpg,train,0,,,,,,,,7905817815acae32d50f920d3ecc97b3bdf19b6bd14aa0c14d850605263d3fee,f6f0f02dec8da3c3,168,150,7380,176.832222,43.383540,40.236553,exact-d40535ac09aa,near-c90c0c55e393,quarantine,"MISSING_PROVENANCE:subject_id,session_id,clip_id,device_id"
64a5674d31354d266c2a,train/images/17743468919211745.jpg,train,0,,,,,,,,5f1a5e514ecaa3f09a8c328e8fb11f151ef0c7398fbc74e537b348db99aa8387,f0f0324d6c0c21c3,148,132,6166,173.758958,42.469305,41.183704,exact-efec9aaf2143,near-0eba0bf855a5,quarantine,"MISSING_PROVENANCE:subject_id,session_id,clip_id,device_id"
8cd705a3f87ce5bef4c8,train/images/17743468919691927.jpg,train,0,,,,,,,,19cbca4ed35037e5efffbff38b1a1c0cfee7da93f50346b551a2ec6ad7b5b8ef,f0e0704d4c4c4143,139,123,5501,175.278587,39.499642,54.235807,exact-274897360371,near-938105284fe4,quarantine,"MISSING_PROVENANCE:subject_id,session_id,clip_id,device_id"
da31269e8d81e3430d12,train/images/17743468920034587.jpg,train,0,,,,,,,,45a4b1e5f88ea30588cf74dcbaa7ebe8a68023906ebac0ab3ced62560a2e22c3,f2f0704d6c0c2183,141,126,5571,173.475684,42.282243,43.162518,exact-ca153fc499ff,near-0eba0bf855a5,quarantine,"MISSING_PROVENANCE:subject_id,session_id,clip_id,device_id"
b85dbb5957cc6bd63cd4,train/images/17743468922389376.jpg,train,0,,,,,,,,c44bbe5fcb38f41e9580ff5d2e1d65004ff5f9ec49b7bc39640cf62212d991e7,f2f0204d6c0d2183,128,114,4934,170.948602,43.543675,53.085299,exact-b62764dc19af,near-0eba0bf855a5,quarantine,"MISSING_PROVENANCE:subject_id,session_id,clip_id,device_id"
6e75cdabb72fd1a1f355,train/images/17743468924352953.jpg,train,0,,,,,,,,896883c87501cba697bea057d501d679b7502b72037237675854f291c393f88e,f4e0304d490d0382,129,115,5171,175.820627,44.370663,47.771649,exact-e9ef91d2836a,near-938105284fe4,quarantine,"MISSING_PROVENANCE:subject_id,session_id,clip_id,device_id"
a3e792cd88b7f8e2c132,train/images/17743468924687185.jpg,train,0,,,,,,,,f0106900b1c27cd08c181fcb036a9602f31bbcb21fc5cce900fdf3738bf915b3,f4e0b049e90d83c2,137,122,5602,176.587472,46.965712,40.727360,exact-58eb0dd988df,near-58eb0dd988df,quarantine,"MISSING_PROVENANCE:subject_id,session_id,clip_id,device_id"
ab9b1207c8570ea62c2a,train/images/17743468925024261.jpg,train,0,,,,,,,,516feb76e3d4e75ca5510e7e6b6f1193076b0b8e822408540dcf35f7b17eeb41,f4f0f0a5e485a1c3,133,118,5284,182.083344,42.712943,38.668764,exact-941b74661161,near-941b74661161,quarantine,"MISSING_PROVENANCE:subject_id,session_id,clip_id,device_id"
700fa6818da4060eef6e,train/images/1774346892547546.jpg,train,0,,,,,,,,d54e8760f460d4f37c9ac1b98ba4d9c46e3f3b86dd29d3d52cfe00f33fe75e27,d6e0f028cd0d8382,133,118,5382,181.360329,42.882985,42.887027,exact-26c151f9669f,near-26c151f9669f,quarantine,"MISSING_PROVENANCE:subject_id,session_id,clip_id,device_id"
69ff23e4f2faa3c0f1de,train/images/17743468963404984.jpg,train,0,,,,,,,,48b8818efce4d944a904e183dc35c8de9ee992c0d707f512e206a8503dd9abab,c0f0304849094382,124,110,5073,215.681305,46.221167,79.620541,exact-6bd44ccbcb33,near-938105284fe4,quarantine,"MISSING_PROVENANCE:subject_id,session_id,clip_id,device_id"
82c446575d3192caed66,train/images/1774346896644526.jpg,train,0,,,,,,,,52599621b04565ba2382b838f0631a2139c482a23b7b2b1df76e6a8226d666e9,c1e0b00848494382,151,134,6447,225.668775,41.275343,66.561211,exact-6d6e1059500d,near-938105284fe4,quarantine,"MISSING_PROVENANCE:subject_id,session_id,clip_id,device_id"
d0ce3495d672276a04d8,train/images/17743468966770666.jpg,train,0,,,,,,,,289a25ae87d27316da6da59d0681148d867c2ba678d945368271d32536081fda,c0e0b00848090382,157,140,6804,224.502184,43.326428,53.719956,exact-32396038fca0,near-938105284fe4,quarantine,"MISSING_PROVENANCE:subject_id,session_id,clip_id,device_id"
287b6e4777ee67495911,train/images/1774346896719826.jpg,train,0,,,,,,,,4083fd0e230b7d7236eed60b5cc98ee5f948a58284409ee7925a250323764461,c0e0f080e88b8282,170,151,7258,226.478185,43.248696,51.097000,exact-369b906a75d3,near-aa17046eaaf9,quarantine,"MISSING_PROVENANCE:subject_id,session_id,clip_id,device_id"
66dd353c14beee365378,train/images/17743468967552092.jpg,train,0,,,,,,,,bbd29a4d5cd2ebe5d8b4808da4bcc890b1544028d7599f4f0014c16c2992934b,e0f0b000ec0d21c3,153,136,6203,227.316657,40.800973,55.286406,exact-f343a80aafa1,near-f343a80aafa1,quarantine,"MISSING_PROVENANCE:subject_id,session_id,clip_id,device_id"
bf4f1c3742fa2e513a64,train/images/1774346896789014.jpg,train,0,,,,,,,,6077add8d7e03aa1e5a23dc73b7dbb563fda0566edf4639cb2c20e3cd5dd918f,e0f090e4ad05a380,155,138,6559,218.780645,48.323104,60.873723,exact-c18a8ad752fb,near-c18a8ad752fb,quarantine,"MISSING_PROVENANCE:subject_id,session_id,clip_id,device_id"
67b25c5abf7b567eba5f,train/images/1774346896819617.jpg,train,0,,,,,,,,4cb88d501c39c4614f1fd986c636665cf697e7fe363083f5f207575e3209af46,e1e0f080e88ba282,171,152,6872,228.100877,42.925317,42.943472,exact-7123d367e354,near-aa17046eaaf9,quarantine,"MISSING_PROVENANCE:subject_id,session_id,clip_id,device_id"
76a1ff2dd64b38c617ff,train/images/17743468968536873.jpg,train,0,,,,,,,,6e3b7733e5c4501edc819ac7c46baeade79b292ae7af5beaf731a9c9ae028745,c0c0e030c80a0284,176,157,6829,230.913940,40.696134,42.347081,exact-15197cf7214b,near-15197cf7214b,quarantine,"MISSING_PROVENANCE:subject_id,session_id,clip_id,device_id"
f709a7f0bfdf4c2ddc81,train/images/1774346896916965.jpg,train,0,,,,,,,,9816bb5372a0bc36b1eaec354e04db262c9cd6930c8c45ebb4d29556d9fa3075,c0a06040484a4282,159,141,5977,226.921138,44.015683,47.120697,exact-3b4749274494,near-3b4749274494,quarantine,"MISSING_PROVENANCE:subject_id,session_id,clip_id,device_id"
c124361868b3ea9089af,train/images/1774346897016626.jpg,train,0,,,,,,,,2a19b27bf9fa55cec8c4104a753f85f90175449f0252f983b7b690763da073d0,40a0a000480a4280,162,144,5903,229.305298,43.287686,42.590834,exact-da26b77becf8,near-46576a3bb024,quarantine,"MISSING_PROVENANCE:subject_id,session_id,clip_id,device_id"
b3b138a16143d33cdab4,train/images/17743469049941645.jpg,train,0,,,,,,,,add8423101f42a0a630d926301d05dcaa238447547229525e9eb3da4924ed4c0,f0f0f0a0edada3c2,174,154,8135,192.237573,49.047992,44.690522,exact-7ac25d5d84ca,near-258828556f97,quarantine,"MISSING_PROVENANCE:subject_id,session_id,clip_id,device_id"
806bb00774a8519809f3,train/images/17743469051198175.jpg,train,0,,,,,,,,1f88ac6f8eb4d9c03d2682ae5de9d1995a04df5ab6df1def23eb794ea7249cab,e2f2b0656d0d8382,159,141,7233,185.893840,53.626551,52.935197,exact-0af7d7158bec,near-0af7d7158bec,quarantine,"MISSING_PROVENANCE:subject_id,session_id,clip_id,device_id"
117cf35e6645a5361b05,train/images/17743469051550405.jpg,train,0,,,,,,,,7f6b3dcfc1076dcdef6442908edeb32182fcd980b75a6d770c69e05e5793df3d,d2f2b04d6d0d4382,153,136,6518,187.396963,51.433018,53.854174,exact-2cec8cf0e321,near-938105284fe4,quarantine,"MISSING_PROVENANCE:subject_id,session_id,clip_id,device_id"
c4cf29608732b0785751,train/images/1774346905218091.jpg,train,0,,,,,,,,d9298ba503b3f9ce7a13e502a54a9d780b30dfbb51ff195aab379b0c4dd4f94e,f0f2204d6d0d4382,148,132,6191,186.465090,52.239922,47.028012,exact-dc0d4285dca5,near-938105284fe4,quarantine,"MISSING_PROVENANCE:subject_id,session_id,clip_id,device_id"
6c9e58cb2774ff53a6a4,train/images/17743469052707298.jpg,train,0,,,,,,,,f4af82dd44f45433c33ab76470219b389f23cb123591e45e7ce6fcbe46575c7c,f2f0b0a5ac8da3c2,160,142,6591,191.525220,51.305049,37.474391,exact-eaf2067e34d6,near-eaf2067e34d6,quarantine,"MISSING_PROVENANCE:subject_id,session_id,clip_id,device_id"
b8aaee13c1877a990495,train/images/17743469053021195.jpg,train,0,,,,,,,,9b5006aca072304c2db567c2af9d2a3db13a1260027f7233e4a473b930c0c50a,e0f0f0246d2d03c3,155,138,6634,196.769472,44.302335,35.937597,exact-12b637dd6a40,near-12b637dd6a40,quarantine,"MISSING_PROVENANCE:subject_id,session_id,clip_id,device_id"
8f71a8a916b81317c722,train/images/17743469054226618.jpg,train,0,,,,,,,,e02bd33008ac968121cf6b7fcc58f941f499ce327fdce78602f52dff0abaa3c2,e2f03049490d4286,151,134,6784,190.696452,45.736585,61.724955,exact-fd68fcf88c30,near-938105284fe4,quarantine,"MISSING_PROVENANCE:subject_id,session_id,clip_id,device_id"
e4c77d72c077a4fb2570,train/images/17743469054604065.jpg,train,0,,,,,,,,f7c7b8b1833a47769225512c21c1051095e92fdacd0deb623518cf76a8b1295c,f2f0b04d4d0d4382,148,132,6491,191.116093,44.631966,44.305165,exact-45297c633d33,near-938105284fe4,quarantine,"MISSING_PROVENANCE:subject_id,session_id,clip_id,device_id"
2939a0e508bfe54f886a,train/images/177434692008341.jpg,train,0,,,,,,,,6c839d44394e9f755adcfd01c1c157a6e4126a8f4e752e925fb52b6ff1ff9e4c,0e132331333183c2,130,116,5535,195.402255,46.653925,119.806428,exact-ee1102863183,near-ee1102863183,quarantine,"MISSING_PROVENANCE:subject_id,session_id,clip_id,device_id"
53326cdfe0f3fae843ec,train/images/17743469201611342.jpg,train,0,,,,,,,,2ba267782d02f08f4b588442bdfbea1d7d590b046caee6fcf7d7c33f51b6d263,0e072321152187c4,136,121,6602,172.115156,55.019421,193.418065,exact-1f05a02edac2,near-1f05a02edac2,quarantine,"MISSING_PROVENANCE:subject_id,session_id,clip_id,device_id"
8317c044343de3316b23,train/images/177434692019238.jpg,train,0,,,,,,,,2ba267782d02f08f4b588442bdfbea1d7d590b046caee6fcf7d7c33f51b6d263,0e072321152187c4,136,121,6602,172.115156,55.019421,193.418065,exact-1f05a02edac2,near-1f05a02edac2,quarantine,"MISSING_PROVENANCE:subject_id,session_id,clip_id,device_id"
08ddb20df93a0ef7c51c,train/images/1774346920281974.jpg,train,0,,,,,,,,6d84f2c41e5c4acfa24b1b74bfb9b4a742d5e9cf96fc1f1627243c9a11536160,0f0721a193b183e2,143,127,7643,146.229227,65.207074,210.145703,exact-585579aed1c5,near-585579aed1c5,quarantine,"MISSING_PROVENANCE:subject_id,session_id,clip_id,device_id"
17bcb8a6d2a2171ecffe,train/images/1774346920343043.jpg,train,0,,,,,,,,812157f4f88d5175ada2a29774e7fd44824368200af62e4370476f0f6a9624c9,0e0725b1112183e2,144,128,7746,143.156630,68.033973,210.754206,exact-e7faa8b075ab,near-e7faa8b075ab,quarantine,"MISSING_PROVENANCE:subject_id,session_id,clip_id,device_id"
0118fe495b9b1a9ba85e,train/images/17743469203737504.jpg,train,0,,,,,,,,f873bd5df390d2ff4b38b79c4cb740f98b3ea27855f8b80eff30390b328076ee,0e072121123181c2,140,124,7637,142.754608,66.209099,215.747218,exact-2b36364b92fd,near-201a7f5a6474,quarantine,"MISSING_PROVENANCE:subject_id,session_id,clip_id,device_id"
7233b2a0e96134f82bdc,train/images/17743469204067905.jpg,train,0,,,,,,,,f3453b5ebf58f979090a0259ac6fe90d0588d063b798a4234f5067ab9837c80d,0e0721331a3081c2,137,122,7464,143.728012,65.896272,215.474255,exact-cb69775effd9,near-201a7f5a6474,quarantine,"MISSING_PROVENANCE:subject_id,session_id,clip_id,device_id"
17d21808c5d9e0482090,train/images/17743469204386482.jpg,train,0,,,,,,,,5731fbdff546bf4ada1874e5c896ccb78e6cf89924e88104127a435a310f97a9,0e072533122181c2,137,122,7434,144.048762,64.602722,194.891046,exact-f5efb6e05e55,near-201a7f5a6474,quarantine,"MISSING_PROVENANCE:subject_id,session_id,clip_id,device_id"
3c117aeb49e0aef36977,train/images/17743469204686203.jpg,train,0,,,,,,,,c190b9dead2ef9ccc9b7f0b625ac2f24da23104597bb35a93e285544c1374d98,0e0721331a3091c3,136,121,7058,142.534152,64.027284,190.220703,exact-660fb496e959,near-201a7f5a6474,quarantine,"MISSING_PROVENANCE:subject_id,session_id,clip_id,device_id"
f36d32d907daa3606f27,train/images/17743469205564039.jpg,train,0,,,,,,,,824f9f2a1b400f191d7c5aa841db634b0cd808da555c54e2b929d725552d7ed0,071321939ab1c1e2,148,132,8361,141.258753,66.670053,209.678406,exact-f79b89777207,near-f79b89777207,quarantine,"MISSING_PROVENANCE:subject_id,session_id,clip_id,device_id"
45000ca93e31012f72f7,train/images/1774346920563301.jpg,train,0,,,,,,,,d36acf92a40440e9609243df0a503f03598dbb0c21b36b787d9a3158c96d6a88,8e868683d39286e8,126,112,5874,123.371882,72.205636,155.312272,exact-46437ab18a66,near-8309e77799eb,quarantine,"MISSING_PROVENANCE:subject_id,session_id,clip_id,device_id"
9413d0061afaec293d42,train/images/17743469205874658.jpg,train,0,,,,,,,,537131a26ba993cd802a777a73b7d69b5cfb66f52c5b67d013a35854ccbb2ae7,0e072133122181c2,145,129,8172,138.478535,65.092973,170.970863,exact-16a3e9e922b4,near-201a7f5a6474,quarantine,"MISSING_PROVENANCE:subject_id,session_id,clip_id,device_id"
81e541c78e185793a1e9,train/images/17743469206204174.jpg,train,0,,,,,,,,5e838a67e62854cef3f798751ea900dfb00168576ec23a2e9ffc46be52a24562,0e072121123081c2,144,128,7445,139.254774,63.852149,150.407975,exact-fa3cfb3f1bb8,near-201a7f5a6474,quarantine,"MISSING_PROVENANCE:subject_id,session_id,clip_id,device_id"
344a67080959a438fb7d,train/images/17743469207324173.jpg,train,0,,,,,,,,133ecd682581640f158759a9023dd25ee9935b32ce94777ff88e68ac4a4a0854,868683a1c9d382f0,130,116,6237,120.795027,67.055658,90.710824,exact-0d866ba9f9fd,near-f1b8ad495e88,quarantine,"MISSING_PROVENANCE:subject_id,session_id,clip_id,device_id"
c8057873497db8e8974f,train/images/17743469207551606.jpg,train,0,,,,,,,,f02358ce1c899756f4ed57def9c5b7e02ad85025d6ef8a627c388ae7301feac7,070321b31a3081c2,156,139,8563,144.808015,63.289242,101.270452,exact-6ecf763ff6e7,near-201a7f5a6474,quarantine,"MISSING_PROVENANCE:subject_id,session_id,clip_id,device_id"
3d390468c9b282640c8f,train/images/17743469207879364.jpg,train,0,,,,,,,,a37148e0d2d8d0e9d6c399a07530dc4393b35c34538af71fdb1334c2ec9901dc,0f0721a19ab081c2,163,145,9279,141.986884,64.437714,96.616368,exact-e66f404f78b6,near-201a7f5a6474,quarantine,"MISSING_PROVENANCE:subject_id,session_id,clip_id,device_id"
bf24a5b1638d7823cb9b,train/images/17743469208767862.jpg,train,0,,,,,,,,d5b4d5bdb2654a8591b6cbdf3d15b380546c01daf4699e1e92d9bfcc949b350f,0f072121123081c2,166,147,9447,143.208385,63.472354,95.250034,exact-eeafcf2e9d80,near-201a7f5a6474,quarantine,"MISSING_PROVENANCE:subject_id,session_id,clip_id,device_id"
87e2777a9bb91e56d693,train/images/1774346920883536.jpg,train,0,,,,,,,,eea7dd31a58a15e89b61de18241cdefe418c8ff9b295d18a2e852bb8df1b20b0,8783a1a1c99983c6,129,115,6001,109.879474,57.631379,72.894527,exact-6dfb97632210,near-6dfb97632210,quarantine,"MISSING_PROVENANCE:subject_id,session_id,clip_id,device_id"
d88ceff375962fc66cd1,train/images/1774346920967758.jpg,train,0,,,,,,,,16462f8641b7b3479734b2f02dc8013bade9c593b35647f641aa74c4c56136ec,1f0721211a3091c3,178,158,11184,142.653001,65.389578,117.103034,exact-ee932b02fc14,near-201a7f5a6474,quarantine,"MISSING_PROVENANCE:subject_id,session_id,clip_id,device_id"
ae02f137b0e053029ce3,train/images/17743469209791205.jpg,train,0,,,,,,,,28f3c155373d1b22156c769206c646b9ab52dd1c1b301bdc72cfd4e448ffc753,0703918a8a80c1c1,136,121,7061,139.449623,61.872230,114.260323,exact-22a2fa7d0424,near-276e820f36a7,quarantine,"MISSING_PROVENANCE:subject_id,session_id,clip_id,device_id"
0821c658dd5279f7ab92,train/images/1774346921012798.jpg,train,0,,,,,,,,1cc535419d002b233d15fad2408b20682ba7eccca22bb5ef46bac89be38f11a6,0e0725231a3091c3,178,158,10976,143.589070,65.084268,114.162955,exact-52a6eb687cd2,near-201a7f5a6474,quarantine,"MISSING_PROVENANCE:subject_id,session_id,clip_id,device_id"
2d9d6df30dd8193b67e6,train/images/17743469210185497.jpg,train,0,,,,,,,,ac5172bf5a89f9a38824e93b011d6ac6ce2fd220c4388160a6fd510699264699,0703918a8a80c1c1,141,126,7556,140.798548,62.879054,123.065472,exact-b6602f58690c,near-276e820f36a7,quarantine,"MISSING_PROVENANCE:subject_id,session_id,clip_id,device_id"
0da06a39904b832254ad,train/images/1774346921065222.jpg,train,0,,,,,,,,f7c410f0ff0ba8b93642cbc91d49e93ecca5cbb3eb28202d48fe067e04d5a2ab,1713928a8a81c1c1,137,122,7201,142.538291,60.379512,117.903901,exact-4654d793972c,near-276e820f36a7,quarantine,"MISSING_PROVENANCE:subject_id,session_id,clip_id,device_id"
db7d1730d1181b3e3e3c,train/images/17743469210834165.jpg,train,0,,,,,,,,90b9547e1296375536fca9a29362dd0e60697dda0d728b7d230d456a6d8f4643,0e0725231a3091c3,180,160,10837,143.693021,64.336840,102.733935,exact-03ac674216f3,near-201a7f5a6474,quarantine,"MISSING_PROVENANCE:subject_id,session_id,clip_id,device_id"
4171d993f76e1c295b67,train/images/1774346921092135.jpg,train,0,,,,,,,,a657f2ef2df1175f3e90d14393808d3f175c4389cd64f90b485f861e169f2653,1703938a8181c161,145,129,7874,144.354344,61.366075,96.803438,exact-310ced37200b,near-276e820f36a7,quarantine,"MISSING_PROVENANCE:subject_id,session_id,clip_id,device_id"
377947e8918ea7aa0a4a,train/images/17743469211268427.jpg,train,0,,,,,,,,9705cf07686a2af89871cf70841805bbd7c35ebd6d80e44a1f4e820366de6c65,1e0721211a3091c3,179,159,10968,143.388742,63.695224,100.248522,exact-7b0838c2af7e,near-201a7f5a6474,quarantine,"MISSING_PROVENANCE:subject_id,session_id,clip_id,device_id"
3827dcc0f964b0e05f95,train/images/17743469211994934.jpg,train,0,,,,,,,,71078a3f645396a5035e026cccd271636516fcc0e7cbcdc9ffd83924e0d91a22,0e072121123081c3,178,158,11122,143.465652,63.270543,102.737434,exact-d6e99395db9e,near-201a7f5a6474,quarantine,"MISSING_PROVENANCE:subject_id,session_id,clip_id,device_id"
33b7b643cd44e2648460,train/images/17743469212405605.jpg,train,0,,,,,,,,71078a3f645396a5035e026cccd271636516fcc0e7cbcdc9ffd83924e0d91a22,0e072121123081c3,178,158,11122,143.465652,63.270543,102.737434,exact-d6e99395db9e,near-201a7f5a6474,quarantine,"MISSING_PROVENANCE:subject_id,session_id,clip_id,device_id"
3ebf32b42701afcc381f,train/images/1774346921251594.jpg,train,0,,,,,,,,b02487083ce7f3252b68bc72ec8c95341f77d0ee7920ee630a6e201787d5d8b7,17031392918181c1,140,124,7291,143.874424,60.703238,102.143428,exact-7a337084c11f,near-276e820f36a7,quarantine,"MISSING_PROVENANCE:subject_id,session_id,clip_id,device_id"
42ec345ded23d4e89585,train/images/17743469212967496.jpg,train,0,,,,,,,,6f2f2a1bdb33c6c9a4fb3658d61bf7b1595edb4606689f52c7f0493606a59a85,170391828a8181c1,143,127,7615,145.583173,61.908163,98.386481,exact-1c00e16c0db1,near-276e820f36a7,quarantine,"MISSING_PROVENANCE:subject_id,session_id,clip_id,device_id"
604d4c187407b76fe574,train/images/1774346921332911.jpg,train,0,,,,,,,,70fc2152d1f25d2d5088211dedba5d830e06ceb108afb7b55a83f4d75665e2aa,0e072523122081c2,179,159,11296,144.565405,62.934413,106.811221,exact-1a08785d4897,near-201a7f5a6474,quarantine,"MISSING_PROVENANCE:subject_id,session_id,clip_id,device_id"
40c8c4e80bb2b01ebc69,train/images/17743469213430998.jpg,train,0,,,,,,,,0703b0a68be7b145066609b6d695759c897e3e1b462c71c883d129ce3746d10b,030191888a8a8081,133,118,6822,145.120683,61.632235,96.847132,exact-550018524a55,near-550018524a55,quarantine,"MISSING_PROVENANCE:subject_id,session_id,clip_id,device_id"
50ab4a45ae8e03068b7b,train/images/17743469213504481.jpg,train,0,,,,,,,,309b7ac9b6b5ba4a4db1612c2d1b22ca0b4d3c4f0cb0d832cfda18fffa0a0287,e1c1d8d05464e0f5,136,121,6265,121.657693,62.369266,80.533710,exact-8c454536b6e2,near-8c454536b6e2,quarantine,"MISSING_PROVENANCE:subject_id,session_id,clip_id,device_id"
190b8b321647aad52e05,train/images/1774346921384788.jpg,train,0,,,,,,,,a0c149a17959150945ff20da611abab6e570b52a9c4acb1e73931e8c646e3ed9,0e0721331a3081c3,175,156,10681,146.381538,62.091079,110.317653,exact-aedec0d0ca66,near-201a7f5a6474,quarantine,"MISSING_PROVENANCE:subject_id,session_id,clip_id,device_id"
dc1efb36653111d02a45,train/images/17743469213937347.jpg,train,0,,,,,,,,5b380482fafdb9f8969945ad703e95ac336e22fd3eb5f9778ad54c012915705b,070311928aa281c1,132,117,6624,145.254209,60.649915,112.483582,exact-8c244b370747,near-7191688f1a7a,quarantine,"MISSING_PROVENANCE:subject_id,session_id,clip_id,device_id"
b883879dfb02189d52a9,train/images/17743469214404314.jpg,train,0,,,,,,,,ad7e46d5b1c1af0d516219011829afa62c7d22e970f06379abc6983501eb524e,0e0721611a3090c1,172,153,10434,149.223286,60.499603,108.020796,exact-cf3ff1a00fa1,near-201a7f5a6474,quarantine,"MISSING_PROVENANCE:subject_id,session_id,clip_id,device_id"
3d0c34c17b8ccefc63b8,train/images/1774346921466246.jpg,train,0,,,,,,,,6050641103f815bb702f80d966738268b73803c187316b8789b06e319ba8b993,0e072121123091c3,175,156,10562,147.205348,61.346274,99.955572,exact-92f3c3465043,near-201a7f5a6474,quarantine,"MISSING_PROVENANCE:subject_id,session_id,clip_id,device_id"
f220dd21e490915ec54c,train/images/17743469215403025.jpg,train,0,,,,,,,,5f7de5828cfb3adbaeba0b2cd9c48fe7aa08074d4f258e0c15dd3c449fc04723,1f072121123091c3,179,159,11268,145.230667,61.875879,104.736384,exact-e3e27f60abbe,near-201a7f5a6474,quarantine,"MISSING_PROVENANCE:subject_id,session_id,clip_id,device_id"
55f9b63f6ad6eecc88e4,train/images/17743469215911145.jpg,train,0,,,,,,,,5f7de5828cfb3adbaeba0b2cd9c48fe7aa08074d4f258e0c15dd3c449fc04723,1f072121123091c3,179,159,11268,145.230667,61.875879,104.736384,exact-e3e27f60abbe,near-201a7f5a6474,quarantine,"MISSING_PROVENANCE:subject_id,session_id,clip_id,device_id"
6b76395eea5ed7c413f5,train/images/17743469216251228.jpg,train,0,,,,,,,,440213c2f03e05b01297a3c8f8f59e9b74d5f322b66aa8a1d36ab9f1b9a0c469,0e072161123091c3,174,154,10506,147.375914,60.807778,106.022266,exact-dfcafae69425,near-201a7f5a6474,quarantine,"MISSING_PROVENANCE:subject_id,session_id,clip_id,device_id"
33cba6db8643759acc10,train/images/17743469216551495.jpg,train,0,,,,,,,,86bc7969f1f0dcde8e2edf2b2d3ace91ac539ffe3847d09dc40756a8100718a7,0e076523122081c2,176,157,10465,148.582187,60.829558,100.034562,exact-ea80b523f458,near-201a7f5a6474,quarantine,"MISSING_PROVENANCE:subject_id,session_id,clip_id,device_id"
70ae91e57f53bbe4e7e6,train/images/17743469216627047.jpg,train,0,,,,,,,,5fd0b482850d36f5766128469a47f0adbf31daaaa2e168dd3ba14df10ccc6bad,170393928a818181,136,121,6898,150.201811,57.506436,108.279021,exact-788181d3e6c4,near-276e820f36a7,quarantine,"MISSING_PROVENANCE:subject_id,session_id,clip_id,device_id"
98471be2a01f3e1f216b,train/images/17743469216912954.jpg,train,0,,,,,,,,9c571cd93c76f413558a533431b33c84a655438a22b2eb42cba724dc29abaf24,0703129202a18181,132,117,6681,150.628399,56.593392,99.911684,exact-f2adeac9190c,near-276e820f36a7,quarantine,"MISSING_PROVENANCE:subject_id,session_id,clip_id,device_id"
e831ece13a208feb0ef1,train/images/17743469217221012.jpg,train,0,,,,,,,,3720d511e0644a9b18083ab87061dd42b4ddc4f766762d3406a86ae13307217b,0703119a8aa280c1,128,114,6308,147.134868,57.895243,106.553418,exact-665cb02ac3b3,near-7191688f1a7a,quarantine,"MISSING_PROVENANCE:subject_id,session_id,clip_id,device_id"
e38ed8664a13b9852eea,train/images/17743469217458918.jpg,train,0,,,,,,,,c32f1d0c032831878688182cb1b83290c27bfa2e616c785d018577bbbef74d10,0e0721b31a3091c3,182,162,11717,149.391907,61.773136,98.284978,exact-3f9eb849d100,near-201a7f5a6474,quarantine,"MISSING_PROVENANCE:subject_id,session_id,clip_id,device_id"
447a1524fb85d4060f4a,train/images/17743469217820017.jpg,train,0,,,,,,,,3d71410ee3496777ce55fa7d6daa3dd4dc35fd791174cec2c2bcd8f2439d4194,1e0721a11ab091c3,184,164,11681,149.080428,62.450759,101.885087,exact-e7d5f7be5195,near-201a7f5a6474,quarantine,"MISSING_PROVENANCE:subject_id,session_id,clip_id,device_id"
2053450b5f1bbf54a739,train/images/1774346921787377.jpg,train,0,,,,,,,,8c593ab053ec8075443e238eca57267afab9ffcd86f383d758fbd2d695742f73,0713938a8a81c1c1,141,126,7475,153.142463,57.895999,99.109231,exact-92abb80a9a9b,near-276e820f36a7,quarantine,"MISSING_PROVENANCE:subject_id,session_id,clip_id,device_id"
a47dba259db2a8789833,train/images/17743469218219225.jpg,train,0,,,,,,,,72a81297d8a89fe60672f15c8fd327d6dd5fba92b70e5b908906913ba5b6cc0e,1e0725a192b181c2,190,169,12508,147.668888,63.211675,111.900798,exact-d8ed8ca27d83,near-201a7f5a6474,quarantine,"MISSING_PROVENANCE:subject_id,session_id,clip_id,device_id"
ea2dbf4d7e40c91e584e,train/images/17743469218578446.jpg,train,0,,,,,,,,e28b280822efcd5aaec1172c0ed9956ded688acc769af67877ca0ab9bcb600e1,170393928381c1c1,143,127,7391,152.656462,57.540637,103.519909,exact-b32523d903bf,near-276e820f36a7,quarantine,"MISSING_PROVENANCE:subject_id,session_id,clip_id,device_id"
3f2b2cbe9581f418e170,train/images/1774346921882478.jpg,train,0,,,,,,,,33a6fb8bf1c04e282df26a1974bca667bd8f674878ac807e21c307755332791a,1e0721a1123091c3,186,165,11880,149.585402,62.249508,107.017916,exact-b48c659e7ee2,near-201a7f5a6474,quarantine,"MISSING_PROVENANCE:subject_id,session_id,clip_id,device_id"
9df99f2236f8ce560e26,train/images/17743469218897579.jpg,train,0,,,,,,,,4a899c32c0d5d00f1cf8d9bf91c575cc8cac502a023d96c961e5410ee9db4bdf,0703139282818181,136,121,6846,152.948772,56.010928,102.255161,exact-1a4b9aabce9b,near-276e820f36a7,quarantine,"MISSING_PROVENANCE:subject_id,session_id,clip_id,device_id"
03d5194913e42f0cd157,train/images/17743469219126546.jpg,train,0,,,,,,,,33a6fb8bf1c04e282df26a1974bca667bd8f674878ac807e21c307755332791a,1e0721a1123091c3,186,165,11880,149.585402,62.249508,107.017916,exact-b48c659e7ee2,near-201a7f5a6474,quarantine,"MISSING_PROVENANCE:subject_id,session_id,clip_id,device_id"
b00b768a6ab693c075b1,train/images/17743469219201996.jpg,train,0,,,,,,,,4a899c32c0d5d00f1cf8d9bf91c575cc8cac502a023d96c961e5410ee9db4bdf,0703139282818181,136,121,6846,152.948772,56.010928,102.255161,exact-1a4b9aabce9b,near-276e820f36a7,quarantine,"MISSING_PROVENANCE:subject_id,session_id,clip_id,device_id"
ba61008b929a7ac244e8,train/images/17743469219590275.jpg,train,0,,,,,,,,328c892061959a40ce8890b20b1eb8083d93dfada6ad9882234979902a68af2e,1e0721a11a3091c3,182,162,11443,151.432370,61.103881,108.458743,exact-ccc6742d528e,near-201a7f5a6474,quarantine,"MISSING_PROVENANCE:subject_id,session_id,clip_id,device_id"
84b0e3b8e9cff53efee4,train/images/17743469220004466.jpg,train,0,,,,,,,,55a933d4e5aaa77bf102e222d8b463d355f15c5bb6c18441bacc18ed2dd4a583,0e0721b39ab091c3,182,162,11478,152.295313,60.835639,103.916386,exact-23b0cc711cca,near-201a7f5a6474,quarantine,"MISSING_PROVENANCE:subject_id,session_id,clip_id,device_id"
0151ee99845a3eb3030d,train/images/17743469220077453.jpg,train,0,,,,,,,,736590f2d2aff855dd085d9ca0ba9abb6f7ee985b05ed5cf02c78af5d36f7d09,0703121212a18181,132,117,6712,154.971898,54.183585,107.773355,exact-f7d7736a8f77,near-276e820f36a7,quarantine,"MISSING_PROVENANCE:subject_id,session_id,clip_id,device_id"
4dc4f16b20f9c13fec68,train/images/17743469220324125.jpg,train,0,,,,,,,,e46d3f0b9a9fb29f5bbd8d888ca0812e80f46ece05f543780ed900fca10af106,0e0721211a3091c3,178,158,10837,153.329256,59.860711,101.065356,exact-ec216fb204db,near-201a7f5a6474,quarantine,"MISSING_PROVENANCE:subject_id,session_id,clip_id,device_id"
c350944f374dc1caee94,train/images/17743469220401824.jpg,train,0,,,,,,,,dec85a120cf1952241b8b5bd01866585efbaaa8ea9580fe3f9e410c5b50f2b27,070393928181c1c1,140,124,7252,155.763998,54.931019,100.871408,exact-3bad45f2cc9f,near-276e820f36a7,quarantine,"MISSING_PROVENANCE:subject_id,session_id,clip_id,device_id"
ccfd1f5e259e2fac33a2,train/images/1774346922074279.jpg,train,0,,,,,,,,c483ab8b0b300385541f34ac9fe3d150f2559617df60368e23dd30649f141557,0e0721331a3091c3,180,160,10844,154.135625,59.701261,94.268505,exact-6028e2a87c50,near-201a7f5a6474,quarantine,"MISSING_PROVENANCE:subject_id,session_id,clip_id,device_id"
36757bee3327ac4dad26,train/images/17743469220833733.jpg,train,0,,,,,,,,df5f4ad5aecd7311ab1a368f56a96de36823edde8273af7fd4fc36f77338f196,17031392918181c1,139,123,7230,154.532901,54.869291,104.497879,exact-93654b454b7b,near-276e820f36a7,quarantine,"MISSING_PROVENANCE:subject_id,session_id,clip_id,device_id"
f6cec486fcc803775ac9,train/images/17743469221043339.jpg,train,0,,,,,,,,0bec8cb2d1a12641276ad6453b1afd5b47eed998fada87dcb2f6fe116332a2f4,0e0725331a3081c2,180,160,11128,154.492292,59.559089,92.082430,exact-efbd1f26a548,near-201a7f5a6474,quarantine,"MISSING_PROVENANCE:subject_id,session_id,clip_id,device_id"
eab600067aa30d99f788,train/images/17743469221122172.jpg,train,0,,,,,,,,01b57dc58ab4401feb35a5f04a0eecb30fcdbd732670c6afa4f8e3c6d7764db2,170393929181c1c1,141,126,7374,154.944050,55.209310,102.170091,exact-c676b6e9a4ca,near-276e820f36a7,quarantine,"MISSING_PROVENANCE:subject_id,session_id,clip_id,device_id"
cf4a01655dd72a09c83e,train/images/17743469221359053.jpg,train,0,,,,,,,,093fb8c1d384ae81393747c94d5611defd1242e76220807cb5cdd8ad53a1cab4,0e0725331a3091c3,179,159,11127,154.011981,59.729701,97.604883,exact-7deef068fe93,near-201a7f5a6474,quarantine,"MISSING_PROVENANCE:subject_id,session_id,clip_id,device_id"
9f83df569e6d5f0d81ef,train/images/17743469222036998.jpg,train,0,,,,,,,,357e367b6106ef13bde1754dd1ec8afc0a9e0c00cb8d228639361725afd72796,0e2361331a3090c3,164,146,9478,159.753508,56.586690,89.305474,exact-f8726da5732f,near-201a7f5a6474,quarantine,"MISSING_PROVENANCE:subject_id,session_id,clip_id,device_id"
6be246e162425ed5ebbc,train/images/1774346922247643.jpg,train,0,,,,,,,,64aa409ce8fd51346c6bf6717fe6a34490387a5db4bff6c2c70cce8e6024b74d,0e2365331a3081c3,167,148,9798,160.058100,57.455873,103.727036,exact-a1bb364ad376,near-201a7f5a6474,quarantine,"MISSING_PROVENANCE:subject_id,session_id,clip_id,device_id"
d3e021ef853576380b1a,train/images/17743469222535977.jpg,train,0,,,,,,,,dd4b7fd2c53ac19bcb096ba9511707125e3936d9cdcc96b825ed9f6b52faf2c6,878391cacac1c1e1,144,128,7304,157.689779,58.258999,97.387890,exact-c8bcad7f2864,near-92fffba8ec54,quarantine,"MISSING_PROVENANCE:subject_id,session_id,clip_id,device_id"
ae7def85fca3318f0674,train/images/17743469223231347.jpg,train,0,,,,,,,,9109126a57544ab603a6238219dedc7962acb1024049c913aa2c4992b3ad89f6,0e0725b31ab081e2,170,151,10136,159.152591,58.666568,98.241332,exact-66153fa005c1,near-201a7f5a6474,quarantine,"MISSING_PROVENANCE:subject_id,session_id,clip_id,device_id"
cc73c0bb36c055b230bd,train/images/17743469223335588.jpg,train,0,,,,,,,,2b20c6d5f12a53333087e2bebfe94ad805be3bd604333979c52e522427f7436b,0783918a8bc1c1e1,141,126,7202,156.512721,58.055756,95.079006,exact-47cad2ffa943,near-92fffba8ec54,quarantine,"MISSING_PROVENANCE:subject_id,session_id,clip_id,device_id"
9e0a33541966b114a11d,train/images/17743469223609629.jpg,train,0,,,,,,,,f16eb4e2b2068709cffcc21151cbac5bae293ad471b1be79554085d6700c3e99,0e276533123181c2,166,147,9773,159.189288,57.798262,99.058028,exact-f478525457dc,near-201a7f5a6474,quarantine,"MISSING_PROVENANCE:subject_id,session_id,clip_id,device_id"
f76c3206ad698a5a95c7,train/images/17743469224058163.jpg,train,0,,,,,,,,10f600fa50b5047df133260e9b58b424b432c173576fd6225391bb8b56a6419b,0e0725b31ab081e2,167,148,9938,161.895493,57.951738,99.512756,exact-6f13d39f5c46,near-201a7f5a6474,quarantine,"MISSING_PROVENANCE:subject_id,session_id,clip_id,device_id"
db49cabc148b2452ca2f,train/images/17743469224384875.jpg,train,0,,,,,,,,473b63f82c5d713b7132da275142955136a9ca9603af0dc8e256ac5819505fcd,0e276533123081c3,153,136,8166,166.380094,55.404552,92.281687,exact-c2a824544a0a,near-201a7f5a6474,quarantine,"MISSING_PROVENANCE:subject_id,session_id,clip_id,device_id"
e80b9ba05e5a5bbd6ac7,train/images/17743469224688704.jpg,train,0,,,,,,,,66e24d55ae7c9fc7ba263bf11625aeadcdaf4def32f0a44faf4ffcc9a4c2a4f4,0f0721311a3091c3,155,138,8505,165.717719,55.951075,91.605464,exact-3ac84a052226,near-201a7f5a6474,quarantine,"MISSING_PROVENANCE:subject_id,session_id,clip_id,device_id"
6004ea7333e3db474691,train/images/177434692249914.jpg,train,0,,,,,,,,2a30ada6463efcc1837fafa90fd68076d722efbf768a5ef52f1d1d7ec94b0ca4,1e0725b39ab181e2,160,142,8507,165.561444,56.412257,77.026791,exact-c47affb712a5,near-201a7f5a6474,quarantine,"MISSING_PROVENANCE:subject_id,session_id,clip_id,device_id"
1e2d911021ec01f7c488,train/images/17743469225601242.jpg,train,0,,,,,,,,23c95d1d177997679264cec404e49a2d4ee0766ad780f34db0be0f61337242c4,1e0725e192b181e2,160,142,8479,164.272139,56.173555,73.061135,exact-da9570a2a771,near-201a7f5a6474,quarantine,"MISSING_PROVENANCE:subject_id,session_id,clip_id,device_id"
e5d166921e4c2f93e367,train/images/17743469225966582.jpg,train,0,,,,,,,,b8182fe5e066eeb8732e683307442931d1806c1ec84f15f4a42bfd71600a9134,1e0725b39ab1c1e2,159,141,8270,166.666042,55.400309,66.480410,exact-571a884dc9f0,near-201a7f5a6474,quarantine,"MISSING_PROVENANCE:subject_id,session_id,clip_id,device_id"
7b5b142a29f0c2cfa280,train/images/17743469226192832.jpg,train,0,,,,,,,,b8182fe5e066eeb8732e683307442931d1806c1ec84f15f4a42bfd71600a9134,1e0725b39ab1c1e2,159,141,8270,166.666042,55.400309,66.480410,exact-571a884dc9f0,near-201a7f5a6474,quarantine,"MISSING_PROVENANCE:subject_id,session_id,clip_id,device_id"
d62b3fcb81591cd1ff13,train/images/1774346922676187.jpg,train,0,,,,,,,,4de172cf3090e0bdc588b43be214512346fef0c28dc0a8ff9cd68a8e21e21e46,1e0725f19ab081e3,152,135,7758,167.041618,54.312835,66.635283,exact-065f4fa6723d,near-201a7f5a6474,quarantine,"MISSING_PROVENANCE:subject_id,session_id,clip_id,device_id"
ca527970eff3a54f3b10,train/images/17743469227072215.jpg,train,0,,,,,,,,9f8616d26b81f6d3230745c709f766b3378940ad304ea02696b595c030832424,0e0765f3123091c3,149,133,7829,167.283999,53.817182,75.507465,exact-c999d2c4092b,near-201a7f5a6474,quarantine,"MISSING_PROVENANCE:subject_id,session_id,clip_id,device_id"
a9061d9088e59d1c4e67,train/images/17743469228369787.jpg,train,0,,,,,,,,fab0ae17ec06aa03c5344ef5a8c14b2994f30f0d831ef4261e6f9a0160dd76d6,0f2361b21ab0c1e3,147,130,7370,168.338723,52.347617,74.984433,exact-0e0c8d9c5fa4,near-201a7f5a6474,quarantine,"MISSING_PROVENANCE:subject_id,session_id,clip_id,device_id"
3afd8d67572882c30c62,train/images/17743469228693635.jpg,train,0,,,,,,,,737edcb17541754172cec4ad617e99b2b7327456ed97b861aaa04c6817e3927f,1e2765b31ab1c1e2,155,138,8079,164.426321,54.093071,69.607212,exact-8c8f6b438142,near-201a7f5a6474,quarantine,"MISSING_PROVENANCE:subject_id,session_id,clip_id,device_id"
a31257166d5044d7cd2c,train/images/17743469228985136.jpg,train,0,,,,,,,,0e7871e34beda9617daf3961111e6a9e0c7b3ce6dfd59d2fe0b7d2d5508bce5a,0f0761f21ab080e1,147,130,7189,164.966143,52.066320,77.276260,exact-a9b9bd8e0ec8,near-a9b9bd8e0ec8,quarantine,"MISSING_PROVENANCE:subject_id,session_id,clip_id,device_id"
dee0d26e97a49c9c110f,train/images/1774346922934723.jpg,train,0,,,,,,,,8d92a53632e26e6ad3871c838f71cef875115345995bc7894a698e13c7445558,0e2765f31ab0c1e3,152,135,7701,161.777534,54.129056,77.736665,exact-400b6feaba94,near-201a7f5a6474,quarantine,"MISSING_PROVENANCE:subject_id,session_id,clip_id,device_id"
7519b077a3c72aed34bd,train/images/17743469229703357.jpg,train,0,,,,,,,,e3980ab5518045f867f08345a8ca0465cf55aadf932ef2376dc95c15dc70bf98,4e0725b39a90c1f0,156,139,8343,160.616584,55.816713,82.845958,exact-587a49055762,near-201a7f5a6474,quarantine,"MISSING_PROVENANCE:subject_id,session_id,clip_id,device_id"
f712d96c4f2b29e291ec,train/images/17743469230114186.jpg,train,0,,,,,,,,ee54871b0491243b329ad4992bd3f30a2208ad7da5ebf7c20ccc831f092ba46e,1e0765f31ab081e3,153,136,8023,158.849577,54.530939,94.520780,exact-9c499c3ddf63,near-201a7f5a6474,quarantine,"MISSING_PROVENANCE:subject_id,session_id,clip_id,device_id"
f5f98cdd63a85639a512,train/images/1774346923042056.jpg,train,0,,,,,,,,dc4408e340fedce47ee25f12edcd473384c533d669320649ab7db637d075728c,1e2765f31ab0c1e2,153,136,7863,159.240869,54.522013,83.433465,exact-18959bb5d775,near-201a7f5a6474,quarantine,"MISSING_PROVENANCE:subject_id,session_id,clip_id,device_id"
70d05e7cf69f48ec48d6,train/images/17743469231058593.jpg,train,0,,,,,,,,05a8f45482d78092cc4077731d66acce360972f56da75fc7217c618c30fb7f49,1e2765731a3090e1,147,130,7395,160.524647,52.814560,77.176681,exact-f7961248034a,near-201a7f5a6474,quarantine,"MISSING_PROVENANCE:subject_id,session_id,clip_id,device_id"
86db97b938c4b105c0d7,train/images/17743469231357188.jpg,train,0,,,,,,,,12e62c4d95e68c60ca225435224fabaa84be42e02d82badda262e638edaaccd7,8f2345f31a3090c1,133,118,6148,166.349497,49.559318,68.458014,exact-40367c3cc999,near-40367c3cc999,quarantine,"MISSING_PROVENANCE:subject_id,session_id,clip_id,device_id"
c6a6c229ca57486f2aa9,train/images/1774346923167402.jpg,train,0,,,,,,,,7d7b8429986ca901fe86833eb5520198f2ed3054f7c95d84424ae5c291669277,0e2765f31a3080e3,140,124,6756,164.595910,51.423000,75.678818,exact-d59a23c3feff,near-201a7f5a6474,quarantine,"MISSING_PROVENANCE:subject_id,session_id,clip_id,device_id"
453272eeb004e1902804,train/images/17743469232943356.jpg,train,0,,,,,,,,6cf6b8dad0e3bcb127df1ca7feb38800ff3285c225c4ce2611257c471549d045,1e0725f39a90c0e1,135,120,6046,167.878086,53.157515,75.317177,exact-df4011e630c0,near-df4011e630c0,quarantine,"MISSING_PROVENANCE:subject_id,session_id,clip_id,device_id"
6299a9236b153fbd72f6,train/images/17743469233302207.jpg,train,0,,,,,,,,fd9856a669606f0803c90d9d551a004379fd17ef5c6955e8d5d7475616e3bcc3,1e0667f391b1c1e2,136,121,6442,167.220771,53.699815,73.483700,exact-a037a7dfaf26,near-a037a7dfaf26,quarantine,"MISSING_PROVENANCE:subject_id,session_id,clip_id,device_id"
97b624d9b0fe561bbba3,train/images/1774346923375125.jpg,train,0,,,,,,,,944e1e8d911b3d04ab29ea2e9722d7a4b0a37cf8d99869a0ca3a8b02e4c30c5a,0e2765b31ab0c1e3,124,110,5562,170.707258,52.194788,69.111484,exact-0f2cb44170f4,near-201a7f5a6474,quarantine,"MISSING_PROVENANCE:subject_id,session_id,clip_id,device_id"
f241e220793e43f58342,train/images/1774346923474286.jpg,train,0,,,,,,,,98560137dbd7ac240ae907eb996323431e483cb73dda717277d1cdb91630012f,1c2663b59181c3f0,129,115,6599,173.553286,57.235096,109.245403,exact-ee47968ec53b,near-ee47968ec53b,quarantine,"MISSING_PROVENANCE:subject_id,session_id,clip_id,device_id"
a08a93a9d21a747c28ad,train/images/1774346923506231.jpg,train,0,,,,,,,,567724add142c0d571fd672986ec688c4b494cc002ae6f44230d8d1f7996cf46,1c06239591c1e2f8,140,124,7076,177.721774,61.827268,100.505414,exact-58070c528ac8,near-58070c528ac8,quarantine,"MISSING_PROVENANCE:subject_id,session_id,clip_id,device_id"
410c0e8a7b40b95dcc8d,train/images/17743469235431137.jpg,train,0,,,,,,,,47a961db457893708149cec4b9d76b8b2f5b25b4140c9804c1eb9331cb43782c,3c0c42a7b383c470,136,121,7108,173.490216,59.574928,114.983448,exact-8ecb5bcd8cd8,near-8ecb5bcd8cd8,quarantine,"MISSING_PROVENANCE:subject_id,session_id,clip_id,device_id"
f104f5d0a09432262b8f,train/images/17743469235750086.jpg,train,0,,,,,,,,d2991b204916039b6a936870325d99315d342af52a30cd82d1589ad6daa3a47d,7c0c4ee633a3c5f0,132,117,7047,170.190883,58.640085,134.956683,exact-c7f4f146491d,near-c7f4f146491d,quarantine,"MISSING_PROVENANCE:subject_id,session_id,clip_id,device_id"
35935f8ee14eb4cd3131,train/images/17743469236034012.jpg,train,0,,,,,,,,8c681b2a8af2e2f0fcb9a85aefa859002e353e9594560931d531b5782c895088,3c0e62a7b783c6f0,128,114,6680,170.673794,60.288684,146.992919,exact-2c17079b4da7,near-5b293c17a03e,quarantine,"MISSING_PROVENANCE:subject_id,session_id,clip_id,device_id"
bd4bfbd9a299728afbec,train/images/17743469236322813.jpg,train,0,,,,,,,,0e154be879b879ef857df6cf2f805ee03e3829873b02e8ee3a8339e6ed798f5e,3c0c46a22383c5f0,129,115,6928,171.679407,59.049827,150.362171,exact-8c144858bb5e,near-8c144858bb5e,quarantine,"MISSING_PROVENANCE:subject_id,session_id,clip_id,device_id"
7dbbcff7292cb17ce316,train/images/1774346923661228.jpg,train,0,,,,,,,,dedd9909bbfb90e2a3b587d19ee16b36239521f644f4920101e8d57b346ceb96,1c0e6397b183c6f0,124,110,6244,173.249194,60.094071,156.446670,exact-c2c2cbd7d05c,near-c2c2cbd7d05c,quarantine,"MISSING_PROVENANCE:subject_id,session_id,clip_id,device_id"
568a95909599080b33dc,train/images/17743469237814326.jpg,train,0,,,,,,,,8eed749f38634c49148f8f4b29bc1c7f5e5979f672b9822588a29ae3823566e5,3c0c6686b3c3e170,135,120,6923,177.084012,62.205676,158.831190,exact-0c1a70e4512e,near-0c1a70e4512e,quarantine,"MISSING_PROVENANCE:subject_id,session_id,clip_id,device_id"
609655277a31f0f17cf2,train/images/17743469238461316.jpg,train,0,,,,,,,,c24f9c7aaea0f82d190daa09de79b8dfb53fa61dbb6ac947e1a997743454538d,3c0c22d693c77028,139,123,7556,179.020120,65.699867,326.408559,exact-28995a2c0d04,near-1f607de851a4,quarantine,"MISSING_PROVENANCE:subject_id,session_id,clip_id,device_id"
294cca5f106dcdab54ca,train/images/1774346924813869.jpg,train,0,,,,,,,,3a2fcb8975c0982486e5652076d35d738257ad033c7e9257a0cd4e9ed6c485fd,0c06e38783c3e070,157,140,7774,139.235350,54.912078,52.973231,exact-7611f1a57f80,near-7611f1a57f80,quarantine,"MISSING_PROVENANCE:subject_id,session_id,clip_id,device_id"
2ffd6aa2e1c1454bc9d6,train/images/17743469248512878.jpg,train,0,,,,,,,,ae9d96ff847dd308610382af91eaa8c776edfd632882592b240d6146ff4d5394,0e0321839181c1e0,137,122,6344,128.681465,49.385731,58.645009,exact-712dca40936b,near-712dca40936b,quarantine,"MISSING_PROVENANCE:subject_id,session_id,clip_id,device_id"
c811499e252e2814f47c,train/images/17743469248837183.jpg,train,0,,,,,,,,fc56c2282107258af2a04adc71709af060b47f16608a21a6cfc45fc14a761772,1e07c323214303c4,147,113,6533,129.257962,49.573189,62.232830,exact-1cfafff6d51a,near-1cfafff6d51a,quarantine,"MISSING_PROVENANCE:subject_id,session_id,clip_id,device_id"
f493141c3c7c6b1a0b9a,train/images/17743469250290098.jpg,train,0,,,,,,,,c5c59b88801f0f141407daa4477ce4edd38d7ec19bc5649539b7175743b94614,8283a1a1939386c0,141,126,6881,151.378025,63.490093,84.066989,exact-3324dab86f4d,near-f42186085099,quarantine,"MISSING_PROVENANCE:subject_id,session_id,clip_id,device_id"
4da3d13c4d7c3f879546,train/images/17743469250608747.jpg,train,0,,,,,,,,4d0d0e87a241c4485ceec1de22854d167fbcc82d94df53a5640d5b0fea04538f,8383a1a991938684,140,124,6866,155.158929,61.144567,86.093665,exact-b3b32ef85491,near-0f2809274ca3,quarantine,"MISSING_PROVENANCE:subject_id,session_id,clip_id,device_id"
1d4f9aaf5d4898c10753,train/images/177434692509346.jpg,train,0,,,,,,,,d1a75b6210908be634c9416c958f8165f1b9231b73a8d206481aa05684989718,8383a10991938684,144,128,7004,153.758843,61.086251,85.381526,exact-b572ebd3a02e,near-0f2809274ca3,quarantine,"MISSING_PROVENANCE:subject_id,session_id,clip_id,device_id"
8049db97acde92043e66,train/images/17743469250995376.jpg,train,0,,,,,,,,cc066d8c120dda63ef888661a27edce53e42f654cc4efd0faa320611984c5c2f,0393939195818202,145,129,7668,142.690029,59.717686,91.216359,exact-845aab778f5f,near-845aab778f5f,quarantine,"MISSING_PROVENANCE:subject_id,session_id,clip_id,device_id"
13fb515825f20f7e4c4d,train/images/17743469251222932.jpg,train,0,,,,,,,,f946904fa8e708518017f23fe20b42a73b2dd97d4bc62cfacac974c19630c21e,83a1214911130284,140,124,6846,157.667742,59.451622,94.921474,exact-095eaa09cd36,near-d4a76db8cc3f,quarantine,"MISSING_PROVENANCE:subject_id,session_id,clip_id,device_id"
c4b6fe1b187523e728a6,train/images/17743469251309435.jpg,train,0,,,,,,,,d9b413f697abe3a003ba3c5b362301a8bfc6abca5e4af297aa4b8582f24a9c0c,0391928285818302,147,130,8026,142.056724,60.338282,111.371918,exact-560229669058,near-04e8f11a00da,quarantine,"MISSING_PROVENANCE:subject_id,session_id,clip_id,device_id"
d9c7d3c85c06487f5995,train/images/17743469251608183.jpg,train,0,,,,,,,,afe10d1d634ef3b41c4e671eb2eac3f66218775d41f560df201e5ca94c453b6a,0323414111130306,140,124,6618,160.477650,59.494908,68.706657,exact-5f0fbfc126a9,near-ea541ea6192c,quarantine,"MISSING_PROVENANCE:subject_id,session_id,clip_id,device_id"
ec4af02351824fefeb23,train/images/17743469252093284.jpg,train,0,,,,,,,,1b7bd4f4b1c2b9c90465507d38465d799ee761418e4219be9efdddf72784fd9d,0311121015010302,152,135,7670,146.905507,58.791483,90.700800,exact-fc61dd3e6483,near-fc61dd3e6483,quarantine,"MISSING_PROVENANCE:subject_id,session_id,clip_id,device_id"
735aaf3f24269756c89e,train/images/17743469252339993.jpg,train,0,,,,,,,,96bfebc566c79c9634bb65a88ea5d0b6401312abbb655274bcf374e009de42cf,83a1210991130684,157,140,8227,160.897270,59.206829,67.583139,exact-c428e8ec634a,near-d4a76db8cc3f,quarantine,"MISSING_PROVENANCE:subject_id,session_id,clip_id,device_id"
e40910d22c128ecad61d,train/images/1774346925242502.jpg,train,0,,,,,,,,804e6be310a165ab3b1b900e9733f453d25acffcd21e364a0daa4e96b6498e93,0111921201010102,153,136,7791,147.539168,58.323181,87.694598,exact-7692385f9fd8,near-7692385f9fd8,quarantine,"MISSING_PROVENANCE:subject_id,session_id,clip_id,device_id"
0c65ff8e995c95cf13b4,train/images/17743469252789128.jpg,train,0,,,,,,,,96bfebc566c79c9634bb65a88ea5d0b6401312abbb655274bcf374e009de42cf,83a1210991130684,157,140,8227,160.897270,59.206829,67.583139,exact-c428e8ec634a,near-d4a76db8cc3f,quarantine,"MISSING_PROVENANCE:subject_id,session_id,clip_id,device_id"
b0ef6d750aee5da6ab5c,train/images/17743469252870543.jpg,train,0,,,,,,,,804e6be310a165ab3b1b900e9733f453d25acffcd21e364a0daa4e96b6498e93,0111921201010102,153,136,7791,147.539168,58.323181,87.694598,exact-7692385f9fd8,near-7692385f9fd8,quarantine,"MISSING_PROVENANCE:subject_id,session_id,clip_id,device_id"
82ef73bf6dc19823eddd,train/images/17743469253132598.jpg,train,0,,,,,,,,66af612431b061fb1eb3de654ed14a873af87b31d1e42ce0a342f40433b066cb,0111900a02010103,149,133,7437,149.229702,57.800769,76.520258,exact-32718321fced,near-32718321fced,quarantine,"MISSING_PROVENANCE:subject_id,session_id,clip_id,device_id"
49517de210078c7d72c9,train/images/1774346925383919.jpg,train,0,,,,,,,,9e34eda00ac1c568d96baf3322452a4dfe18d41f408ea5217d7e36100789d136,0383a10981910386,157,140,7661,170.432302,57.971746,59.685653,exact-b01672c37b29,near-940fb6e6cc11,quarantine,"MISSING_PROVENANCE:subject_id,session_id,clip_id,device_id"
99f411c7d2451f70db41,train/images/1774346925411226.jpg,train,0,,,,,,,,a9c070635c63da84d7d1613a7406051e55d5981ae1fe34ea91937235d2ae4e46,0321210991110386,153,136,7279,175.684929,54.820963,59.928156,exact-040fe555cb4f,near-040fe555cb4f,quarantine,"MISSING_PROVENANCE:subject_id,session_id,clip_id,device_id"
07ded8dddee84b740bc0,train/images/1774346925418527.jpg,train,0,,,,,,,,6c069fde698063566ed5199250627820394ae3cd4200b4b864d99e8360978d5e,8381818881818183,175,156,9004,162.784139,56.787334,44.189377,exact-ce0d320a502e,near-ce0d320a502e,quarantine,"MISSING_PROVENANCE:subject_id,session_id,clip_id,device_id"
9fdc4a0c4724d05952af,train/images/1774346925455558.jpg,train,0,,,,,,,,07a188e0098b72e003006cfced480eb4a8fcde809136b7658871223eaeaa85c7,8783210191930684,164,146,8524,171.507142,57.389334,53.178068,exact-0546542b90c7,near-0f2809274ca3,quarantine,"MISSING_PROVENANCE:subject_id,session_id,clip_id,device_id"
dda306c05f39ef475cd6,train/images/17743469254907873.jpg,train,0,,,,,,,,5af90c3ae175a78b025f17453580d507ecfff3f89a841c01e0dcbba74ebfccd9,8383a18981918386,157,140,7694,176.780300,55.100372,55.328777,exact-7ba7d31bfa1e,near-940fb6e6cc11,quarantine,"MISSING_PROVENANCE:subject_id,session_id,clip_id,device_id"
b3a3c9400b58ada6024c,train/images/17743469256206486.jpg,train,0,,,,,,,,93b95a04566f951de9fa58c9fb11483f791fddc38c974d7434d6a3f14c06ce99,3a0e4b836dc10305,233,167,12474,147.622009,53.151157,48.432962,exact-f4a96c08caf0,near-f4a96c08caf0,quarantine,"MISSING_PROVENANCE:subject_id,session_id,clip_id,device_id"
0a6e8a04236c29556fc0,train/images/1774346925695844.jpg,train,0,,,,,,,,252b9d698e2d69f524af2f5884bc98267d21d51a9e5933d72223198aa1ea53bc,381c062321152183,249,210,16392,134.680780,58.732981,43.485382,exact-6fdd9b073bc0,near-6fdd9b073bc0,quarantine,"MISSING_PROVENANCE:subject_id,session_id,clip_id,device_id"
479f0ac228c3a4d51e9e,train/images/1774346925714994.jpg,train,0,,,,,,,,cd3d958f784d9ab62fd59cc80ca357cc243e02e1cdfacd2abc1dabfbc3de9e59,8383a1a9899983c3,159,141,7707,169.729426,59.278558,66.918538,exact-eb43272640b2,near-eb43272640b2,quarantine,"MISSING_PROVENANCE:subject_id,session_id,clip_id,device_id"
15667b042dcbd132cc11,train/images/17743469257239542.jpg,train,0,,,,,,,,349b0075063ccea875d091f0735b82b4a4ed56c6947a0777261bd8d3e8f84a07,18180603a195b181,244,217,16267,134.444776,60.224078,46.941114,exact-c399e9273f18,near-c399e9273f18,quarantine,"MISSING_PROVENANCE:subject_id,session_id,clip_id,device_id"
1dbcf5ebd371e53fa52a,train/images/17743469257462733.jpg,train,0,,,,,,,,f8bbb7b1e59acdb5e79067a70072da1cb5e2ac48ebcac0b28e0d890a1118c6bf,8383a1a088899183,155,138,7497,164.271856,62.719858,64.252416,exact-3c4ee858b268,near-3c4ee858b268,quarantine,"MISSING_PROVENANCE:subject_id,session_id,clip_id,device_id"
67f87b68ea45fa0b6401,train/images/17743469257581685.jpg,train,0,,,,,,,,39d45e13089da15ae69b176b7e6fe731bbc0bd9697f66869d32f8908cd6775de,18180e07219191a1,248,220,17237,133.468457,61.266538,49.184093,exact-5db1fee4b570,near-5db1fee4b570,quarantine,"MISSING_PROVENANCE:subject_id,session_id,clip_id,device_id"
488ee68064432e4edd20,train/images/17743469257873168.jpg,train,0,,,,,,,,9edcdb283fbb0c4db975116880250f6523ea8ab4d2bd44d2e73211bb51d3fbae,878383a1a188c999,159,141,7973,144.720371,71.269716,68.435533,exact-929335bd8157,near-c8d6226acb0d,quarantine,"MISSING_PROVENANCE:subject_id,session_id,clip_id,device_id"
7a8ecf7d7c48ced05a1c,train/images/17743469258268585.jpg,train,0,,,,,,,,1863c50849adddc4092a31c705280e2632a62f4ccc164515b86b1f5877abd54f,3458180e0711c391,261,232,19446,123.928755,66.392911,49.832763,exact-462b01670e50,near-462b01670e50,quarantine,"MISSING_PROVENANCE:subject_id,session_id,clip_id,device_id"
e8642ca8fc3e24b634c0,train/images/17743469258535852.jpg,train,0,,,,,,,,93e6fac2ab449732f9c554b084891538dc657edec871561b597e4ae3a5bbabdd,0e06072361499991,147,130,7402,135.134432,68.878799,87.024568,exact-9e0bc0a9aa37,near-9e0bc0a9aa37,quarantine,"MISSING_PROVENANCE:subject_id,session_id,clip_id,device_id"
b3460dac36e302a6415c,train/images/1774346925860037.jpg,train,0,,,,,,,,5fda2c8e8fa52b29fde7d3078eadd8166148cc2d3a081f8b789951ecca305f67,0f0f070793919585,170,151,8811,165.052045,62.833867,52.715771,exact-866cf6ce0c52,near-866cf6ce0c52,quarantine,"MISSING_PROVENANCE:subject_id,session_id,clip_id,device_id"
3683605ef9255da10d7b,train/images/1774346925903544.jpg,train,0,,,,,,,,36bb99efdabc95fc9e240cc6aa15eb04e7ca1a2ae4d7bf449a14fae2622d0259,07070783918281c1,166,147,8975,165.330260,61.838521,61.544214,exact-1c0e147e6071,near-1c0e147e6071,quarantine,"MISSING_PROVENANCE:subject_id,session_id,clip_id,device_id"
74be306544c9f9bee37a,train/images/17743469259368954.jpg,train,0,,,,,,,,497eaad63cc4b9ef05605f39cf3b9a328bc536c8acac03d1a0afd0001dc7e0d3,58181e0713a18391,225,200,16219,139.512644,65.344525,68.638023,exact-2b0ebe245db5,near-c03f64c0154a,quarantine,"MISSING_PROVENANCE:subject_id,session_id,clip_id,device_id"
b8e56048450314e755bd,train/images/17743469259453928.jpg,train,0,,,,,,,,91412dd5416bfb90cdd3ccb34048321c04e158ad762b76044f1b3e04f11a56e4,0e8687a3a1898993,148,132,7723,135.014588,71.875261,85.741346,exact-aa13fda43018,near-9e4ee3adfa36,quarantine,"MISSING_PROVENANCE:subject_id,session_id,clip_id,device_id"
7b81c8d06ca7a8953590,train/images/17743469259661963.jpg,train,0,,,,,,,,2ff122f197362587722539367d03b9ce957292ebb893ab891bf5a74a601b7451,58191e0613a19191,230,205,17037,139.011538,66.530509,72.377392,exact-d7c3eeb209b9,near-c03f64c0154a,quarantine,"MISSING_PROVENANCE:subject_id,session_id,clip_id,device_id"
70652d0c35652d833db3,train/images/17743469260031173.jpg,train,0,,,,,,,,fd251361293e7c9373a88d31706e7852df99bb218c1673693a8ecdbdf8328a8a,0607236149c99983,135,120,6416,144.848580,67.672738,100.249695,exact-9cc947ecd7f5,near-9cc947ecd7f5,quarantine,"MISSING_PROVENANCE:subject_id,session_id,clip_id,device_id"
56a290f267c0e16a8006,train/images/1774346926057024.jpg,train,0,,,,,,,,1e17cb977d8e4aa746a581855e4231f851c46342db7bae5ebfafa04a663f9d75,1a1f0721a18b91c1,197,175,12396,158.548513,63.756992,65.575732,exact-f74fee330886,near-f74fee330886,quarantine,"MISSING_PROVENANCE:subject_id,session_id,clip_id,device_id"
e21069ef9ee07e0d5661,train/images/1774346926093117.jpg,train,0,,,,,,,,c026d69f1950149c5445c6f4e0c53f6e3a1854c0c35678fa37d40a51a13ef30a,1e0723a1919181c3,186,165,11327,165.685337,60.251708,60.649348,exact-7f9401303ba2,near-7f9401303ba2,quarantine,"MISSING_PROVENANCE:subject_id,session_id,clip_id,device_id"
663375a999050014a5f4,train/images/17743469261204782.jpg,train,0,,,,,,,,9f377bb87357b8dc8fc8ae22ea0087d91bbc9a29bdff4ca1ff99fed846cfb7e8,0723219391b181e2,168,150,9455,176.884960,54.810530,62.244216,exact-6f42ae6ab479,near-6f42ae6ab479,quarantine,"MISSING_PROVENANCE:subject_id,session_id,clip_id,device_id"
2385c9d909d8fd22b926,train/images/17743469261521022.jpg,train,0,,,,,,,,7f97d67907290a6c1ffe6ba7c594ce1d9b8838506039bd9e26bdcb6e58adb26d,0e27e197b581c3e0,157,140,7966,184.773066,46.070020,40.809911,exact-cba8d3a39041,near-cba8d3a39041,quarantine,"MISSING_PROVENANCE:subject_id,session_id,clip_id,device_id"
29cf42386df589f2f2c6,train/images/17743469461486483.jpg,train,0,,,,,,,,5731d443aeadf300689349c6145078e807bb20536fa3ce50254d8b53140f1256,5a7028009081c1e1,139,123,6409,208.148389,55.299277,100.018603,exact-ed6f2060379b,near-ed6f2060379b,quarantine,"MISSING_PROVENANCE:subject_id,session_id,clip_id,device_id"
4b51416fb32283ff9633,train/images/17743469461956823.jpg,train,0,,,,,,,,e563bf828d504dc6965838aa1e7e8855770e4f8960d8efd89dfa3aaedde0b96a,d2e04808301409e1,130,116,5757,213.009615,54.053055,97.790404,exact-9d551151d715,near-9d551151d715,quarantine,"MISSING_PROVENANCE:subject_id,session_id,clip_id,device_id"
f8f5268959544743a113,train/images/17743469468677843.jpg,train,0,,,,,,,,65d21d1375ac97075dd084fc993bd9012d3a85a167dcd2b206db9c2c50eb4c25,f068881034148684,124,110,5087,209.095161,55.603720,72.823187,exact-04ad22d76303,near-dad8ad20e199,quarantine,"MISSING_PROVENANCE:subject_id,session_id,clip_id,device_id"
dc7a89c726360dca9b96,train/images/1774346946961301.jpg,train,0,,,,,,,,2c57cf836ea943da1e4dd1d1bc0c192c21592b1a1fc3e313122154e03e3f5aae,f060480834148684,120,106,5228,191.835142,59.257721,83.977069,exact-d5b148567313,near-dad8ad20e199,quarantine,"MISSING_PROVENANCE:subject_id,session_id,clip_id,device_id"
38e3be5541fba836d8e3,train/images/17743469469944754.jpg,train,0,,,,,,,,0774acfff66861f433b7977ce56a216a1906feb5658b126af75149d30b42a135,f0e0880834348684,110,98,4746,193.003061,57.652406,96.573489,exact-a5a3f1ccc474,near-dad8ad20e199,quarantine,"MISSING_PROVENANCE:subject_id,session_id,clip_id,device_id"
2e6fbaf4a0de5953f368,train/images/17743469470556874.jpg,train,0,,,,,,,,17ab840cfb2ddecd0c69d92182a6f883b6d0e77a4bb1a9ba00eca2da5b9d7271,f9f04c0c1a1a06c0,117,104,5271,174.138396,64.038974,107.291582,exact-e45dfba798af,near-e45dfba798af,quarantine,"MISSING_PROVENANCE:subject_id,session_id,clip_id,device_id"
f2f624da8e0f2af3ff35,train/images/17743469470760136.jpg,train,0,,,,,,,,17ab840cfb2ddecd0c69d92182a6f883b6d0e77a4bb1a9ba00eca2da5b9d7271,f9f04c0c1a1a06c0,117,104,5271,174.138396,64.038974,107.291582,exact-e45dfba798af,near-e45dfba798af,quarantine,"MISSING_PROVENANCE:subject_id,session_id,clip_id,device_id"
42b15ef486cf67d4e40f,train/images/1774346947141839.jpg,train,0,,,,,,,,1fbef3f172be0c3f257578e11cc1e1ba7993c192b6e68a1b45bfed786fed739b,f8604c10100286f0,117,104,5332,173.169954,65.618524,119.629728,exact-40207240ec43,near-47e7babb4c03,quarantine,"MISSING_PROVENANCE:subject_id,session_id,clip_id,device_id"
df1422a81f0154ce777d,train/images/17743469471729887.jpg,train,0,,,,,,,,d46e4604ee4fd4a6dbb35d321be739773fed0428042158b2e044ac07bfcf45b9,f0604810349484f0,114,102,5123,177.465600,65.146414,118.760502,exact-80b6b4d27012,near-dad8ad20e199,quarantine,"MISSING_PROVENANCE:subject_id,session_id,clip_id,device_id"
483176b5cf7335c93ed3,train/images/17743469474275062.jpg,train,0,,,,,,,,86097d7c0058e7cb56472e57be7242fbfa9ed459309fa8b10640494a7f04ff44,f2604818348484f0,117,104,5258,180.031969,63.600723,125.742450,exact-2013fcd9fc93,near-dad8ad20e199,quarantine,"MISSING_PROVENANCE:subject_id,session_id,clip_id,device_id"
25a4ac5539edcbc5a0e0,train/images/1774346947794758.jpg,train,0,,,,,,,,55bc135fdcea5780cfbd20ce92d41444f9dc010ac88041dba2c1b30ba28f0bc2,2a3085c9c5b1a1ad,137,122,6630,185.303159,59.158350,97.069427,exact-2ee1a4c2b1f1,near-2ee1a4c2b1f1,quarantine,"MISSING_PROVENANCE:subject_id,session_id,clip_id,device_id"
9d70004b2667e4b38e85,train/images/17743469482142725.jpg,train,0,,,,,,,,f138d360cbf1273b60fdfc5036b941ff326efa880e510c72dfa3880389bc315b,2a9985c9e5f16118,137,122,6720,189.648558,56.846592,87.536888,exact-a2cdc3e5a34c,near-a2cdc3e5a34c,quarantine,"MISSING_PROVENANCE:subject_id,session_id,clip_id,device_id"
8a9728a74eff7bda5d8f,train/images/1774346949549325.jpg,train,0,,,,,,,,f750a44184ec31a6d5eca881d3222df757aeb67d5543cbd77acf06a3e629145b,f2604811358585e1,121,108,5425,188.718243,59.817646,101.283364,exact-52558cb584c3,near-52558cb584c3,quarantine,"MISSING_PROVENANCE:subject_id,session_id,clip_id,device_id"
305005094bcca96c326e,train/images/17743469499529004.jpg,train,0,,,,,,,,a97d3a015b066589d644b48118b394a03a74486ba76d341ede2625350bc717b7,f960080834340484,117,104,4791,198.873521,53.648412,84.184574,exact-50e9a8665b62,near-dad8ad20e199,quarantine,"MISSING_PROVENANCE:subject_id,session_id,clip_id,device_id"
5be0427c71389918c05a,train/images/1774346950020816.jpg,train,0,,,,,,,,c14049b709f36bc7aa7cf6960a1170c9ff8d5e9aa1da9b4e1bb796147eb45ee6,f0e8881874340604,109,97,4254,202.936347,50.952694,84.702957,exact-67d1514f9bb6,near-dad8ad20e199,quarantine,"MISSING_PROVENANCE:subject_id,session_id,clip_id,device_id"
f2b610fbbe6bffed6440,train/images/17743469502107728.jpg,train,0,,,,,,,,1e57e9a3b7309d44b5c6518f15368949e4670927429e48639fccd3eddbbcb02d,f0608810341484e4,120,106,4936,195.290959,57.510095,90.192847,exact-a6f988d30328,near-dad8ad20e199,quarantine,"MISSING_PROVENANCE:subject_id,session_id,clip_id,device_id"
5ebe6d5dfbe04f579e3b,train/images/17743469502594795.jpg,train,0,,,,,,,,cafb4692f60f79c6c16892c4099acfe9dd62af7e92e19b8bb0eec808f33942f9,f0488810341484c4,117,104,4695,196.426857,56.830307,88.924410,exact-68d49968602d,near-dad8ad20e199,quarantine,"MISSING_PROVENANCE:subject_id,session_id,clip_id,device_id"
fcfbf93099a5ec1f3504,train/images/17743469503185577.jpg,train,0,,,,,,,,e599ca19129b6b29199296b70888f41a185cf3887d46fe2290af179788a7c580,f060880834340204,108,96,4135,200.442226,49.454360,96.959759,exact-a985bb36df0b,near-dad8ad20e199,quarantine,"MISSING_PROVENANCE:subject_id,session_id,clip_id,device_id"
9aec09752042416f25cc,train/images/17743469503563635.jpg,train,0,,,,,,,,2f5cc59ae88a89d6c10b81fe3fe7621ff66843c76e0db2ea3d90502ed5503f84,f0648c0c34340206,106,94,4240,199.843737,48.390830,114.447056,exact-eed5fe88eedf,near-dad8ad20e199,quarantine,"MISSING_PROVENANCE:subject_id,session_id,clip_id,device_id"
b5185c64da5f81535a23,train/images/17743469503817172.jpg,train,0,,,,,,,,020327ca0243e3512159d4bd0e3e44e163fb58e3c30a2ba5b054c8645f0c2fc5,f060880834340204,109,97,4413,198.634919,51.288548,99.831645,exact-07e9bba1c63a,near-dad8ad20e199,quarantine,"MISSING_PROVENANCE:subject_id,session_id,clip_id,device_id"
8a15027bc3d4eb87a825,train/images/1774346950770991.jpg,train,0,,,,,,,,a8cf2485e329ec42231b2f3b21ae09fe17d32e1fc5741351e79f1e325bea70c4,f9644c0c30148684,114,102,4849,192.261008,56.260119,89.302371,exact-b2493a630659,near-dad8ad20e199,quarantine,"MISSING_PROVENANCE:subject_id,session_id,clip_id,device_id"
f3458100ead9a7909d36,train/images/17743469507962556.jpg,train,0,,,,,,,,bd71e2a8678db70e08b4f7052ef421291db4c1e62630306c795bd1a4a7181f89,f9604808349484e0,125,111,5321,189.771748,60.422604,87.079764,exact-a2144767f335,near-dad8ad20e199,quarantine,"MISSING_PROVENANCE:subject_id,session_id,clip_id,device_id"
c98177bba84c65d9300a,train/images/17743469508319018.jpg,train,0,,,,,,,,7f4fee4647ca2f8ad9820b01d28562c47a21a69b6d06a80ee5102839e9492640,f9604c0834148484,121,108,5287,191.031757,59.420570,98.771202,exact-16c6411a67ff,near-dad8ad20e199,quarantine,"MISSING_PROVENANCE:subject_id,session_id,clip_id,device_id"
f78fb27c3c2426e70ee4,train/images/1774346950882553.jpg,train,0,,,,,,,,220496f30cc51af59b753b3d71e3865e289774a64e3128e1dc25d529b7ecf8c9,f2604808351585e1,126,112,5375,192.164045,59.974272,88.665447,exact-117019447c8c,near-dad8ad20e199,quarantine,"MISSING_PROVENANCE:subject_id,session_id,clip_id,device_id"
ec7253b99330ea09d0f6,train/images/17743469509144182.jpg,train,0,,,,,,,,46281c0caa75755ee0e3e383feefa163dcae4f9b14093f829faa4eaa36ec9a93,f0600808341585e9,117,104,4831,193.563199,59.178206,95.937059,exact-d818f221cbcb,near-dad8ad20e199,quarantine,"MISSING_PROVENANCE:subject_id,session_id,clip_id,device_id"
b461e82d7d9c49adb4a9,train/images/1774346951023499.jpg,train,0,,,,,,,,657e61fce7fc71f1cd15f5146dfea2875fdd2aa7b2a0901ee998ac35e01c477e,f0604810341485e0,114,102,4759,190.958806,59.690740,90.147652,exact-f3fc4fc7ae34,near-dad8ad20e199,quarantine,"MISSING_PROVENANCE:subject_id,session_id,clip_id,device_id"
447abec87c1640d7c87b,train/images/17743469510935395.jpg,train,0,,,,,,,,b6a05af8dc75adecf1c138b5155260e2dfcbbe4a19ab340c65ac3d2086df714e,f8604810148484e1,118,105,5097,186.462228,59.156017,82.718026,exact-2a1d1388f992,near-2a1d1388f992,quarantine,"MISSING_PROVENANCE:subject_id,session_id,clip_id,device_id"
5edc08d91e65a0cdadf7,train/images/17743469658066297.jpg,train,0,,,,,,,,f5976bd6e9d02a2361191b4e3c0908d4f4ee41f44864074d3af0f5e88aab6a3e,79240c189a8286f0,149,133,7372,213.505576,55.301038,159.910490,exact-81a4373c77b0,near-81a4373c77b0,quarantine,"MISSING_PROVENANCE:subject_id,session_id,clip_id,device_id"
260157093abeacf554f5,train/images/17743469658732412.jpg,train,0,,,,,,,,c80279aa929c4d7e441d2afce57865915e3a1be11674b85734d53cfb901f68f6,70644c141a9a06e6,141,126,6821,209.781605,58.417108,158.533432,exact-8cfecd937a93,near-8cfecd937a93,quarantine,"MISSING_PROVENANCE:subject_id,session_id,clip_id,device_id"
ca5a44723213d2dcece8,train/images/17743469659016273.jpg,train,0,,,,,,,,2034c4895e943a6b22a1913d5cc75aaa5c9bc6140777b34ac01109723a646443,78244c129a82c6f0,153,136,7536,206.907776,58.744124,148.079711,exact-aecef364029f,near-aecef364029f,quarantine,"MISSING_PROVENANCE:subject_id,session_id,clip_id,device_id"
b3c39a27e7561cbace23,train/images/17743469659315808.jpg,train,0,,,,,,,,755530ec730b0530ed2aec0d2978f6622acf54d7cd971e14f424ab1a65080cc1,702c4c129802c4f0,155,138,8012,203.788827,60.247544,137.661419,exact-a39ff608d7c5,near-72be32de29fe,quarantine,"MISSING_PROVENANCE:subject_id,session_id,clip_id,device_id"
a8acc90132b074a07105,train/images/17743469659572089.jpg,train,0,,,,,,,,3fad33f5ca84397ea2416cfe95af07a0531710fccb6ccd3be9933b9afa27115d,700c4c129806c4f0,156,139,8066,200.873040,61.711520,136.108466,exact-479f16c2905b,near-72be32de29fe,quarantine,"MISSING_PROVENANCE:subject_id,session_id,clip_id,device_id"
8e00fae240085861a051,train/images/17743469659901526.jpg,train,0,,,,,,,,1e5276c4f44017b8abf9411bbcd0864799b027101a2dcf37e1ba0171b9c3e8d7,79644c0c349406a4,149,133,7269,205.927789,61.151929,123.026593,exact-6495da527bb6,near-dad8ad20e199,quarantine,"MISSING_PROVENANCE:subject_id,session_id,clip_id,device_id"
8195b7603f3cd8be7597,train/images/17743469660249145.jpg,train,0,,,,,,,,2cb6ccf38367428e8220872f0c2785f06c05704486505f12463ce9e85ac9d7ec,706c4c14309286a4,144,128,6711,205.828559,60.645538,121.726131,exact-a73531f89e6b,near-dad8ad20e199,quarantine,"MISSING_PROVENANCE:subject_id,session_id,clip_id,device_id"
5d02d0cdf7a1fb7a9d10,train/images/1774346966080889.jpg,train,0,,,,,,,,8bd5fe3f32d031113242728ad15a6fc4be62220a09d552fb5ac6e658c858db49,70600c1c34108684,141,126,6688,210.146122,55.480694,120.997068,exact-f6920d2ecbf7,near-f6920d2ecbf7,quarantine,"MISSING_PROVENANCE:subject_id,session_id,clip_id,device_id"
b1ac5ad96cdfa8ed6aea,train/images/17743469661132102.jpg,train,0,,,,,,,,d0a78291a401e7424d8d6dd7209b70c620a3984c7b65fa45ce26448b57f80288,70480c14341486a4,141,126,6687,209.690251,55.601076,125.388268,exact-b8044b04302d,near-d68f88288fbd,quarantine,"MISSING_PROVENANCE:subject_id,session_id,clip_id,device_id"
b9c9051353e9446aaeae,train/images/1774346966213219.jpg,train,0,,,,,,,,07aeafbee9cce9138e467b25a680807ef45090b0f5ec54252b11e04b60121fd4,782444101a8a82ec,143,127,6926,203.350036,56.283441,157.177419,exact-5d6e5dacd1f1,near-5d6e5dacd1f1,quarantine,"MISSING_PROVENANCE:subject_id,session_id,clip_id,device_id"
f7b4be360768008bc198,train/images/17743469662439792.jpg,train,0,,,,,,,,83fc2cd43ca96abc5137237787714f1fe80b8caeb45600251e563a2f1cb05d15,7024441a1a8ac2f4,139,123,6912,202.868164,56.694976,148.074985,exact-e401f2bd399f,near-e401f2bd399f,quarantine,"MISSING_PROVENANCE:subject_id,session_id,clip_id,device_id"
08dc81b0b8c2eb8eb2b4,train/images/17743469662754548.jpg,train,0,,,,,,,,e8b390823690e508af794ad77a573124431e8edcd0ea30933f113dcd670ae5bd,793004189acac670,155,138,7891,202.796821,56.047363,119.774020,exact-e40a3fa00fd2,near-e40a3fa00fd2,quarantine,"MISSING_PROVENANCE:subject_id,session_id,clip_id,device_id"
aac364ec58df890c1834,train/images/17743469663239045.jpg,train,0,,,,,,,,1c5d5f622adfcf78e9812da13d6a5017134a62408da5d22d11bef10bb7fc99e5,793044049a8ac6e8,149,133,7637,201.302770,59.490800,137.878684,exact-bb4d3bd12560,near-bb4d3bd12560,quarantine,"MISSING_PROVENANCE:subject_id,session_id,clip_id,device_id"
52491202362360c3997f,train/images/17743469663570507.jpg,train,0,,,,,,,,5b86ff42d3bd66d6aa1c974dd2d78d321607ab5a0d852056d6ad71d2bfb9746b,78684c341484c4e1,155,138,7941,205.477934,58.359137,119.656633,exact-01d77b0b1bd2,near-01d77b0b1bd2,quarantine,"MISSING_PROVENANCE:subject_id,session_id,clip_id,device_id"
c471276021edae4207b4,train/images/17743469663911011.jpg,train,0,,,,,,,,bf6024f66fd333543035925cc4055beb1c2181c9c588cead369740ed49eaf83e,70484834348484e0,147,130,7349,206.582732,58.448108,138.042965,exact-01b23136ea7f,near-01b23136ea7f,quarantine,"MISSING_PROVENANCE:subject_id,session_id,clip_id,device_id"
1382c26e3bac42125d7a,train/images/17743469664184937.jpg,train,0,,,,,,,,cca5956e4f08f0508d25c984eb2e237413d4a409541fee5df40a8977fe2d4335,700c4c32188684f0,141,126,6829,201.934650,60.038259,154.284300,exact-6fef307f9c8a,near-72be32de29fe,quarantine,"MISSING_PROVENANCE:subject_id,session_id,clip_id,device_id"
f594bc79d1035c0d84da,train/images/17743469665483272.jpg,train,0,,,,,,,,50b45b73badadfba58c0e34b3efd6d73bb62defd717e2e0aef02b9580957d2e0,79300c1098c644e1,159,141,7954,205.815068,56.068625,126.847202,exact-48d300745236,near-48d300745236,quarantine,"MISSING_PROVENANCE:subject_id,session_id,clip_id,device_id"
1a6f65b85aae55c9f3cd,train/images/17743469667014337.jpg,train,0,,,,,,,,1ac6d1fb23bd20fa0d4d2a7329042ad2e5a5a66d65a1697ae40c3c49deeab784,3934041098c644f0,147,130,7341,204.740921,57.780825,115.398575,exact-3e6fadf87046,near-4fbf528ef59c,quarantine,"MISSING_PROVENANCE:subject_id,session_id,clip_id,device_id"
d0d777610a377050e30d,train/images/17743469667500746.jpg,train,0,,,,,,,,b0be1102cfa71b4f7cd04193f6a152cc3ba4509ef800748f0fb14073fc99fa43,79300c9098c571c1,162,144,7926,209.914738,55.488627,104.372395,exact-7b4f6f46093c,near-09e9c51d33bb,quarantine,"MISSING_PROVENANCE:subject_id,session_id,clip_id,device_id"
98f31c66cb0d7b390ab9,train/images/17743469667884848.jpg,train,0,,,,,,,,4c405d7685e523f283317e9dfbd8ee8f14d67904b2df4d88d7dd56c8aabd16f8,3834049acac2f8e0,153,136,7403,206.295079,55.631844,107.463841,exact-67b75961400e,near-67b75961400e,quarantine,"MISSING_PROVENANCE:subject_id,session_id,clip_id,device_id"
f857a4d0fe4861362690,train/images/17743469669841075.jpg,train,0,,,,,,,,96daa65839f1d6d049e8e5ab7f172fb78dd778f77792566823760297d81a4014,79340c9088c470c1,153,136,7397,209.983131,54.286967,143.303549,exact-b41f1aff4d99,near-09e9c51d33bb,quarantine,"MISSING_PROVENANCE:subject_id,session_id,clip_id,device_id"
c46c1a7413bbe3481cef,train/images/1774346967137156.jpg,train,0,,,,,,,,5ce27f3e0daabe21318fddb1a97aaccb39d3ab02fefc9f31b9ca647bd66b5c18,7934049888c678e1,145,129,7295,205.133066,55.881036,156.619915,exact-3485da2e4aaa,near-09e9c51d33bb,quarantine,"MISSING_PROVENANCE:subject_id,session_id,clip_id,device_id"
2e597a9d1ba5323edffa,train/images/17743469674065.jpg,train,0,,,,,,,,011a3fdca87f5b4ecf7b858eb1a9fca093f1f8784e46c67f402c95a6e4687e97,79300c949cc5f8e1,144,128,6611,208.256185,54.486137,141.210830,exact-55fdec963805,near-09e9c51d33bb,quarantine,"MISSING_PROVENANCE:subject_id,session_id,clip_id,device_id"
cf979fb3aeb66611b37c,train/images/17743469680811849.jpg,train,0,,,,,,,,0c73ab3d3601712d7101129d78fcbcf99318c201ae08db660154cd1d5b787008,6938240c98c4f4e1,141,126,6978,201.127941,57.820329,183.611118,exact-afd679cd3f9a,near-4a7e456d1883,quarantine,"MISSING_PROVENANCE:subject_id,session_id,clip_id,device_id"
618615fe03030ca51185,train/images/17743469681148996.jpg,train,0,,,,,,,,3599182560c761b7230c16f99340381559497af602094069b1a2ab3a140d1b86,7930240c98c444f1,137,122,6827,200.548343,58.400928,179.024343,exact-5626696e19ac,near-5626696e19ac,quarantine,"MISSING_PROVENANCE:subject_id,session_id,clip_id,device_id"
1685bd67b8e68108df20,train/images/17743469681469684.jpg,train,0,,,,,,,,ed1527af79285bfbbaa61b2d1d41d9d724af677f3da5a4009012a6717f1d5cc7,6b382c0c90c561f1,143,127,6953,201.636419,58.135701,165.745209,exact-e8026bda3ea2,near-e8026bda3ea2,quarantine,"MISSING_PROVENANCE:subject_id,session_id,clip_id,device_id"
4466574a77d2d3ca9c3d,train/images/17743469685135605.jpg,train,0,,,,,,,,741ab23c20127e877b3490f4fc08938fb6e0ff429d808bac796cd5eafe81d261,5b302c1994c5e1e1,139,123,6891,200.706323,60.375498,184.176521,exact-a8fd7dc0e1bf,near-f143ff9c9309,quarantine,"MISSING_PROVENANCE:subject_id,session_id,clip_id,device_id"
47a3b38293ca18bd4edb,train/images/17743469686102295.jpg,train,0,,,,,,,,dd6bfa4efc0cbd3e77284565513060a226f38171ae4fede3ba39986ac3615d5d,5b300c09948dc5f1,135,120,6562,199.679753,60.949292,198.045336,exact-ae600959378c,near-ae600959378c,quarantine,"MISSING_PROVENANCE:subject_id,session_id,clip_id,device_id"
f98e681979d9ab3a4973,train/images/1774346968643772.jpg,train,0,,,,,,,,4ec35781a3bcd5b22f4f550ff38b1035478054535cf360f518adbfa83980bd58,79302c0d90ccc4f1,133,118,6493,198.462406,60.994127,202.563209,exact-1326c6c44cc5,near-1326c6c44cc5,quarantine,"MISSING_PROVENANCE:subject_id,session_id,clip_id,device_id"
75fb606dd4978198a684,train/images/17743469687110965.jpg,train,0,,,,,,,,3f7cb82def272f78b7c3e61410d8a91dd30f1bc0009c1381f4d70d1c4b5d977c,6938241cc8c4f0e1,143,127,6980,199.167061,60.805706,216.341470,exact-a3346b8b4c26,near-4a7e456d1883,quarantine,"MISSING_PROVENANCE:subject_id,session_id,clip_id,device_id"
deb1a794287b567a7025,train/images/1774346968744638.jpg,train,0,,,,,,,,66eefe82fb598c51c6bee1db9edf06948d2107a739175c4afe1593360172faf9,79302410c8c5f9e3,141,126,6895,200.591185,59.916178,210.812463,exact-f8a5da214f3f,near-f8a5da214f3f,quarantine,"MISSING_PROVENANCE:subject_id,session_id,clip_id,device_id"
303317f9531987187d18,train/images/17743469687793026.jpg,train,0,,,,,,,,65ee6c8e3e28f3496dea997f4c22947f13fe1ce818c6e28fe70b9f8202b8fb84,7b300c90cde5f1a7,149,133,7550,202.964424,59.564053,187.665379,exact-efe856497119,near-baa9275071e8,quarantine,"MISSING_PROVENANCE:subject_id,session_id,clip_id,device_id"
5d6579dc042fa2908bf6,train/images/17743469688157313.jpg,train,0,,,,,,,,258572db09eb076de047891023b578325142899e1cc3ddc159ad0028f3c74392,7b300891cde1f1a7,156,139,8024,203.520983,60.225547,185.910520,exact-4103f0a4e707,near-baa9275071e8,quarantine,"MISSING_PROVENANCE:subject_id,session_id,clip_id,device_id"
1560bdecf964f5857dc8,train/images/17743469689105136.jpg,train,0,,,,,,,,840ce1edceb88eb2591ed044119f96e8895e2a53bf612a6bd57f2e47550c6dc5,7a300c91cde1f1a7,152,135,7410,205.144152,59.046752,184.049103,exact-90dbca35cc68,near-baa9275071e8,quarantine,"MISSING_PROVENANCE:subject_id,session_id,clip_id,device_id"
73ed42c55f512acd2b6b,train/images/17743469689429314.jpg,train,0,,,,,,,,96ef2f94b4d99be977f37d1a2346fd93c731b18bcd68cc90ec8a4adbcdda44c2,3b300c98cde5f1a7,152,135,7641,202.830897,60.300714,184.528327,exact-8ba36ede1aa5,near-baa9275071e8,quarantine,"MISSING_PROVENANCE:subject_id,session_id,clip_id,device_id"
9fcda80ed807a405e3f9,train/images/17743469689766262.jpg,train,0,,,,,,,,7fc688dfbc979287f7ab825b9d2e9b201955b11f5b88f4ab687afa8833ce6134,7a30089491c1f14f,144,128,6909,203.849881,59.130472,172.782054,exact-93f9c2628282,near-93f9c2628282,quarantine,"MISSING_PROVENANCE:subject_id,session_id,clip_id,device_id"
8aadf7b4a5a4c834cf42,train/images/17743469693121738.jpg,train,0,,,,,,,,c5334836707b95c92e0ea69af9fd02267ed311f0ea4bf8afba18f69432dcc262,6b302c1094c5f1c3,139,123,7010,200.014856,61.398603,209.093521,exact-afbfb89027a4,near-afbfb89027a4,quarantine,"MISSING_PROVENANCE:subject_id,session_id,clip_id,device_id"
774d114fbbbd9f14162b,train/images/17743469693749988.jpg,train,0,,,,,,,,c5cc0916614edcffc1208c571bde69e60b181bb7bff48f133ede4d9d7b1db98b,6b38281991c5f1c7,148,132,7855,200.817465,60.958192,188.838740,exact-0c86f2dfd04b,near-0c86f2dfd04b,quarantine,"MISSING_PROVENANCE:subject_id,session_id,clip_id,device_id"
402919dfeeab1f6b2441,train/images/17743469695062037.jpg,train,0,,,,,,,,b5b8df12513394e137746527e5e5ddad63582cf1977e3010ad1adb390a48437a,2a380951c5f1e327,163,145,8978,200.510599,65.990360,227.646433,exact-c775788b4db4,near-3d0a588308b0,quarantine,"MISSING_PROVENANCE:subject_id,session_id,clip_id,device_id"
dfd7b158aa37fec608e0,train/images/1774346969537291.jpg,train,0,,,,,,,,8415479a1a27ee9725f87160c4e5d5eecaf2d005f109a773a484dc3b561c0778,2a380951c5f1e327,164,146,9044,199.638949,66.758120,216.594907,exact-2e2f4263cfaa,near-3d0a588308b0,quarantine,"MISSING_PROVENANCE:subject_id,session_id,clip_id,device_id"
893b07851bcd49b70e3c,train/images/17743469695691667.jpg,train,0,,,,,,,,e0efbeb26a0f0c3f58b8f4d5274eab4e11b206a884990e37c559a8ddb6c9769e,2b380959cdf1e327,163,145,8878,199.369875,67.231563,216.644549,exact-0f47caa1afdc,near-3d0a588308b0,quarantine,"MISSING_PROVENANCE:subject_id,session_id,clip_id,device_id"
d1b5d8c4044adbcded4b,train/images/17743469696314573.jpg,train,0,,,,,,,,8caf5e6cb159dc8abbec5fb4f7957bc8c2eca3dfbd7e0cbea9aa67034bbf5db4,6b380c10cde5f1a7,149,133,7790,199.270626,63.928981,221.873180,exact-fea8344c6c19,near-baa9275071e8,quarantine,"MISSING_PROVENANCE:subject_id,session_id,clip_id,device_id"
55bff7dd9cce2cb1e2c7,train/images/17743469702085001.jpg,train,0,,,,,,,,898156e40619fc228c62e0e6b35ae2e20496bf4a836a5b05b6e5b7bfffa6b6e5,2b3814084865f1a5,141,126,7334,193.275414,70.006534,244.814716,exact-661f91000f33,near-661f91000f33,quarantine,"MISSING_PROVENANCE:subject_id,session_id,clip_id,device_id"
883ef5000ea3939c21db,train/images/17743469706230202.jpg,train,0,,,,,,,,ebb2dac347e7c1f3d47b444e8dc41c62e97ae3a0b25425a498b4562a1bc06bd5,2b3a110149617327,145,129,8000,187.545950,75.004218,264.851251,exact-726ec906a90d,near-726ec906a90d,quarantine,"MISSING_PROVENANCE:subject_id,session_id,clip_id,device_id"
af947a617d1ef8fd4096,train/images/1774346970653529.jpg,train,0,,,,,,,,c6397f2c921be607326938c759bb7e0bdd052ae2060d746eb5b17ffe7eab7aa4,66300993cbe3c72d,144,128,7151,198.052572,65.388699,232.807401,exact-6528bb8fa530,near-82ba7c043c75,quarantine,"MISSING_PROVENANCE:subject_id,session_id,clip_id,device_id"
4ff66d23ab0cd7955ab3,train/images/17743469706814673.jpg,train,0,,,,,,,,c6397f2c921be607326938c759bb7e0bdd052ae2060d746eb5b17ffe7eab7aa4,66300993cbe3c72d,144,128,7151,198.052572,65.388699,232.807401,exact-6528bb8fa530,near-82ba7c043c75,quarantine,"MISSING_PROVENANCE:subject_id,session_id,clip_id,device_id"
804227df1c9c39f75147,train/images/17743469708327498.jpg,train,0,,,,,,,,1dbd51fd71fc2c0e337d03b1e016f18bacc5b2695147ea8c0566568fea9d6364,2e3009514b732705,148,132,8378,187.645219,75.464811,311.854772,exact-a478642504ac,near-08f30e8cadeb,quarantine,"MISSING_PROVENANCE:subject_id,session_id,clip_id,device_id"
82cc53e6b827e4a3bbbc,train/images/1774346970861588.jpg,train,0,,,,,,,,47952413b1822eb03ce3510f5595df38d201e6fbca2292f31d63ce92634a8ed6,66300913cbe38709,148,132,8059,190.212121,72.440625,292.519293,exact-27bb63ed6f71,near-82ba7c043c75,quarantine,"MISSING_PROVENANCE:subject_id,session_id,clip_id,device_id"
3dbc5207171ee70a7d26,train/images/17743469708931427.jpg,train,0,,,,,,,,71b786a4a783834fc0241562eed98e2c18190554aef42e0fc5844777db1f5689,46340313c2e74f08,163,145,9769,179.458388,79.150383,300.098803,exact-2c29bd822988,near-573dba03a221,quarantine,"MISSING_PROVENANCE:subject_id,session_id,clip_id,device_id"
ec8105d9fa31c2e45dcf,train/images/17743469709637787.jpg,train,0,,,,,,,,35d8c4e3d5a7dc20456ad3c3a066b7ae8aac88cc8ddf0346221f85be70197d13,46742313c2e7470a,160,142,9229,181.113072,77.692395,306.332997,exact-58fba35ac359,near-573dba03a221,quarantine,"MISSING_PROVENANCE:subject_id,session_id,clip_id,device_id"
201a14b1ec00fec4fba9,train/images/17743469710911608.jpg,train,0,,,,,,,,06a49565827ce0a724d143e5e7a9e25de83b6c303a32163cf0d9f1a5da75af54,2e30095343730701,153,136,8601,179.716503,80.552586,354.653775,exact-bcb941e218d8,near-08f30e8cadeb,quarantine,"MISSING_PROVENANCE:subject_id,session_id,clip_id,device_id"
27f3b6c5194e387a5432,train/images/17743469713221383.jpg,train,0,,,,,,,,f472961ebfb587e90d81d6aedfcbbbf43b68d99056c95788508b6ba136967808,2b3a111149636315,143,127,7631,184.140961,77.699775,334.433575,exact-ca0a39458de3,near-ca0a39458de3,quarantine,"MISSING_PROVENANCE:subject_id,session_id,clip_id,device_id"
f064d56b8e59e63b6a88,train/images/17743469718598337.jpg,train,0,,,,,,,,1cd0106a37db0375d467688cca853f3647ace1e66f53032209560ff53cef1138,46702913c3e3c72d,162,144,8878,194.778035,67.982037,185.321761,exact-74bbcf773c82,near-82ba7c043c75,quarantine,"MISSING_PROVENANCE:subject_id,session_id,clip_id,device_id"
f7db51da8942dc97d2a5,train/images/17743469720720584.jpg,train,0,,,,,,,,d393ff8a7119e218f975a874b82d8796f4e0bd02174bb3bf0d8549161b616b99,5a30081191c5f1c7,148,132,7616,203.809838,59.907756,167.396122,exact-ffab53082b58,near-ffab53082b58,quarantine,"MISSING_PROVENANCE:subject_id,session_id,clip_id,device_id"
4c5e0a262e645b2cd97c,train/images/17743469721883707.jpg,train,0,,,,,,,,131f2554888269f617ddece3b4cff3ec5b1c16bcbea77eed5e8ebe074eeae94e,79200c1494c4e4e1,136,121,6701,199.132718,62.812622,153.342189,exact-1c053d397041,near-1c053d397041,quarantine,"MISSING_PROVENANCE:subject_id,session_id,clip_id,device_id"
e636bfeb0b45c4fc8624,train/images/17743469722227182.jpg,train,0,,,,,,,,9a82962caf1f1747a09a0675dc594d8279aa73d67b4e720987dd5ab9f41ee416,7b300c149cc5f1e1,157,140,7973,200.363194,61.464970,132.250964,exact-38c02f46b578,near-09e9c51d33bb,quarantine,"MISSING_PROVENANCE:subject_id,session_id,clip_id,device_id"
08a404561dc8e408c9ca,train/images/17743469722559633.jpg,train,0,,,,,,,,d532491f309e237c5928e492d6b652b95ad0fa7bb343d57a518b825d98bf6ddd,79300c109cc4f0e1,152,135,7538,199.364766,62.824378,127.218978,exact-95fc6cd8aeb9,near-09e9c51d33bb,quarantine,"MISSING_PROVENANCE:subject_id,session_id,clip_id,device_id"
51252be38714d79e9a7b,train/images/1774346972292446.jpg,train,0,,,,,,,,585553aa6e065c91bd4ac6c1cc3b512d8e9e9ae5294f747afcceb1db21fa2a1a,793024049a8ac270,143,127,6929,194.313914,64.032992,140.261329,exact-f10d342ce63e,near-f10d342ce63e,quarantine,"MISSING_PROVENANCE:subject_id,session_id,clip_id,device_id"
e69d4c3e11de803e7c23,train/images/177434697232112.jpg,train,0,,,,,,,,9be014c15cba237ce1e24cb876ea1946d633b6bf31a3b0848800fb4a2e68aed9,79344c0c1004c4f0,145,129,7330,196.702753,63.631001,122.946180,exact-40dd2b010d46,near-40dd2b010d46,quarantine,"MISSING_PROVENANCE:subject_id,session_id,clip_id,device_id"
2b751cc48d0f4c7ad80f,train/images/17743469724108107.jpg,train,0,,,,,,,,61822ed544c4a95f9b913506b8d1023c584dece46c387d0fdbba87adb0864a10,79744c0d309486e4,143,127,6812,198.249270,63.697767,116.170920,exact-1e656185f98e,near-dad8ad20e199,quarantine,"MISSING_PROVENANCE:subject_id,session_id,clip_id,device_id"
32d4ee8b76335ebbb311,train/images/1774346972439638.jpg,train,0,,,,,,,,bb314d49ffa5cd309c4ed5f50373eee29954e4ed31ffb6a52df0462277c361d4,7830440c1a9a02e0,137,122,6853,196.649097,63.797126,117.583377,exact-0594f04659a6,near-0594f04659a6,quarantine,"MISSING_PROVENANCE:subject_id,session_id,clip_id,device_id"
c86a975b00ddfb98a772,train/images/17743469724664714.jpg,train,0,,,,,,,,619a2adf54303679f6263d344a69516f6a79b84ac019763b5e29c05ca92d9d99,79644c0c309486e4,144,128,6914,198.641276,63.393344,107.421073,exact-d55a6ae3aba2,near-dad8ad20e199,quarantine,"MISSING_PROVENANCE:subject_id,session_id,clip_id,device_id"
5abf75e3e63c14257823,train/images/177434697249939.jpg,train,0,,,,,,,,82cf930e8ecf8e5a32f60c1d8cf067d4272d7a313b3c71a7c91d75e9596c7cda,79644c0c301486a4,144,128,6925,201.565484,61.047970,96.914686,exact-a4ff3ad278c7,near-dad8ad20e199,quarantine,"MISSING_PROVENANCE:subject_id,session_id,clip_id,device_id"
8dea9edaa14cf60c6296,train/images/17743469725550854.jpg,train,0,,,,,,,,f4a784c50519c5f73740df6a9a0ec11da66bcc948b2e0c0b5c27cb0f6254a59d,704c4c34341486b4,141,126,6684,201.495553,62.025438,91.826624,exact-497e671df1de,near-d68f88288fbd,quarantine,"MISSING_PROVENANCE:subject_id,session_id,clip_id,device_id"
dcca8c0ed245f93a44f4,train/images/1774346972587061.jpg,train,0,,,,,,,,39d51a5e690eb0fd03da100ed5154269ef4b38708249f962651bd8cea00ec823,f860440c321a8286,137,122,6491,206.165789,55.641816,88.025028,exact-8fd238119777,near-dad8ad20e199,quarantine,"MISSING_PROVENANCE:subject_id,session_id,clip_id,device_id"
081c9ad539f9f16152a1,train/images/17743469726226158.jpg,train,0,,,,,,,,85b7d0b379e2c07ac5e0efdd0df05334e6db327e38bbb165b61fceebf5eccc4e,f8648c0c32340606,137,122,6467,208.599677,53.444195,93.138443,exact-298647699bcb,near-dad8ad20e199,quarantine,"MISSING_PROVENANCE:subject_id,session_id,clip_id,device_id"
27f7fc60935e15445c36,train/images/17743469726607735.jpg,train,0,,,,,,,,f7bcce12ece5ea025f63479037a38ebd197e0d74bfbd4ae2c3c14a930d3dddb1,f870440c32128284,147,130,7491,197.367504,62.841268,92.891829,exact-2315bd64e75a,near-dad8ad20e199,quarantine,"MISSING_PROVENANCE:subject_id,session_id,clip_id,device_id"
4cc1c896d09b83422e97,train/images/17743469726958268.jpg,train,0,,,,,,,,a7477e86a096127856d30926f9207e1071d4b4b5a8862d0cecc8caf00dd07d55,f860040c323a8606,137,122,6575,205.695884,54.551774,117.496080,exact-146c09db1bc3,near-dad8ad20e199,quarantine,"MISSING_PROVENANCE:subject_id,session_id,clip_id,device_id"
279fde37461a2e551ada,train/images/17743469727293077.jpg,train,0,,,,,,,,7485dabc5188ab3e8a127f2db01b5eae54c136da1f192618685cda373093410e,f8640c0c32328206,141,126,6853,203.114601,57.818464,127.088871,exact-ad608cd85671,near-dad8ad20e199,quarantine,"MISSING_PROVENANCE:subject_id,session_id,clip_id,device_id"
8e236b31181ee648d2ca,train/images/1774346972760001.jpg,train,0,,,,,,,,836dde106873a2b8bdaffb08fbdd7fb031625b920a8fa57bb28bf1f71530898b,f8640c0c32328206,141,126,6791,202.148767,59.031842,121.761398,exact-2ace3763af33,near-dad8ad20e199,quarantine,"MISSING_PROVENANCE:subject_id,session_id,clip_id,device_id"
31e3713c5c4fdcfbbc58,train/images/17743469728214583.jpg,train,0,,,,,,,,6736c23b808d5a62eb18ceba0b4246af95d223f1a3b85107f5349607b5205037,f860440c321a8286,143,127,6828,200.944552,59.368559,120.265575,exact-14eefdd0989a,near-dad8ad20e199,quarantine,"MISSING_PROVENANCE:subject_id,session_id,clip_id,device_id"
c437980db721b23ea0f3,train/images/17743469728820548.jpg,train,0,,,,,,,,d52a036af414d4b312d5edb4269288d6f6a0567134a5ccdb0cee33d8c239a456,f04c441c32128284,144,128,6934,188.485677,63.403390,99.321354,exact-afd7745eb596,near-dad8ad20e199,quarantine,"MISSING_PROVENANCE:subject_id,session_id,clip_id,device_id"
bcaed6069e83f611f631,train/images/17743469729332662.jpg,train,0,,,,,,,,a33e4c4ebea3ec0d863252e57a70477bf08a18d97f4d69673b0430c2dcd8b47c,74448c0c32320606,133,118,6162,201.318274,52.218464,114.434353,exact-b0193ceb57d2,near-dad8ad20e199,quarantine,"MISSING_PROVENANCE:subject_id,session_id,clip_id,device_id"
4262d3005417bace1d77,train/images/17743469729679067.jpg,train,0,,,,,,,,9eae8458476333461f8ffd1a8e38485647259ff5d6530e41458e6328be9565fc,f8648c0c32320606,139,123,6677,200.400889,53.874756,111.411205,exact-2a3d253e5273,near-dad8ad20e199,quarantine,"MISSING_PROVENANCE:subject_id,session_id,clip_id,device_id"
3f994a9d84ecffc45398,train/images/1774346973031325.jpg,train,0,,,,,,,,86e8222b16d44237b196aa74f003140c86fd0dc2b218db362d80cf4c6f04ef01,f8648c0c32320606,140,124,6709,200.119067,54.663184,125.466162,exact-abe6c5838bf2,near-dad8ad20e199,quarantine,"MISSING_PROVENANCE:subject_id,session_id,clip_id,device_id"
00c39f902e3720372b58,train/images/17743469730579367.jpg,train,0,,,,,,,,29f8f9baccbeb8f10927e149bf7da627a25b6d8b33694fb0cb88ee39abeb68f9,f060840c323a8606,136,121,6587,198.054752,56.433488,132.094460,exact-53d2dd250440,near-dad8ad20e199,quarantine,"MISSING_PROVENANCE:subject_id,session_id,clip_id,device_id"
165ae635845c92a0a06c,train/images/17743469731253958.jpg,train,0,,,,,,,,9360cd77a55b9abd1e9e887940492063fc08717060930af7f42bff70b83e91e7,f44c8c1c32348204,137,122,6657,198.762893,58.651800,129.228557,exact-96b026df37a1,near-96b026df37a1,quarantine,"MISSING_PROVENANCE:subject_id,session_id,clip_id,device_id"
7f674bd887f615f591dd,train/images/17743469732241824.jpg,train,0,,,,,,,,b825189efe688adbaa707cb87451396573829c55d4d0b0d0170bbccd26a773bc,704ccc1432128686,135,120,6347,194.400617,62.049700,131.706911,exact-cff3de718843,near-dad8ad20e199,quarantine,"MISSING_PROVENANCE:subject_id,session_id,clip_id,device_id"
4abe09caa11ef3c3b599,train/images/17743469732550645.jpg,train,0,,,,,,,,ba0baf8f25a7dfd739d00a2d68e2ea65135e7cf2dc4f1280b677b72a7a72ccdc,704c841c32128286,130,116,6302,196.672878,59.094065,134.449476,exact-fddc599a3afe,near-dad8ad20e199,quarantine,"MISSING_PROVENANCE:subject_id,session_id,clip_id,device_id"
50d9230c5b56e16ae6fd,train/images/17743469732855616.jpg,train,0,,,,,,,,d9236c956d75a6c00007e7460cafa1acd510f676b077083bf81381a253bee161,f44c0c1c32128286,132,117,6362,195.867780,60.821996,130.146164,exact-63fd44eec460,near-dad8ad20e199,quarantine,"MISSING_PROVENANCE:subject_id,session_id,clip_id,device_id"
8779ee5e6bb2c50a564d,train/images/17743469733329163.jpg,train,0,,,,,,,,199d364b69cf3c5ec5e6975585e0632417b4ebfc2178d92ee78c1ebfc9a06985,f874440c3a1a8282,128,114,6009,192.124657,62.298687,144.344144,exact-c4da2d0f7e45,near-dad8ad20e199,quarantine,"MISSING_PROVENANCE:subject_id,session_id,clip_id,device_id"
3252f866e3849c2882d2,train/images/17743469733989289.jpg,train,0,,,,,,,,f8b78dc6186dad6e255a706e55e2d457966c76c64e2a5be476c261b46389f6dd,fc30441c1a9a06e2,135,120,6606,186.891173,66.214144,148.838489,exact-8b8b2039da03,near-8b8b2039da03,quarantine,"MISSING_PROVENANCE:subject_id,session_id,clip_id,device_id"
e394705080d7dcbbc5ae,train/images/177434697347553.jpg,train,0,,,,,,,,777f197b572ed6b80cd4dbeae8e91a6030b27d7b69819df0f1308cb21e7b3763,f8244412188684f8,137,122,6824,187.933708,66.270567,146.058742,exact-63d942da157a,near-4964a33f65ea,quarantine,"MISSING_PROVENANCE:subject_id,session_id,clip_id,device_id"
1e5c5b50f782cbe8d304,train/images/17743469735089753.jpg,train,0,,,,,,,,3ade555b85975cd79e0ddf1735ddeff28918a0addb3351a621be7bc775a032d2,f82444101806c4f8,139,123,6940,188.740656,65.552931,144.990880,exact-4cd468501fc1,near-4964a33f65ea,quarantine,"MISSING_PROVENANCE:subject_id,session_id,clip_id,device_id"
c3862ac3d1346b2ef8e7,train/images/17743469735366614.jpg,train,0,,,,,,,,213259aa702c6cc3ecc8eb3d5c2c98fec564c6f145a344e48f5651d96f34f352,f8244410188686f8,133,118,6195,188.611826,65.603607,149.286196,exact-3e6ce2279a7d,near-4964a33f65ea,quarantine,"MISSING_PROVENANCE:subject_id,session_id,clip_id,device_id"
db6f43ae5f3c840e3ed2,train/images/17743469736595905.jpg,train,0,,,,,,,,9afe6e6131ccb40c5da9253a62826a7aa234224056dde2ad7f9466eb89fde7b8,6938240498ccc4f0,140,124,6587,197.033756,57.323079,86.989761,exact-757b6b66ed18,near-757b6b66ed18,quarantine,"MISSING_PROVENANCE:subject_id,session_id,clip_id,device_id"
559b252910fc4cf80ec3,train/images/1774346973791342.jpg,train,0,,,,,,,,51456f585ae915ef1fa146ccd7f4d4201add4e98dcbef5a319aff4cfa775d87a,2539180449c5e1e3,136,121,6873,183.616128,62.989591,104.777987,exact-4753e699ede6,near-1f2a1a8a89ad,quarantine,"MISSING_PROVENANCE:subject_id,session_id,clip_id,device_id"
1f3ef62971063b8cbe23,train/images/17743469738584707.jpg,train,0,,,,,,,,8b3d5d375ae76e19095357d2da147bed465a05ffddbcf9cca531d21f7e71b7a6,03231b1909613163,151,134,7970,137.934368,77.599284,114.958628,exact-4a12e183a11f,near-4a12e183a11f,quarantine,"MISSING_PROVENANCE:subject_id,session_id,clip_id,device_id"
9948790627190be26bf1,train/images/17743469791231053.jpg,train,0,,,,,,,,df0d3dbc365832a055bb934483289250f724bf53c088dcdd6ebaf0bd1b4c2c0f,db70480834318dc9,120,106,5097,214.397956,50.879819,152.461908,exact-e30919d4d5f5,near-e30919d4d5f5,quarantine,"MISSING_PROVENANCE:subject_id,session_id,clip_id,device_id"
861c2e3bcf5a923a7eb8,train/images/17743469791592565.jpg,train,0,,,,,,,,76daf920a9d2482f743ef4d69fb60b41aef7936c0eeb541e527f0c1d397557bb,d3f0680920310d89,121,108,5101,217.557086,48.300743,122.640394,exact-0038263cc90d,near-0038263cc90d,quarantine,"MISSING_PROVENANCE:subject_id,session_id,clip_id,device_id"
4050277b19878dc1e9d2,train/images/17743469793762038.jpg,train,0,,,,,,,,9e5d68e878d18d7967a846ad0b921b2c801fb40f6238c9efa30c0308ee102aa3,f9604c0c341484a4,128,114,5332,214.183594,46.335349,82.692008,exact-6b6803d3f23f,near-dad8ad20e199,quarantine,"MISSING_PROVENANCE:subject_id,session_id,clip_id,device_id"
61b31484e520982622cf,train/images/17743469795860934.jpg,train,0,,,,,,,,b03763e384c878a47144a4670f90fbfa7a9c37898c0ed3dc2b8f98a3161ea887,f9604c0c34148484,126,112,4861,218.374221,44.552939,61.255452,exact-a61c5cdf7828,near-dad8ad20e199,quarantine,"MISSING_PROVENANCE:subject_id,session_id,clip_id,device_id"
6175897596f00a64b8f7,train/images/17743469796141994.jpg,train,0,,,,,,,,2764963d388e7c4ea7c9b61fb435f4db95a7cd89a8fe9bb363c00fe4e0b60b3e,f9704c0d34148484,132,117,5577,215.551541,48.773507,69.168158,exact-57fb0303e4a6,near-dad8ad20e199,quarantine,"MISSING_PROVENANCE:subject_id,session_id,clip_id,device_id"
2cf5890ac545523c8474,train/images/17743469796540298.jpg,train,0,,,,,,,,416f2890eb43dea968527fd0a20b607ebd524a1084f8da97f66bff9e9bcd9618,f9604c0c341484a4,129,115,5634,213.618065,50.945551,83.443328,exact-f64ee82a9f4a,near-dad8ad20e199,quarantine,"MISSING_PROVENANCE:subject_id,session_id,clip_id,device_id"
99394754d08d50ec43a4,train/images/17743469797109563.jpg,train,0,,,,,,,,ea347f8ead10fc48e7ad8054215ec1c44bbcc751a361672beb4074b263432f8a,f9644c0c349484e8,136,121,5967,210.652953,52.659811,102.254795,exact-e56ae9ee2166,near-dad8ad20e199,quarantine,"MISSING_PROVENANCE:subject_id,session_id,clip_id,device_id"
c6953d9545897b50960d,train/images/1774346979748263.jpg,train,0,,,,,,,,f00aa5849508712ba3f65f43066acfb8b291570f2e062d2fc000b0bdc2fa8a27,7068081c341404e0,126,112,5091,214.206633,51.392465,99.735022,exact-33bf4329c846,near-33bf4329c846,quarantine,"MISSING_PROVENANCE:subject_id,session_id,clip_id,device_id"
7730457f7cdb5e546da4,train/images/17743469797820132.jpg,train,0,,,,,,,,636a906766ae5a3bbf7e00d0311ae639a30b55f607730781597fd13bcf1e2767,706008083434048c,125,111,4938,216.289297,49.879069,102.174626,exact-3a047b4a81ef,near-dad8ad20e199,quarantine,"MISSING_PROVENANCE:subject_id,session_id,clip_id,device_id"
ef87d2efcb6d23d65eb2,train/images/1774346979959416.jpg,train,0,,,,,,,,c05103bb9588a8d1838075c5ea37853e58d500232df5af0ee6e2f21e1a68e8ed,79604c0c34148684,118,105,4800,212.287006,50.778370,91.868509,exact-d3fb4415d5c0,near-dad8ad20e199,quarantine,"MISSING_PROVENANCE:subject_id,session_id,clip_id,device_id"
9b9b938ddddc2c07c36b,train/images/17743469975376437.jpg,train,0,,,,,,,,b341c5fc207763cd9be14076a054a4f7a9a4870d30079e45d867433d37020eda,116323034d0d8b8e,263,234,14420,202.121706,41.941242,101.031215,exact-6969b3aa4d38,near-6969b3aa4d38,quarantine,"MISSING_PROVENANCE:subject_id,session_id,clip_id,device_id"
0139be9106d3e7d42cf6,train/images/17743469975657222.jpg,train,0,,,,,,,,b341c5fc207763cd9be14076a054a4f7a9a4870d30079e45d867433d37020eda,116323034d0d8b8e,263,234,14420,202.121706,41.941242,101.031215,exact-6969b3aa4d38,near-6969b3aa4d38,quarantine,"MISSING_PROVENANCE:subject_id,session_id,clip_id,device_id"
65c2f5df902c866c9514,train/images/17743469975964532.jpg,train,0,,,,,,,,347d65f0531427518d897ef50234ff0b9c031b46221c431f4200a5aa89f4134f,6063632b0d0d0b8f,268,238,17106,198.328060,49.113150,137.295861,exact-27f128ab42c3,near-27f128ab42c3,quarantine,"MISSING_PROVENANCE:subject_id,session_id,clip_id,device_id"
0b84b8c0ec63a255718d,train/images/17743469976250167.jpg,train,0,,,,,,,,347d65f0531427518d897ef50234ff0b9c031b46221c431f4200a5aa89f4134f,6063632b0d0d0b8f,268,238,17106,198.328060,49.113150,137.295861,exact-27f128ab42c3,near-27f128ab42c3,quarantine,"MISSING_PROVENANCE:subject_id,session_id,clip_id,device_id"
97b5cd46617a40323e0a,train/images/17743469976883442.jpg,train,0,,,,,,,,c9bd307b4e075a10e58061810dfe63b2a990940dcb60eb0add44fa81f9eb71c3,e3e3eb2b090d83c6,259,230,19009,162.810593,60.433579,146.613738,exact-22b954454cfc,near-cfad0a67c103,quarantine,"MISSING_PROVENANCE:subject_id,session_id,clip_id,device_id"
9db77082b410cbcea325,train/images/17743469977524624.jpg,train,0,,,,,,,,93a7731b35416824c96bcd71b23f0867403b73e87079c8c32b4d1b6139d8783a,e3e3632b090d83c6,252,224,17430,131.938155,55.671686,106.655291,exact-f525eef4f03a,near-cfad0a67c103,quarantine,"MISSING_PROVENANCE:subject_id,session_id,clip_id,device_id"
b611faeb859f3a2a2510,train/images/1774346997783642.jpg,train,0,,,,,,,,497bbf10a3304c0c25428886e20d6afdf36cabc8cefd0c26537807a2810ee3ec,e3e3622b090d83cc,257,229,19374,126.311709,59.529402,124.173216,exact-e3e69eaf6c36,near-cfad0a67c103,quarantine,"MISSING_PROVENANCE:subject_id,session_id,clip_id,device_id"
b1f13d5008ba4e8d1957,train/images/17743469978156347.jpg,train,0,,,,,,,,d97c0ec1ba6ab614a1a264af16155c4f1ea4919c17ab5fabac683521cfea5ac9,e3e3632b090d83ce,252,224,18826,125.579861,59.958489,156.708723,exact-485d997d70d9,near-cfad0a67c103,quarantine,"MISSING_PROVENANCE:subject_id,session_id,clip_id,device_id"
47e3eae457ad3cb41406,train/images/17743469978395536.jpg,train,0,,,,,,,,9b33947f2e035334298c2fb60416cfc0a31b442c6bee823149fa87d1e95e9ae0,e3e3632b490d83ce,248,220,18110,120.906122,58.391196,161.034988,exact-47f6c8c4b34d,near-cfad0a67c103,quarantine,"MISSING_PROVENANCE:subject_id,session_id,clip_id,device_id"
311f8b28096c10acc5f6,train/images/17743469978712845.jpg,train,0,,,,,,,,04a8094a52ce9292761095f2b900b53422f549caf8ee70496350740450b75d54,e3e36323090583ce,251,223,18854,116.167456,59.286111,175.713539,exact-c010bb0f7f8f,near-cfad0a67c103,quarantine,"MISSING_PROVENANCE:subject_id,session_id,clip_id,device_id"
4184ba5e931b93c0b229,train/images/17743469979070072.jpg,train,0,,,,,,,,a26bcf47f192b4743947032f239f99719fca8b4b66060643e187cdeed3ed4dd0,e3e36323090583ce,251,223,18584,114.942526,58.821116,167.801362,exact-248aa2bdd003,near-cfad0a67c103,quarantine,"MISSING_PROVENANCE:subject_id,session_id,clip_id,device_id"
ea1a9c375539de5e45ab,train/images/17743469979383845.jpg,train,0,,,,,,,,9f56312f9acf17c6e25d15586f166ea9e0341fff26bfeb9bc02e7f5c29697c80,e3e36223090583ce,248,220,18300,114.124010,58.465108,160.549016,exact-ee14860f6bd0,near-cfad0a67c103,quarantine,"MISSING_PROVENANCE:subject_id,session_id,clip_id,device_id"
78d08e82d3858fd5b2b4,train/images/17743469979650073.jpg,train,0,,,,,,,,8f5a708b7ae2876e0a9b0909f7b23e880afc18dc8281df9d5a169cc1b1bf5692,e3e36223090583ce,248,220,18331,112.967339,58.837048,155.043482,exact-cf23dc33d6ab,near-cfad0a67c103,quarantine,"MISSING_PROVENANCE:subject_id,session_id,clip_id,device_id"
a542afad771d465b7860,train/images/17743469979998152.jpg,train,0,,,,,,,,3489629519144135774d7f34b59fa3ada7104dad153572c535aa04e5db25d256,e3e3622b490d83ce,248,220,18272,115.490066,59.255465,158.143191,exact-3c6175281070,near-cfad0a67c103,quarantine,"MISSING_PROVENANCE:subject_id,session_id,clip_id,device_id"
ab0688371eb1439d95d4,train/images/1774346998035235.jpg,train,0,,,,,,,,724292d1b038520f3473abddd7259fefd8f728279240b8cb2c0114b6f48d44c0,e2e3622b0b0d83cc,251,223,18789,114.410877,60.089389,162.319218,exact-a1271642c26d,near-cfad0a67c103,quarantine,"MISSING_PROVENANCE:subject_id,session_id,clip_id,device_id"
acb714545cc50bb6d593,train/images/1774346998068198.jpg,train,0,,,,,,,,2f9bf27e6e43878e9dc53aae48d6926efbf9ad87f88ca8e70648bd9e197a4d9f,e2e3632b090d83ce,243,216,17580,116.954313,59.124975,167.005832,exact-4cf3ab13ec43,near-cfad0a67c103,quarantine,"MISSING_PROVENANCE:subject_id,session_id,clip_id,device_id"
f884f97870a30aabfd53,train/images/1774346998146145.jpg,train,0,,,,,,,,9aba02f885b8ed160d933540221f9d8214f67ad684a1721d9b4474fd1a3d5757,e263632b490d8386,226,201,15555,118.290715,57.154716,171.668033,exact-679b3fe58ea4,near-cfad0a67c103,quarantine,"MISSING_PROVENANCE:subject_id,session_id,clip_id,device_id"
a16886306ea17093ad8a,train/images/17743469981757283.jpg,train,0,,,,,,,,ff5e0f3a83cf1313d06b607916acf637667e0a46db7efdcd6418c3c2708dc9ca,e263632b490d8386,228,202,16187,118.563401,58.440720,189.279474,exact-b3396bcb5967,near-cfad0a67c103,quarantine,"MISSING_PROVENANCE:subject_id,session_id,clip_id,device_id"
e8cc35ac455aa9baed96,train/images/1774346998269904.jpg,train,0,,,,,,,,20a29c543a71520fd19df79ae4fb764936497cb69dd4150d1c4af551b19387f0,e2c3632b490d8386,217,193,14887,121.539696,57.127656,223.768907,exact-27cf14dfc223,near-cfad0a67c103,quarantine,"MISSING_PROVENANCE:subject_id,session_id,clip_id,device_id"
8a593b5e0586bcf13c67,train/images/17743469983737278.jpg,train,0,,,,,,,,5f732c86bcf582834cc6c13ef6f514635b55555455b6859c468811b5778d4838,f2e362230b0383c4,232,206,17139,120.522535,57.630600,180.833725,exact-ad5ef4b29e14,near-9c2659fdc477,quarantine,"MISSING_PROVENANCE:subject_id,session_id,clip_id,device_id"
9881bad0d7e879328ebf,train/images/1774346998401988.jpg,train,0,,,,,,,,bc7e990ac980e9f4b2c9866f1a2d724d692bfe9d69d47c84b6310986fae191d3,f2e36323490383c4,226,201,16392,120.003874,59.421430,184.378230,exact-d732f39159e6,near-9c2659fdc477,quarantine,"MISSING_PROVENANCE:subject_id,session_id,clip_id,device_id"
8b38b77e8edacc855780,train/images/17743469984365323.jpg,train,0,,,,,,,,77f120e24a5bd4eecbeced09bdf49c836b5c3f4e7962cea4f3f5758206229abf,f2f36723490183c4,221,196,15318,123.091952,57.930260,158.410823,exact-556ea1b2f742,near-9c2659fdc477,quarantine,"MISSING_PROVENANCE:subject_id,session_id,clip_id,device_id"
c3fff9dfc3b9f2003d5c,train/images/1774346998469701.jpg,train,0,,,,,,,,b7f824a299579d56c366a2d3e7909f412a962b7ef95aafd08b9c39fc860db96d,f2f167232d0583c6,216,192,14405,126.545308,56.169305,142.251109,exact-0d9653b98d11,near-1f864a29eafe,quarantine,"MISSING_PROVENANCE:subject_id,session_id,clip_id,device_id"
ccae127b88b09ea97172,train/images/1774346998578055.jpg,train,0,,,,,,,,8ccc154a34967151f62b3bdfc1a2b6f4147b7bd699ffd021e0b79cbced08cf33,f2f363032d0583c4,220,195,15752,128.144615,58.360366,173.037339,exact-a3d0c75739a3,near-1f864a29eafe,quarantine,"MISSING_PROVENANCE:subject_id,session_id,clip_id,device_id"
6710d691b28b2d578798,train/images/17743469986116467.jpg,train,0,,,,,,,,31adb1292f6b560a8d4d69053623f5aea3efac2ee4b331bb9f104457c9b731f7,f2f37717250583c6,214,190,14919,129.311781,57.068371,180.573759,exact-9f69998560dc,near-1f864a29eafe,quarantine,"MISSING_PROVENANCE:subject_id,session_id,clip_id,device_id"
ea39fb015b69bccf27a5,train/images/177434699863775.jpg,train,0,,,,,,,,439cd0f224ffeb81984c9606fd6618de9b4940b6988903b9c1f0df893a983cb8,e2f357032d0183c6,213,189,15159,128.295824,57.258366,190.221555,exact-3873ecf4855c,near-1f864a29eafe,quarantine,"MISSING_PROVENANCE:subject_id,session_id,clip_id,device_id"
187b14fce2a1bce496d8,train/images/17743469986751256.jpg,train,0,,,,,,,,6556d75613786befc329c2f631528e85c686b30d2b8dff29bc5c3272ba38f3c8,e2f3571725058386,209,186,14905,130.603643,56.376980,205.991756,exact-b7b99ba738af,near-1f864a29eafe,quarantine,"MISSING_PROVENANCE:subject_id,session_id,clip_id,device_id"
0e2f06b22f039ac9f4e2,train/images/1774346998740691.jpg,train,0,,,,,,,,ab1260c77a1f489c77778ed9bf8a7f589a28c4673563972c8e6d995041044eec,f2f1531725058186,206,183,14060,133.679267,55.043950,213.386585,exact-a3513549948f,near-1f864a29eafe,quarantine,"MISSING_PROVENANCE:subject_id,session_id,clip_id,device_id"
086b635ada751c8978fc,train/images/17743469987765908.jpg,train,0,,,,,,,,ab60f8f64ec8f07e4ae71e16c480f57f4080373e392331e7e8c8fc28683f3706,f2f15717250583c6,209,186,15047,132.475742,56.450602,240.993941,exact-3ec13115817a,near-1f864a29eafe,quarantine,"MISSING_PROVENANCE:subject_id,session_id,clip_id,device_id"
8b7e98f1d1b4dba7f562,train/images/17743469988561437.jpg,train,0,,,,,,,,a44f9587c7aba6bddbb9a8041b3e78e650204fbb7cea135f622d148d8ae537ad,f2f1632705058386,202,180,13990,138.256848,54.281673,248.022547,exact-755917ecbc61,near-1f864a29eafe,quarantine,"MISSING_PROVENANCE:subject_id,session_id,clip_id,device_id"
2777ef3d44c7cafa0dc1,train/images/17743469988840659.jpg,train,0,,,,,,,,4528c722ccf6b3e2fe829e2be8f1caf738dd65b305d934c2cdce2e24dde1b025,f2f1632725058386,202,180,14091,141.040127,54.296475,260.625088,exact-e97776493f21,near-1f864a29eafe,quarantine,"MISSING_PROVENANCE:subject_id,session_id,clip_id,device_id"
c34e316da47e6e0029c3,train/images/17743469989171386.jpg,train,0,,,,,,,,1fab544872af600c098858353a8ff5f214fd98a1164805c3b35379507bbc0c73,f2f16323090d8386,203,181,14010,138.184362,56.202726,242.575306,exact-c77639710bd8,near-1f864a29eafe,quarantine,"MISSING_PROVENANCE:subject_id,session_id,clip_id,device_id"
06755166e2bc0b62761b,train/images/17743469989486535.jpg,train,0,,,,,,,,9b389ec3c48f79308459323e5aeef1f2eecc83350e4a5a79dc5def39cdeb259c,f2f1730701058386,202,180,14017,141.167354,56.262974,244.460424,exact-5b33003a9284,near-1f864a29eafe,quarantine,"MISSING_PROVENANCE:subject_id,session_id,clip_id,device_id"
c44a256a1912e70106e1,train/images/17743469989753537.jpg,train,0,,,,,,,,d0af8058ce4e5c68923487244b9053b2998c3e3a4260c9d81d055db5deff88b8,f2f1732701058386,195,174,12983,143.442234,53.864611,228.869075,exact-7054d0451000,near-1f864a29eafe,quarantine,"MISSING_PROVENANCE:subject_id,session_id,clip_id,device_id"
28b62f8f27ec343e82b7,train/images/17743469990447104.jpg,train,0,,,,,,,,f418e55a4bb80216ab2d5aac3d2e8d078ef61a8235f82f14196aad163fc66314,f2f16323090f8384,199,177,13895,140.556511,57.778396,256.254176,exact-431688497f68,near-1f864a29eafe,quarantine,"MISSING_PROVENANCE:subject_id,session_id,clip_id,device_id"
f4327f098222d348a83e,train/images/17743469990750296.jpg,train,0,,,,,,,,311632899c4adc1f1e0073d25108f068645e1f3487c39b795bc8e81bd68e5cde,f2f1632309098386,197,175,13284,141.795301,57.548232,271.437531,exact-0d0c9bc37ae9,near-1f864a29eafe,quarantine,"MISSING_PROVENANCE:subject_id,session_id,clip_id,device_id"
058348024fb95672a137,train/images/1774346999104184.jpg,train,0,,,,,,,,bbadae30ae1486b60ec3915602ce37968e93e74aba5862247027461253a8786c,f2f1632309098386,191,170,13073,142.026640,56.279611,282.355461,exact-66c03337b22c,near-1f864a29eafe,quarantine,"MISSING_PROVENANCE:subject_id,session_id,clip_id,device_id"
cbb7110b91a9370f192d,train/images/1774346999168719.jpg,train,0,,,,,,,,176db3e5ff63d42e0d38c6b221cf6f88021d1d4e4cd5ea0bcbe7b735695f3346,f3f163230d0d8386,187,166,12344,142.562013,55.687179,275.587112,exact-b695396d3070,near-1f864a29eafe,quarantine,"MISSING_PROVENANCE:subject_id,session_id,clip_id,device_id"
dec5c7f142289df820c9,train/images/17743469991994998.jpg,train,0,,,,,,,,76c77068acc0c2e4cb1c0a456443ca3cc50762691f9cb8ae07ca94f70fcabce2,f2f17303090d83c4,191,170,13251,140.121528,57.808966,300.462288,exact-c8f5600f3eb7,near-1f864a29eafe,quarantine,"MISSING_PROVENANCE:subject_id,session_id,clip_id,device_id"
2ef3449d335fd5b32709,train/images/17743469992378275.jpg,train,0,,,,,,,,61dbcd1224046bfe4758ddfe21f63fdeea7c91fa8f6034ad1ff26f03c3ca4255,f2f17317250583c4,190,169,13058,138.895889,58.198297,288.001036,exact-f1ee529ef491,near-1f864a29eafe,quarantine,"MISSING_PROVENANCE:subject_id,session_id,clip_id,device_id"
4cf835eee271adbecd1d,train/images/17743469993011615.jpg,train,0,,,,,,,,55a1ff1bcfef03a53e3eb7f95b4700d9e81d047825c5f8296ce85685c6d20c87,f3f1731725058386,176,157,11370,144.110235,53.539103,302.400736,exact-17c7f8a2457a,near-1f864a29eafe,quarantine,"MISSING_PROVENANCE:subject_id,session_id,clip_id,device_id"
4eeed85a72c6346b6afe,train/images/17743469993283265.jpg,train,0,,,,,,,,f551f297e9f1c381a652cbe07c1e0380961ba73fe3cfac0763ee7f46b4604779,f2f17327250d8386,176,157,11420,144.156377,54.482502,299.653836,exact-4091f2c5c45d,near-1f864a29eafe,quarantine,"MISSING_PROVENANCE:subject_id,session_id,clip_id,device_id"
9acdb53012b6fed5392f,train/images/17743469993611677.jpg,train,0,,,,,,,,0445700baede29a5802446ed15fc6b3391b34010a930d0ea69e319a4fa7a9ce4,f2e1632349098386,174,154,11227,147.442230,54.017102,287.141733,exact-1eb3da012cf9,near-1f864a29eafe,quarantine,"MISSING_PROVENANCE:subject_id,session_id,clip_id,device_id"
dbbf8e7e09f38256486c,train/images/17743469994101522.jpg,train,0,,,,,,,,4a1b0bd233892675a58183471664cd77c92a66b5c8b7f69d63e058387964031b,e2f173234d090386,166,147,10346,148.992787,52.803175,272.646072,exact-ee9c43424bb4,near-1f864a29eafe,quarantine,"MISSING_PROVENANCE:subject_id,session_id,clip_id,device_id"
fc9124088143415d3338,train/images/17743469994391837.jpg,train,0,,,,,,,,102aaa7ea0b3f7e4561324ae2d171d43e6857feea18be9473d099152d1724775,e2f16323490d0386,166,147,10565,148.322556,54.394186,290.171734,exact-8f08fb89c225,near-1f864a29eafe,quarantine,"MISSING_PROVENANCE:subject_id,session_id,clip_id,device_id"
b72f34bc6dab4fcd58aa,train/images/17743469995113523.jpg,train,0,,,,,,,,80b096fd6d014cd8a54a7c45498832cd2d7aef4115b8c0ae8c9f3e42a264f98c,e3f1632349090386,155,138,9146,153.192613,50.282486,282.217740,exact-9674b1f53ad3,near-1f864a29eafe,quarantine,"MISSING_PROVENANCE:subject_id,session_id,clip_id,device_id"
4c783ea20c97fbef577f,train/images/1774346999538334.jpg,train,0,,,,,,,,f3b92136d94320485b979fb07961091fcf6832cfa534ac85707444b893e245e6,e2f1632309090386,155,138,9120,153.044834,50.775507,292.094478,exact-ff231d4dee9c,near-1f864a29eafe,quarantine,"MISSING_PROVENANCE:subject_id,session_id,clip_id,device_id"
dec9129a3d55297f964e,train/images/17743469996031091.jpg,train,0,,,,,,,,8dae0a919d2191caaf9dbac631598bfb3d2fdc92b31fd73c8c6cbc823112ec6b,e1f173274d0d0386,153,136,8528,154.339677,50.813589,283.726594,exact-311ba2ed6a5b,near-1f864a29eafe,quarantine,"MISSING_PROVENANCE:subject_id,session_id,clip_id,device_id"
f3f90f1453d381d73743,train/images/17743469996643836.jpg,train,0,,,,,,,,3c00188b95780e6495868de1e119b5d2429db659c9ba38280a5ad994533c0afc,f2f173230d0d0386,156,139,9236,152.215320,53.983397,228.321587,exact-bce35ce6291b,near-1f864a29eafe,quarantine,"MISSING_PROVENANCE:subject_id,session_id,clip_id,device_id"
713e93effb684abb7c81,train/images/17743469996918645.jpg,train,0,,,,,,,,a1fcbc258035ed014e57a6852ad83e18c6e92d2ccfc7fa2c67946b54482fa1d9,f2f17327050d8386,157,140,9064,151.311328,54.910076,191.068512,exact-ea85b0d61253,near-1f864a29eafe,quarantine,"MISSING_PROVENANCE:subject_id,session_id,clip_id,device_id"
eb94d278af284ca46e8c,train/images/1774346999814307.jpg,train,0,,,,,,,,20d81b6666ed4e06499d50cf93156df041e8d6fdbdb450a605512b16c9193ef5,e0f163274d0d0386,149,133,8312,153.359994,52.132344,182.133940,exact-70c023a77b3a,near-1f864a29eafe,quarantine,"MISSING_PROVENANCE:subject_id,session_id,clip_id,device_id"
870f692caa521dad2c76,train/images/17743469998473508.jpg,train,0,,,,,,,,afb9e792fac76274af35336427fc82b5611c9b610d47beb79e94b66b2347ffdc,e1f1713545050183,137,122,7100,156.970205,47.077694,190.606207,exact-46ff18131a6d,near-46ff18131a6d,quarantine,"MISSING_PROVENANCE:subject_id,session_id,clip_id,device_id"
aff56542a7ec7567dd51,train/images/17743469999338396.jpg,train,0,,,,,,,,1afa15c1609117a3201135357b9ae727fc5b2884080cd9b96206b2a41e980071,e1f16327450d0386,139,123,7518,152.710534,51.513921,257.694142,exact-7e46d737fdca,near-1f864a29eafe,quarantine,"MISSING_PROVENANCE:subject_id,session_id,clip_id,device_id"
914b79feca392feba6c9,train/images/1774346999972733.jpg,train,0,,,,,,,,cb55921b0ec139231fea16f2b3008cd65aa475f595e37c4961080d8c702e4a15,e1717325450d0386,139,123,7690,150.678833,53.916862,272.596032,exact-6f52d3110a0e,near-1f864a29eafe,quarantine,"MISSING_PROVENANCE:subject_id,session_id,clip_id,device_id"
0a158e82c9ad42bc8184,train/images/17743470000063105.jpg,train,0,,,,,,,,1d36974f3eaeaed53be3a263e27be742271221d184cb497bede542cf1193d0ad,e1713335450d0186,132,117,7073,150.068829,53.170242,298.538985,exact-8ff9538e65e6,near-1f864a29eafe,quarantine,"MISSING_PROVENANCE:subject_id,session_id,clip_id,device_id"
45855ef89ec3bf0fc6a7,train/images/17743470000397146.jpg,train,0,,,,,,,,198d36445ae49ad6537aee29d421f99d4815385a1f43e06ddeb4214c472d0e05,f1713315050d83c6,136,121,7556,145.967307,57.171120,329.498392,exact-f1294f35f198,near-1f864a29eafe,quarantine,"MISSING_PROVENANCE:subject_id,session_id,clip_id,device_id"
b7447f4a36761f662107,train/images/1774347000068751.jpg,train,0,,,,,,,,3b09811ab851b4c515c488928a860804acfe2da17b1be1a1ff2669be33990e5a,f1713315050d8386,135,120,7316,147.594691,57.243376,335.500740,exact-f76cb816b3f7,near-1f864a29eafe,quarantine,"MISSING_PROVENANCE:subject_id,session_id,clip_id,device_id"
dea91990a9dfa5a368ff,train/images/1774347000095236.jpg,train,0,,,,,,,,3bd330df801d0d5bd7082d7b5b56c27581f5c2395646855cf11f735cc2367d0a,f1717315250d83c6,136,121,7570,147.877978,58.372170,342.205260,exact-15310fd04ea6,near-1f864a29eafe,quarantine,"MISSING_PROVENANCE:subject_id,session_id,clip_id,device_id"
5109113c767c12433558,train/images/17743470001584175.jpg,train,0,,,,,,,,e85780b0c10a80908320e933dabbbd2293683f881be8cccf8bb1dd2395f75b57,f1717315050d8386,132,117,7283,147.492748,57.618874,302.390411,exact-84ebd46efa45,near-1f864a29eafe,quarantine,"MISSING_PROVENANCE:subject_id,session_id,clip_id,device_id"
4931d14f9c6617657eed,train/images/177434700020955.jpg,train,0,,,,,,,,fc6f04d9f7ab39be615b145436806469207889ed1bea97d7cd7ab8be052dd884,f1717315050d8386,133,118,7138,148.059704,58.032721,271.783244,exact-7ab74ac64fd9,near-1f864a29eafe,quarantine,"MISSING_PROVENANCE:subject_id,session_id,clip_id,device_id"
8e90658aa570bac46e7c,train/images/17743470002448285.jpg,train,0,,,,,,,,b880b90440cdc21333736dbb689b724e50f59254295205725604d0e7f212784b,f0e07117250d8386,135,120,7183,151.564321,58.483254,253.567137,exact-b51e45a12fba,near-f63ef2f92563,quarantine,"MISSING_PROVENANCE:subject_id,session_id,clip_id,device_id"
4fa7e1463da2e2d65b20,train/images/17743470002741003.jpg,train,0,,,,,,,,302e1b4264805b0952ed319feb6047ed80effc18ddc0d786e67e074c83ce9218,f0713317050d83c4,133,118,7264,144.963362,59.553798,253.243437,exact-6a27eece1c16,near-1f864a29eafe,quarantine,"MISSING_PROVENANCE:subject_id,session_id,clip_id,device_id"
65a75746c301d11c516a,train/images/17743470003073022.jpg,train,0,,,,,,,,ced1b601cc6f4d0e7f9d82c4def6c42cbba9d97c961928d51f24565f85994d1a,f0713317050d83c4,130,116,7116,145.883621,58.693470,265.519725,exact-0f8e631d28e2,near-1f864a29eafe,quarantine,"MISSING_PROVENANCE:subject_id,session_id,clip_id,device_id"
e28e2eb6d7a830d6a74a,train/images/17743470004046736.jpg,train,0,,,,,,,,a3ae0e749e300f7fb8f630c955a78b0b8b8981ef0e278c89522de0c27b547fbd,e2f173230b0b0384,125,111,6369,148.199135,57.651426,282.681583,exact-731d65cdd441,near-1f864a29eafe,quarantine,"MISSING_PROVENANCE:subject_id,session_id,clip_id,device_id"
70c28f6f873410f38eab,train/images/1774347000432033.jpg,train,0,,,,,,,,c4a468c647635ae477b4ce5dffccc02bc6bdd74fc165decbdb48f03689637c23,e3f1732709090386,120,106,5899,152.250393,53.693187,242.934975,exact-c73c63198a13,near-1f864a29eafe,quarantine,"MISSING_PROVENANCE:subject_id,session_id,clip_id,device_id"
70b5093804a68f78b312,train/images/17743470004964132.jpg,train,0,,,,,,,,948356da34b8ade7fb19f39cc1aa42b14f5b6fc18c5697a095ac457a1661c30b,f1f17317050783c4,128,114,6702,150.931127,60.775151,227.433210,exact-477e2d131521,near-1f864a29eafe,quarantine,"MISSING_PROVENANCE:subject_id,session_id,clip_id,device_id"
e774cd25177c3f16f3d8,train/images/1774347000554243.jpg,train,0,,,,,,,,11f3610420a6fa5a2ce60f9c25583ca4cc75537e0da5ed3294e192a3cd097998,e1f9531125250182,112,99,5087,154.541126,51.238203,197.132224,exact-596d0c702ba6,near-596d0c702ba6,quarantine,"MISSING_PROVENANCE:subject_id,session_id,clip_id,device_id"
292c984e42cdc944497f,train/images/17743470005891647.jpg,train,0,,,,,,,,6803ea6820738ffc1f22ccceaac57acfa68816f5762a08550fe2c35c3d393d60,f1f97b1125058183,114,102,5357,156.254214,52.314574,203.760736,exact-4e5bed64bd04,near-1f864a29eafe,quarantine,"MISSING_PROVENANCE:subject_id,session_id,clip_id,device_id"
49ee7cf6fd0f5c4a0c45,train/images/17743470006216657.jpg,train,0,,,,,,,,6803ea6820738ffc1f22ccceaac57acfa68816f5762a08550fe2c35c3d393d60,f1f97b1125058183,114,102,5357,156.254214,52.314574,203.760736,exact-4e5bed64bd04,near-1f864a29eafe,quarantine,"MISSING_PROVENANCE:subject_id,session_id,clip_id,device_id"
bda6963937328358af40,train/images/17743470006480396.jpg,train,0,,,,,,,,96daf0a574949538f0a0677665473d99e066490f78c630bd043f102c4be1e389,f0f1531125058186,117,104,5516,155.524737,54.472615,200.372749,exact-8b1fbeee2ea2,near-1f864a29eafe,quarantine,"MISSING_PROVENANCE:subject_id,session_id,clip_id,device_id"
258f6e91b7b1038f05df,train/images/1774347000680607.jpg,train,0,,,,,,,,714c990a4695323224a53ff165f14fdb34013205231154c172ad1dcaa3956eb9,f3f07913050583c2,130,116,6946,159.562798,60.928080,219.503331,exact-495afe547bef,near-495afe547bef,quarantine,"MISSING_PROVENANCE:subject_id,session_id,clip_id,device_id"
028f0e7c680aa75c750a,train/images/1774347000710796.jpg,train,0,,,,,,,,4e22485fe0a3631397f18eb354ff7a9476853a5fe1af99128a297af0ac6adef5,f0f1731125058182,120,106,5954,157.546934,56.273972,236.828498,exact-05fb3c9a7f20,near-1f864a29eafe,quarantine,"MISSING_PROVENANCE:subject_id,session_id,clip_id,device_id"
cf5ee30e3a328f73d2ad,train/images/17743470007435608.jpg,train,0,,,,,,,,6a159594a26a099664de56ac65fdb6c3cf974820e0d98cd4e53818349a9c9e2f,f2f1731325058386,122,109,6089,158.658821,56.898203,205.091657,exact-48f31b127dde,near-1f864a29eafe,quarantine,"MISSING_PROVENANCE:subject_id,session_id,clip_id,device_id"
1ca73ac575462b206358,train/images/17743470007778232.jpg,train,0,,,,,,,,20da2c840b72b6e540210b2d49d84ca2bd04108b80e896d48b81594f2046a05c,f1f1731525058186,117,104,5485,157.397436,54.110690,194.938458,exact-75abf1771c0d,near-1f864a29eafe,quarantine,"MISSING_PROVENANCE:subject_id,session_id,clip_id,device_id"
5e831b00d038a5421cc6,train/images/17743470008380404.jpg,train,0,,,,,,,,4a05444145849d5411f252b36d16f8a7190c0f92455a5ae39c1cef659565ca7a,f1e17111250581c3,118,105,5527,158.949395,52.499960,168.014068,exact-c27484c70871,near-87acd5d264e3,quarantine,"MISSING_PROVENANCE:subject_id,session_id,clip_id,device_id"
fa50adfa3ecfd2096dff,train/images/17743470008683746.jpg,train,0,,,,,,,,4c0382c4bf26e5c80ea39c1c07b58576280756a81e957c4b306ba48286a7c208,f1e1711305258386,125,111,5802,161.050378,54.349859,149.544560,exact-1e61da9318ad,near-87acd5d264e3,quarantine,"MISSING_PROVENANCE:subject_id,session_id,clip_id,device_id"
d173930cb3b470ebe786,train/images/1774347000902339.jpg,train,0,,,,,,,,7764da21151c33b299c68e1be0fca432f0b46edd19ed8ecf8d10b20361be8235,f1e1711105258187,120,106,5486,160.881368,49.710111,145.086841,exact-51e681141116,near-87acd5d264e3,quarantine,"MISSING_PROVENANCE:subject_id,session_id,clip_id,device_id"
6511e0bd567684d8ac69,train/images/17743470015029237.jpg,train,0,,,,,,,,9eaf08a340ce71ace20843fa0dc6834a456cb2e3284b71b71f2e866d3e02e0f4,e2e17313050583c6,140,124,7008,153.164574,57.748149,118.809978,exact-8012472a35fd,near-1f864a29eafe,quarantine,"MISSING_PROVENANCE:subject_id,session_id,clip_id,device_id"
e50a667563cbacc7015a,train/images/17743470015382438.jpg,train,0,,,,,,,,7b43091262e11c8e4e1264e9710e8c7d13142401697c5aaaf30eb08d2e7c32ce,e0e17313150381c6,133,118,6362,149.648847,56.231752,116.177702,exact-6fb4775fed72,near-c3148762e5c4,quarantine,"MISSING_PROVENANCE:subject_id,session_id,clip_id,device_id"
ef4420a7690163d482ba,train/images/17743470015701478.jpg,train,0,,,,,,,,72c70a56e92ac6d368621257ddfaa04373797d771c2df5af1c1d09a14b51d928,e0e37313150383c6,135,120,6367,148.363086,57.957643,122.779808,exact-2ae7ffb0ec4d,near-c3148762e5c4,quarantine,"MISSING_PROVENANCE:subject_id,session_id,clip_id,device_id"
677d979da544826e8aba,train/images/17743470016043215.jpg,train,0,,,,,,,,93547db08c5db47f598764c6aaf004a4e37c4088e52adb6b85805e7529c2e0ee,e2e35213178383c0,144,128,6857,147.650336,60.940318,141.343693,exact-46b724b2f85d,near-46b724b2f85d,quarantine,"MISSING_PROVENANCE:subject_id,session_id,clip_id,device_id"
16f56e488d6e2e8b5057,train/images/17743470016324363.jpg,train,0,,,,,,,,02729351fc2c0137714b070062ec93146eebf2761d3f192c88e9337cbf734aaf,e1f3d21337038384,133,118,6406,148.638779,55.889752,136.521625,exact-9e2d999a438d,near-35a3899d148e,quarantine,"MISSING_PROVENANCE:subject_id,session_id,clip_id,device_id"
8e3beae442f894da7450,train/images/17743470016680055.jpg,train,0,,,,,,,,95ac2604f3032db4db48f9db026941c40f6155a327fd1a068e556babf3629ae5,e1c3da1317038384,136,121,6775,150.994835,55.432713,153.835661,exact-67a375e4ddcd,near-35a3899d148e,quarantine,"MISSING_PROVENANCE:subject_id,session_id,clip_id,device_id"
d71e730aa1fae468a319,train/images/17743470017013805.jpg,train,0,,,,,,,,f9c844afd1e0a8a19894847b15d9ce8bcc07df812c2b95d6cee555fef6d8c735,e1dbca0bb3138384,133,118,6455,146.592838,54.927700,143.964376,exact-1e797595727a,near-1e797595727a,quarantine,"MISSING_PROVENANCE:subject_id,session_id,clip_id,device_id"
f122d838523db1356dce,train/images/17743470017602873.jpg,train,0,,,,,,,,43eab5ee056832e3507eb35efcd5a496900bb9cfe683b4762ef30b4a256db0f6,e1daca0bb30183c0,136,121,6620,141.195430,55.797265,132.604792,exact-c649b15e7691,near-602f4af33f5c,quarantine,"MISSING_PROVENANCE:subject_id,session_id,clip_id,device_id"
835dc16a15008198dbb4,train/images/17743470018237808.jpg,train,0,,,,,,,,44b70b7e368cd79e322843e08002e36286fe9c7c18bdabccd9a1d943fa42a986,e1d3820397038384,141,126,6843,143.137791,54.319973,131.735550,exact-8bcefa497af2,near-8bcefa497af2,quarantine,"MISSING_PROVENANCE:subject_id,session_id,clip_id,device_id"
d6fa823e974eb39811a3,train/images/17743470018577614.jpg,train,0,,,,,,,,cdbf4401e1933a4a42742b9f77dd3a36c488a25abf10c8c0e4e892c8e69044a8,e1dbca0b13038182,136,121,6423,141.361509,52.017840,121.021992,exact-a8df22703036,near-602f4af33f5c,quarantine,"MISSING_PROVENANCE:subject_id,session_id,clip_id,device_id"
cee7057a406cd3b1eee2,train/images/1774347001941837.jpg,train,0,,,,,,,,1ae79d94d447021395acddd58383f18edba3e1d9debb3ada74943f246d0a3f05,c1da8a0b93030182,133,118,6078,139.219447,48.690224,115.336137,exact-e830a0d7d5f3,near-e830a0d7d5f3,quarantine,"MISSING_PROVENANCE:subject_id,session_id,clip_id,device_id"
0b377fbb81f0b71b6e2b,train/images/17743470019725766.jpg,train,0,,,,,,,,8eb4880176f7b2a455aa65711707fe631b3f75d0e02658f35088a15a6277363e,e1dbca0b13038182,136,121,6231,135.999514,49.552135,102.589194,exact-2163909115c0,near-602f4af33f5c,quarantine,"MISSING_PROVENANCE:subject_id,session_id,clip_id,device_id"
3929c0a3aed813fc9ba2,train/images/17743470020057156.jpg,train,0,,,,,,,,169cf4fb430935333be5b877a7c56ed8038c5105621536ec84814e4ae1a75df6,e1daca0b13038380,139,123,6571,130.560040,51.742685,108.103373,exact-956b130106fb,near-602f4af33f5c,quarantine,"MISSING_PROVENANCE:subject_id,session_id,clip_id,device_id"
32c122681c3ec77e3507,train/images/17743470020361369.jpg,train,0,,,,,,,,2352069dae3427cb5001fcb9a2d93d205abb60797228fe6e6b11b00219726184,e3d2c30317038380,143,127,6738,127.921480,52.843526,111.382842,exact-a9ffbdf317b2,near-a9ffbdf317b2,quarantine,"MISSING_PROVENANCE:subject_id,session_id,clip_id,device_id"
c3a64f7db4b1884fac6b,train/images/17743470021951053.jpg,train,0,,,,,,,,719aa7b84ae31f13bb77569eff5ae469114f1509ba6853eb8a2969b08d0760da,e3d24a0b13838384,140,124,6995,158.192512,50.042850,128.590091,exact-0651ee70db05,near-602f4af33f5c,quarantine,"MISSING_PROVENANCE:subject_id,session_id,clip_id,device_id"
8244956f2a89e8a5049f,train/images/17743470022553852.jpg,train,0,,,,,,,,c2ef878e9b4058b66ff7616f97abaa75b883c3f80b76ca9a8a0568ddd61b1b30,c3ca0b0b130182c0,136,121,6935,173.846804,51.470005,135.844682,exact-a2258ffaf9a1,near-a2258ffaf9a1,quarantine,"MISSING_PROVENANCE:subject_id,session_id,clip_id,device_id"
7949cffaab9736d9c703,train/images/17743470022862098.jpg,train,0,,,,,,,,dc84d8a036fa51ab3fe928f7edad67f2d7ad51f81bd0d702d6c1b5c848bbcde7,c3c20b0313018384,136,121,6827,178.905688,46.716737,120.805311,exact-09d5c5c0c4a7,near-09d5c5c0c4a7,quarantine,"MISSING_PROVENANCE:subject_id,session_id,clip_id,device_id"
e66b4c66a938b58440f6,train/images/17743470023387108.jpg,train,0,,,,,,,,570417f2adb088331036b819edb25afbdddac8e519677f9b424042e902eb0fd0,c2d2030337030384,133,118,6598,184.910157,41.447067,119.697245,exact-3a481e728390,near-3a481e728390,quarantine,"MISSING_PROVENANCE:subject_id,session_id,clip_id,device_id"
3d9c3dc7a76d90c5f829,train/images/177434700243204.jpg,train,0,,,,,,,,0edeac31bea60072df6e0b6afb7071b65ebd8a2d3bddf8b49f805000b76e4957,e3fa4b0b13030386,148,132,8117,186.212224,44.530526,129.638598,exact-aded40e220d2,near-aded40e220d2,quarantine,"MISSING_PROVENANCE:subject_id,session_id,clip_id,device_id"
87f9c87c14cf40f0b29b,train/images/1774347002555556.jpg,train,0,,,,,,,,eeab1967fbcf6e3394188bff7f12f58efff43052cb78cd2efd2f64e8b401abff,e1530b0b13030302,147,130,8082,186.412768,42.005429,135.930230,exact-3b2643ce9139,near-3b2643ce9139,quarantine,"MISSING_PROVENANCE:subject_id,session_id,clip_id,device_id"
8dc21c60514229f806ec,train/images/17743470027096932.jpg,train,0,,,,,,,,31a1245e1682bc1a7c42ab485dac9b1a0746af6a1f3556a558d77dfad7651d9c,614b0b0307030684,159,141,7420,195.058611,44.967332,84.824706,exact-b0459094437e,near-b0459094437e,quarantine,"MISSING_PROVENANCE:subject_id,session_id,clip_id,device_id"
8b93d1d34a23b172da7d,train/images/17743470027402933.jpg,train,0,,,,,,,,31a1245e1682bc1a7c42ab485dac9b1a0746af6a1f3556a558d77dfad7651d9c,614b0b0307030684,159,141,7420,195.058611,44.967332,84.824706,exact-b0459094437e,near-b0459094437e,quarantine,"MISSING_PROVENANCE:subject_id,session_id,clip_id,device_id"
a9384a43b82542c3e830,train/images/17743470035996385.jpg,train,0,,,,,,,,f2bb9a6209066e04f2370dd596960af481af6d2065d29e265a9b3862450d90a2,e34905011101018a,199,177,9477,228.557306,41.895647,51.473787,exact-da04c999d1e7,near-da04c999d1e7,quarantine,"MISSING_PROVENANCE:subject_id,session_id,clip_id,device_id"
76bf7ac90a843daff044,train/images/17743470036554348.jpg,train,0,,,,,,,,64e213ab3b8f681beaf7c43a57a1b73df001ba98f205184ba70516748149883c,c31909112703038a,195,174,10133,226.085765,43.451694,74.360978,exact-4e3f2b4c612b,near-4e3f2b4c612b,quarantine,"MISSING_PROVENANCE:subject_id,session_id,clip_id,device_id"
4698758939059db2f936,train/images/17743470036992238.jpg,train,0,,,,,,,,d7b1becab2869580105a983b682b1319edb9d2203418f097fdfe45d9e1f8e896,c313111125250306,193,171,9586,229.990728,38.384852,66.661117,exact-020d79dafbac,near-020d79dafbac,quarantine,"MISSING_PROVENANCE:subject_id,session_id,clip_id,device_id"
6689c94c63e53fed88e9,train/images/17743470037344024.jpg,train,0,,,,,,,,d7b1becab2869580105a983b682b1319edb9d2203418f097fdfe45d9e1f8e896,c313111125250306,193,171,9586,229.990728,38.384852,66.661117,exact-020d79dafbac,near-020d79dafbac,quarantine,"MISSING_PROVENANCE:subject_id,session_id,clip_id,device_id"
f21791ebdb60fcc39ab1,train/images/17743470037639644.jpg,train,0,,,,,,,,7ced78909b298470d8af4518fa7c5bfb0b0eecfa7594e684db1db5bbe17e5db2,6343110121010382,210,187,10246,230.558849,40.595830,43.217844,exact-ec11f26d671b,near-ec11f26d671b,quarantine,"MISSING_PROVENANCE:subject_id,session_id,clip_id,device_id"
25e55a78282fbfb7a44c,train/images/17743470040393224.jpg,train,0,,,,,,,,e7731d3e3438db08f019057c44232b13cb1af151a2eb0690dee1ffdbe0be16d3,0333131107258183,241,214,12886,233.648815,38.894234,47.902815,exact-fcd9a3a42fe9,near-fcd9a3a42fe9,quarantine,"MISSING_PROVENANCE:subject_id,session_id,clip_id,device_id"
7d79d415b3f3940148a4,train/images/17743470040755339.jpg,train,0,,,,,,,,e7731d3e3438db08f019057c44232b13cb1af151a2eb0690dee1ffdbe0be16d3,0333131107258183,241,214,12886,233.648815,38.894234,47.902815,exact-fcd9a3a42fe9,near-fcd9a3a42fe9,quarantine,"MISSING_PROVENANCE:subject_id,session_id,clip_id,device_id"
6a58dd2e336c287bc4be,train/images/1774347004099587.jpg,train,0,,,,,,,,4be7f0ec3bb4512ea51d11930eae7355c6170d72af19184dcaa2ccccbac7fe3b,0713130525250186,225,200,10780,236.106422,36.231108,43.224353,exact-fe50d51a3763,near-fe50d51a3763,quarantine,"MISSING_PROVENANCE:subject_id,session_id,clip_id,device_id"
ea7b7785920887ad159d,train/images/17743470041326904.jpg,train,0,,,,,,,,4be7f0ec3bb4512ea51d11930eae7355c6170d72af19184dcaa2ccccbac7fe3b,0713130525250186,225,200,10780,236.106422,36.231108,43.224353,exact-fe50d51a3763,near-fe50d51a3763,quarantine,"MISSING_PROVENANCE:subject_id,session_id,clip_id,device_id"
d342f5537e62f0c08305,train/images/17743470044283466.jpg,train,0,,,,,,,,6c646a3932e250210ed5af1f27a32e02471128c539d55555989ca475798a5dc1,e373131125058386,224,199,12788,223.950803,42.209902,69.885893,exact-15fc69ef1bc3,near-15fc69ef1bc3,quarantine,"MISSING_PROVENANCE:subject_id,session_id,clip_id,device_id"
7d531ede264a3ebc840b,train/images/17743470044642055.jpg,train,0,,,,,,,,6c646a3932e250210ed5af1f27a32e02471128c539d55555989ca475798a5dc1,e373131125058386,224,199,12788,223.950803,42.209902,69.885893,exact-15fc69ef1bc3,near-15fc69ef1bc3,quarantine,"MISSING_PROVENANCE:subject_id,session_id,clip_id,device_id"
6a491ae05e0efbdb7fb5,train/images/17743470044956262.jpg,train,0,,,,,,,,64c7e0de7d47e0c3d9f9b4601577e0c5f032644d0fcd7faf2fe882955b263c61,c37b19112525038e,214,190,12452,223.277718,43.335720,116.370741,exact-c0bfde62b169,near-e395a68b9817,quarantine,"MISSING_PROVENANCE:subject_id,session_id,clip_id,device_id"
3843fd6935c2d089fe42,train/images/1774347004559425.jpg,train,0,,,,,,,,bdf42694bf7c94e37b7e484f09c30eb5061d2fa26e358139d06e9ba2faec6fbf,c3f319112727038e,206,183,11550,225.719534,40.939624,129.077473,exact-7a6f8a3c7e1b,near-e395a68b9817,quarantine,"MISSING_PROVENANCE:subject_id,session_id,clip_id,device_id"
50d423e34d341a8904b1,train/images/17743470046275158.jpg,train,0,,,,,,,,6c99018fcf3be38fefab6e1e9afcd7248eb0ca4c7a1cae25aea2858359c94f11,c3d311112505038e,210,187,11901,226.267787,40.479289,120.296944,exact-1ea97d9a8268,near-1ea97d9a8268,quarantine,"MISSING_PROVENANCE:subject_id,session_id,clip_id,device_id"
bb76b9f3b08dbc9f3483,train/images/17743470046539433.jpg,train,0,,,,,,,,6c99018fcf3be38fefab6e1e9afcd7248eb0ca4c7a1cae25aea2858359c94f11,c3d311112505038e,210,187,11901,226.267787,40.479289,120.296944,exact-1ea97d9a8268,near-1ea97d9a8268,quarantine,"MISSING_PROVENANCE:subject_id,session_id,clip_id,device_id"
e4aab1fdd9193c66eff4,train/images/17743470046886163.jpg,train,0,,,,,,,,d941ca92b35ecff08638a0f9bfdfbe4f7adc284a722db3e78a4c915dfebad879,60e1cb0b130b0582,233,207,12774,226.878211,37.940459,67.039135,exact-bb1ec7132acb,near-bb1ec7132acb,quarantine,"MISSING_PROVENANCE:subject_id,session_id,clip_id,device_id"
95970d49dd982ecb64fd,train/images/17743470047475107.jpg,train,0,,,,,,,,d941ca92b35ecff08638a0f9bfdfbe4f7adc284a722db3e78a4c915dfebad879,60e1cb0b130b0582,233,207,12774,226.878211,37.940459,67.039135,exact-bb1ec7132acb,near-bb1ec7132acb,quarantine,"MISSING_PROVENANCE:subject_id,session_id,clip_id,device_id"
f78174a87e5f31b588c8,train/images/17743470048064885.jpg,train,0,,,,,,,,bdb3f3205bad61c165e9d91c0be7be66a68a5fbf4b9886abc7c7f72e84f0cb45,e0d98b0bb3130903,225,200,11810,226.530556,40.465926,59.456274,exact-03ee4adbc2d1,near-03ee4adbc2d1,quarantine,"MISSING_PROVENANCE:subject_id,session_id,clip_id,device_id"
4b4409346d96ed4ae629,train/images/17743470048383367.jpg,train,0,,,,,,,,e082e85eaa56744161cffb2a741d55df7f98adcc332d32c286737cbbfe96b13e,e0db8b1333130382,237,211,13635,224.645810,43.961071,62.028817,exact-56cdaa5fa0e4,near-56cdaa5fa0e4,quarantine,"MISSING_PROVENANCE:subject_id,session_id,clip_id,device_id"
59740b51266c939ff44a,train/images/17743470048662388.jpg,train,0,,,,,,,,e082e85eaa56744161cffb2a741d55df7f98adcc332d32c286737cbbfe96b13e,e0db8b1333130382,237,211,13635,224.645810,43.961071,62.028817,exact-56cdaa5fa0e4,near-56cdaa5fa0e4,quarantine,"MISSING_PROVENANCE:subject_id,session_id,clip_id,device_id"
149d444cc4769236d4db,train/images/17743470048969264.jpg,train,0,,,,,,,,13eee9654fc8e2effd5c2b78c5af3bc848bd57259073ce14f22b8de8c7b4bde9,e1f39b1337330386,237,211,14152,224.736197,43.908427,80.269684,exact-c6bb15225eca,near-c6bb15225eca,quarantine,"MISSING_PROVENANCE:subject_id,session_id,clip_id,device_id"
84e251e02f073e522203,train/images/17743470049881966.jpg,train,0,,,,,,,,fe3e05de1e95279ce640f640cc8d695085dc79dff59a91412e0388561dd8818d,e1f3131325230386,234,208,13510,223.457738,44.890192,84.730715,exact-2df86060e56e,near-5a76d000a634,quarantine,"MISSING_PROVENANCE:subject_id,session_id,clip_id,device_id"
b7eed383e3496e344b10,train/images/17743470050514894.jpg,train,0,,,,,,,,dbeba3995451c48c6a9f065921c1ff23fde2e43118e70dbc359cbe73a6be4382,e1f313132527838e,236,210,13949,223.085734,43.854115,67.876391,exact-7ba25437383a,near-5a76d000a634,quarantine,"MISSING_PROVENANCE:subject_id,session_id,clip_id,device_id"
c30493efffb1bffcd683,train/images/17743470051165247.jpg,train,0,,,,,,,,e941b33801173e2c816e15e7bd41a032dc845a9492e0a619df1b6202ef23d06c,e0f3632325058b8e,233,207,13033,223.010595,42.092897,67.179281,exact-867f52bc9662,near-867f52bc9662,quarantine,"MISSING_PROVENANCE:subject_id,session_id,clip_id,device_id"
c0209a7d1072e9bf48d4,train/images/17743470051427062.jpg,train,0,,,,,,,,e941b33801173e2c816e15e7bd41a032dc845a9492e0a619df1b6202ef23d06c,e0f3632325058b8e,233,207,13033,223.010595,42.092897,67.179281,exact-867f52bc9662,near-867f52bc9662,quarantine,"MISSING_PROVENANCE:subject_id,session_id,clip_id,device_id"
59b9ee8288fc205bd92c,train/images/17743470052995694.jpg,train,0,,,,,,,,209827e20182634924a75cae67c179652caa9a72a497c3054bfaafee06715389,61e36329490d099e,213,189,10854,235.995380,32.521151,73.638698,exact-b458944d9ec4,near-b458944d9ec4,quarantine,"MISSING_PROVENANCE:subject_id,session_id,clip_id,device_id"
89ee6f0badb340e8e46a,train/images/1774347005385781.jpg,train,0,,,,,,,,2ccc0e71e62ecc0b4ec94642e00bb8b32d195e5d89153951f339ebdb2f38ed92,60636329490d038e,211,188,10642,233.172759,32.956760,67.911831,exact-a2b5a7b1f555,near-1f864a29eafe,quarantine,"MISSING_PROVENANCE:subject_id,session_id,clip_id,device_id"
4b54e71e2893b5df5207,train/images/17743470054281316.jpg,train,0,,,,,,,,dced35a2f11315d62e5b9c32498f005366200a766dca4ae4dda91d8714932cbe,20e363234d0d0587,209,186,10573,232.449401,33.123627,74.618458,exact-6cdf75397261,near-6cdf75397261,quarantine,"MISSING_PROVENANCE:subject_id,session_id,clip_id,device_id"
f21b7a2cc838d9ab0ed4,train/images/1774347005450295.jpg,train,0,,,,,,,,dced35a2f11315d62e5b9c32498f005366200a766dca4ae4dda91d8714932cbe,20e363234d0d0587,209,186,10573,232.449401,33.123627,74.618458,exact-6cdf75397261,near-6cdf75397261,quarantine,"MISSING_PROVENANCE:subject_id,session_id,clip_id,device_id"
22f36c0a5678593d07d8,train/images/17743470054881148.jpg,train,0,,,,,,,,c4d80985425cf2732dce3daa5776778763aa946a527124f90d0b70caa137d0d2,606363234909178e,211,188,11024,229.392357,35.338267,69.054012,exact-9a646a96fa9b,near-9a646a96fa9b,quarantine,"MISSING_PROVENANCE:subject_id,session_id,clip_id,device_id"
90683114b06280924b9c,train/images/17743470055105023.jpg,train,0,,,,,,,,c4d80985425cf2732dce3daa5776778763aa946a527124f90d0b70caa137d0d2,606363234909178e,211,188,11024,229.392357,35.338267,69.054012,exact-9a646a96fa9b,near-9a646a96fa9b,quarantine,"MISSING_PROVENANCE:subject_id,session_id,clip_id,device_id"
9fdb31bfd08e0a5822ab,train/images/17743470055407333.jpg,train,0,,,,,,,,c4d80985425cf2732dce3daa5776778763aa946a527124f90d0b70caa137d0d2,606363234909178e,211,188,11024,229.392357,35.338267,69.054012,exact-9a646a96fa9b,near-9a646a96fa9b,quarantine,"MISSING_PROVENANCE:subject_id,session_id,clip_id,device_id"
1ae2eb8d41e6c1be706e,train/images/17743470055710394.jpg,train,0,,,,,,,,ec6c2bb024b95a246ea130477b832cbe3163c1ffa082ed0b823dbeb6631199bf,606363234d0d0386,207,184,11053,226.661494,38.179356,94.908456,exact-26c5e1ba181a,near-1f864a29eafe,quarantine,"MISSING_PROVENANCE:subject_id,session_id,clip_id,device_id"
f70e2a7199595c4e08e3,train/images/17743470056398103.jpg,train,0,,,,,,,,c8eb4074afab7fa3ba404c02e23f92dcf725c60c983b97ba8b653f66f0c3bbb0,60e363214d0d038e,202,180,10597,228.478988,36.784829,85.028668,exact-f85d9d5fd739,near-1f864a29eafe,quarantine,"MISSING_PROVENANCE:subject_id,session_id,clip_id,device_id"
ba55ad1fbfe02964709b,train/images/17743470056722198.jpg,train,0,,,,,,,,c8eb4074afab7fa3ba404c02e23f92dcf725c60c983b97ba8b653f66f0c3bbb0,60e363214d0d038e,202,180,10597,228.478988,36.784829,85.028668,exact-f85d9d5fd739,near-1f864a29eafe,quarantine,"MISSING_PROVENANCE:subject_id,session_id,clip_id,device_id"
30b190f43d3d2333a6cc,train/images/17743470057053978.jpg,train,0,,,,,,,,094eb850f108f7c8f3cd1b7a2a5ed0f07bd668fe9bf3ef57f4edff09b2fa236d,61e363234d0d83c4,213,189,10964,228.914673,37.237478,65.837434,exact-31d8edb99534,near-cfad0a67c103,quarantine,"MISSING_PROVENANCE:subject_id,session_id,clip_id,device_id"
884d271927f96372b05f,train/images/17743470057604926.jpg,train,0,,,,,,,,1e9ea59cd5257f7b9deee5c5a2466e61d99331e5e5b6fd32f36832d695a951bf,e26323214d050b86,198,176,8733,234.825270,31.527485,54.187867,exact-d948b6bc2a79,near-d948b6bc2a79,quarantine,"MISSING_PROVENANCE:subject_id,session_id,clip_id,device_id"
40bbd5455510ebc6077a,train/images/17743470058284209.jpg,train,0,,,,,,,,bd6da772f7963b556e56c0b48ccf426851d5afcc0bff482fa1b6ebd9dfe233c2,426323214d450187,189,168,7461,239.125315,26.650194,50.634825,exact-9e12fe7a4708,near-9e12fe7a4708,quarantine,"MISSING_PROVENANCE:subject_id,session_id,clip_id,device_id"
7c397da52024cedee8dd,train/images/1774347005851453.jpg,train,0,,,,,,,,bd6da772f7963b556e56c0b48ccf426851d5afcc0bff482fa1b6ebd9dfe233c2,426323214d450187,189,168,7461,239.125315,26.650194,50.634825,exact-9e12fe7a4708,near-9e12fe7a4708,quarantine,"MISSING_PROVENANCE:subject_id,session_id,clip_id,device_id"
e042977c44015c6d8290,train/images/17743470058899064.jpg,train,0,,,,,,,,2c57ee14a6c6ee40295bbe56ef45736b7bbab1edd62197cecc62708097a53f00,213331110c050187,190,169,7658,240.043476,25.443150,65.436824,exact-8030a3c47777,near-8030a3c47777,quarantine,"MISSING_PROVENANCE:subject_id,session_id,clip_id,device_id"
514dda47269d727be64d,train/images/17743470059116952.jpg,train,0,,,,,,,,2c57ee14a6c6ee40295bbe56ef45736b7bbab1edd62197cecc62708097a53f00,213331110c050187,190,169,7658,240.043476,25.443150,65.436824,exact-8030a3c47777,near-8030a3c47777,quarantine,"MISSING_PROVENANCE:subject_id,session_id,clip_id,device_id"
867018743032ecd4be71,train/images/17743470059454284.jpg,train,0,,,,,,,,2c57ee14a6c6ee40295bbe56ef45736b7bbab1edd62197cecc62708097a53f00,213331110c050187,190,169,7658,240.043476,25.443150,65.436824,exact-8030a3c47777,near-8030a3c47777,quarantine,"MISSING_PROVENANCE:subject_id,session_id,clip_id,device_id"
7a36629350b9d239bcfd,train/images/17743470059731748.jpg,train,0,,,,,,,,fb97ec113a2074f9e1597f53fe85f5e8ea9feb5c8641206bae52cc94c4f9bcf4,f333212048050083,174,154,6052,242.904575,21.879246,57.895463,exact-9d7c1b1446a6,near-9d7c1b1446a6,quarantine,"MISSING_PROVENANCE:subject_id,session_id,clip_id,device_id"
5ed7fe27c3280d003a9d,train/images/17743470060022268.jpg,train,0,,,,,,,,fb97ec113a2074f9e1597f53fe85f5e8ea9feb5c8641206bae52cc94c4f9bcf4,f333212048050083,174,154,6052,242.904575,21.879246,57.895463,exact-9d7c1b1446a6,near-9d7c1b1446a6,quarantine,"MISSING_PROVENANCE:subject_id,session_id,clip_id,device_id"
1a9d3856be708efc9419,train/images/17743470063696587.jpg,train,0,,,,,,,,8a7cc74ae02ea257e521225416c7b51b2389d3f2363faf914202482a7fbf01d8,8253131165218583,187,166,6795,242.223504,24.058510,60.384756,exact-af5189afdee2,near-af5189afdee2,quarantine,"MISSING_PROVENANCE:subject_id,session_id,clip_id,device_id"
fccfac057b83df312616,train/images/17743470063947654.jpg,train,0,,,,,,,,8a7cc74ae02ea257e521225416c7b51b2389d3f2363faf914202482a7fbf01d8,8253131165218583,187,166,6795,242.223504,24.058510,60.384756,exact-af5189afdee2,near-af5189afdee2,quarantine,"MISSING_PROVENANCE:subject_id,session_id,clip_id,device_id"
b4dac8b05ddb23952766,train/images/17743470064720874.jpg,train,0,,,,,,,,366915ef83e02724b90c3f305376c35f01c328ec04fa9765a1d108cf07546ebb,4213110164218582,171,152,5745,241.037165,27.685785,73.271743,exact-274809c20b9a,near-274809c20b9a,quarantine,"MISSING_PROVENANCE:subject_id,session_id,clip_id,device_id"
e63c304966b10d139605,train/images/17743470066289508.jpg,train,0,,,,,,,,92082ca2386f6b369d8cc35ab3373f3657096036a25a352bd348e46ff1758f1e,42110b034d450580,174,154,6380,238.751269,30.483513,76.502594,exact-7c241469ae65,near-7c241469ae65,quarantine,"MISSING_PROVENANCE:subject_id,session_id,clip_id,device_id"
4b536f1a97125ede3a11,train/images/1774347006650604.jpg,train,0,,,,,,,,92082ca2386f6b369d8cc35ab3373f3657096036a25a352bd348e46ff1758f1e,42110b034d450580,174,154,6380,238.751269,30.483513,76.502594,exact-7c241469ae65,near-7c241469ae65,quarantine,"MISSING_PROVENANCE:subject_id,session_id,clip_id,device_id"
791fad15f94cf628409f,train/images/17743470189158943.jpg,train,0,,,,,,,,5f8a6508a311745f03f59779411b618b1857299d5bd9f6447fd316851e14fe78,a8468393c78f9cf0,135,120,6055,191.892469,54.990409,68.147687,exact-3ea77fc33926,near-947ebc1e7ca7,quarantine,"MISSING_PROVENANCE:subject_id,session_id,clip_id,device_id"
498c2d6f50df5c9df62e,train/images/17743470189484005.jpg,train,0,,,,,,,,524a80468bffa37ccd8b1707f980063756fdad9b87e239a3f06e4f45f03b66ae,a84483a3a3879e98,125,111,5053,195.099243,50.160393,51.846373,exact-2b8ae4541022,near-8072d156100c,quarantine,"MISSING_PROVENANCE:subject_id,session_id,clip_id,device_id"
a50e6dbc8abf299fdaae,train/images/17743470189812055.jpg,train,0,,,,,,,,46b24bde125ca09199b5571483bf1d5ff1cff7f1cdeed4a60ccd273c4ef92efc,a84683b383c79e9c,125,111,5009,192.808505,49.092432,47.579869,exact-22fc91dc876c,near-8072d156100c,quarantine,"MISSING_PROVENANCE:subject_id,session_id,clip_id,device_id"
073c2ee06453cdd71d86,train/images/17743470190371504.jpg,train,0,,,,,,,,0f043bdc9bd305ab619ccad3ccbb5340eb589488ab0fc04f9f3de2e1905cda2f,a864c393c3c79ed8,133,118,5762,186.408500,49.162135,44.827184,exact-8ec5f9f24992,near-dda1938b2c4e,quarantine,"MISSING_PROVENANCE:subject_id,session_id,clip_id,device_id"
f953322614737a334a17,train/images/17743470190742035.jpg,train,0,,,,,,,,df66599827b67981b6385fe1d5f06199c679884f150a4272380edc7fed0ac872,a84683b383879ed8,126,112,5100,183.559736,48.342400,49.395672,exact-e6c3b6f798b0,near-8072d156100c,quarantine,"MISSING_PROVENANCE:subject_id,session_id,clip_id,device_id"
52a73c7a58e21196d1df,train/images/177434701910981.jpg,train,0,,,,,,,,a2e89d47690620cd6ac087bb648c078724820c54e5bfcaa09d2603af308ff25c,a864c393a7879eb8,132,117,6039,181.481417,49.049435,52.355086,exact-d4a66133ca14,near-dda1938b2c4e,quarantine,"MISSING_PROVENANCE:subject_id,session_id,clip_id,device_id"
ee031f6e262f1a20860f,train/images/17743470191427763.jpg,train,0,,,,,,,,e5fbacd7a582ca4db14dfd35d38012750f087e8ed8a9514827e40436fe50ed9b,a862c393d3c79ef8,133,118,6057,179.369377,50.378955,65.453255,exact-e1406f532a84,near-dda1938b2c4e,quarantine,"MISSING_PROVENANCE:subject_id,session_id,clip_id,device_id"
e71b8c8345b50080357d,train/images/1774347019200494.jpg,train,0,,,,,,,,ae7b39fa614be0412d4039622859a0c5be2fcd9ea4e3948e6d91cd763ddce495,a864c38383c79eb8,137,122,6504,177.433589,48.242564,69.404165,exact-0341b5dd628e,near-dda1938b2c4e,quarantine,"MISSING_PROVENANCE:subject_id,session_id,clip_id,device_id"
137980afb953ced4a987,train/images/17743470192362175.jpg,train,0,,,,,,,,ab59858cbb62b95662bc054355e38c27c325f09df531b5f6f62217e693c71dbc,a864c393d3c79eb8,137,122,6224,175.166986,47.933266,65.098086,exact-3c7217bd6d2c,near-dda1938b2c4e,quarantine,"MISSING_PROVENANCE:subject_id,session_id,clip_id,device_id"
0760f7b3a18d0ab11c30,train/images/17743470192684405.jpg,train,0,,,,,,,,8bfb5eb2b3728f6422da7722b64423ba33a5da504228dda063f77b3ef57d5ae6,a864c393d3c79cf8,141,126,6591,171.903130,49.074123,72.353185,exact-e62e4120ce24,near-dda1938b2c4e,quarantine,"MISSING_PROVENANCE:subject_id,session_id,clip_id,device_id"
1884fcd384532f341e67,train/images/17743470192933996.jpg,train,0,,,,,,,,e74da746f620dcae39d744d7cd089141e76f3eadea318ee0409452ad1db7b72a,a4638193c3879ed8,129,115,5800,169.641456,49.306143,71.949212,exact-ca05bc2bf737,near-ca05bc2bf737,quarantine,"MISSING_PROVENANCE:subject_id,session_id,clip_id,device_id"
c46fbc225c42585834c9,train/images/1774347019346133.jpg,train,0,,,,,,,,ed4b3ef62c921ca430aab68b22609bcf864cfd62d1cf6bdf8848f9c3efeabc6c,a062c193d3879ef8,130,116,6057,169.991777,48.886436,98.553023,exact-735e4a8aa769,near-dda1938b2c4e,quarantine,"MISSING_PROVENANCE:subject_id,session_id,clip_id,device_id"
07c5fc18448c12e4d63a,train/images/17743470193782516.jpg,train,0,,,,,,,,00664b8c3cf36b2963b249f132eb1a4d0bdb174964dc7d5e0ee648211cbceb60,a0638393c38f9cf0,133,118,6335,167.764687,50.718949,131.228597,exact-245db7164aac,near-947ebc1e7ca7,quarantine,"MISSING_PROVENANCE:subject_id,session_id,clip_id,device_id"
caed1cf67bfc2683d41c,train/images/17743470194174654.jpg,train,0,,,,,,,,1b7ceb059f3b0dda538c619225a0fbd67d0de94078b2a7cef4cba65323778d33,a8628393c38fbcf0,133,118,6248,167.931630,50.774080,126.480613,exact-274e64235a5f,near-947ebc1e7ca7,quarantine,"MISSING_PROVENANCE:subject_id,session_id,clip_id,device_id"
a2d9e8a36ac4c602ed76,train/images/1774347019445876.jpg,train,0,,,,,,,,81345a2c35e73221cbec9291fb7450a8bbed57d6315fbc5bbc090179ab02225a,8864c393d3c79cf0,136,121,6470,169.518230,49.808603,127.915444,exact-6df26dfff059,near-dda1938b2c4e,quarantine,"MISSING_PROVENANCE:subject_id,session_id,clip_id,device_id"
32dd54135891c3cb80e4,train/images/17743470194750755.jpg,train,0,,,,,,,,9a722f5353737b6ccfca7fc96faff5705f17df8784334373643018f0aae5a038,a860c393c387bcf0,132,117,6077,167.838449,49.989081,95.291545,exact-5549c0d54cb3,near-947ebc1e7ca7,quarantine,"MISSING_PROVENANCE:subject_id,session_id,clip_id,device_id"
875a2273b10cabf1f860,train/images/17743470196649723.jpg,train,0,,,,,,,,c924fa3efad65cb13deeeac0b2c65be914bc52b2e4fce6f05cd6653dfe7fedf0,9c60c393d3c79cf8,125,111,4925,178.430919,47.856946,45.789465,exact-cdbe4e7e26e3,near-dda1938b2c4e,quarantine,"MISSING_PROVENANCE:subject_id,session_id,clip_id,device_id"
844561509a02e27e3e6f,train/images/1774347028235181.jpg,train,0,,,,,,,,af34db41e05a3027f01d2ee7683c3eb513cb97362869f4e5d816c9a1d92e82eb,1b3787011904870e,265,236,18400,183.468564,66.800878,45.690054,exact-b744696f4180,near-b744696f4180,quarantine,"MISSING_PROVENANCE:subject_id,session_id,clip_id,device_id"
177d1fb96a04640e06df,train/images/17743470282581465.jpg,train,0,,,,,,,,af34db41e05a3027f01d2ee7683c3eb513cb97362869f4e5d816c9a1d92e82eb,1b3787011904870e,265,236,18400,183.468564,66.800878,45.690054,exact-b744696f4180,near-b744696f4180,quarantine,"MISSING_PROVENANCE:subject_id,session_id,clip_id,device_id"
87adb405910c50def707,train/images/17743470283096776.jpg,train,0,,,,,,,,0335c2acbbe77b2a114d9c2ea4efb26b0cd7a27ffdb2c712e865aa5d83c08341,13278f131986870e,275,244,19231,187.223383,64.990427,43.472566,exact-6a9288326e41,near-6a9288326e41,quarantine,"MISSING_PROVENANCE:subject_id,session_id,clip_id,device_id"
227803c062dceee61428,train/images/17743470283404987.jpg,train,0,,,,,,,,0335c2acbbe77b2a114d9c2ea4efb26b0cd7a27ffdb2c712e865aa5d83c08341,13278f131986870e,275,244,19231,187.223383,64.990427,43.472566,exact-6a9288326e41,near-6a9288326e41,quarantine,"MISSING_PROVENANCE:subject_id,session_id,clip_id,device_id"
04d67482b1d20f14c663,train/images/17743470283664355.jpg,train,0,,,,,,,,c775c4e73051a3470e099abe5fefedfe98d8fe4d423078c9cc31401d2d596519,33278f23130e840d,265,236,17646,191.518964,64.057094,47.163840,exact-3fcbfb0eb465,near-3fcbfb0eb465,quarantine,"MISSING_PROVENANCE:subject_id,session_id,clip_id,device_id"
4c974d5e8aafbc2a5071,train/images/17743470284486673.jpg,train,0,,,,,,,,afb5d01e55b7280d1f1ba227cebf2c01f4a6b1484d0a651b795abe293bd8d772,13378f111986840d,272,242,18169,189.926972,64.851523,46.344554,exact-d7beef8333b3,near-b9f2a9e13aab,quarantine,"MISSING_PROVENANCE:subject_id,session_id,clip_id,device_id"
5bfce0bd4834d5f53b6b,train/images/17743470285149307.jpg,train,0,,,,,,,,f885c198eee1a9afe08ff956e0019e9bd7e64d1949b4f81c93f89c9a2c903721,1f678f331985860e,271,241,18042,188.316930,67.951632,44.869744,exact-6b4738002f4e,near-6b4738002f4e,quarantine,"MISSING_PROVENANCE:subject_id,session_id,clip_id,device_id"
031b307baaacd98cb5ac,train/images/17743470285458732.jpg,train,0,,,,,,,,f885c198eee1a9afe08ff956e0019e9bd7e64d1949b4f81c93f89c9a2c903721,1f678f331985860e,271,241,18042,188.316930,67.951632,44.869744,exact-6b4738002f4e,near-6b4738002f4e,quarantine,"MISSING_PROVENANCE:subject_id,session_id,clip_id,device_id"
86bc36d8b8b9e7c0c0c5,train/images/17743470285792484.jpg,train,0,,,,,,,,07764e548a53f4388c24fe3288af9df7ee583b00a67860b02f7c67124dd8c442,1b6787111986860e,268,238,17580,193.498307,64.526833,44.577073,exact-847b8b06a4e5,near-344d7f2982f4,quarantine,"MISSING_PROVENANCE:subject_id,session_id,clip_id,device_id"
2a021402c05af70e0ccb,train/images/1774347028604007.jpg,train,0,,,,,,,,07764e548a53f4388c24fe3288af9df7ee583b00a67860b02f7c67124dd8c442,1b6787111986860e,268,238,17580,193.498307,64.526833,44.577073,exact-847b8b06a4e5,near-344d7f2982f4,quarantine,"MISSING_PROVENANCE:subject_id,session_id,clip_id,device_id"
8fb51eb46b99211b721d,train/images/17743470286404672.jpg,train,0,,,,,,,,f930e91638827d36202c391185b9d73a2c9f8ef09a20088ab046b1296bbc36e3,3327cf911b06860c,261,232,16646,198.108419,62.834852,49.805627,exact-b4e6302db0bc,near-b4e6302db0bc,quarantine,"MISSING_PROVENANCE:subject_id,session_id,clip_id,device_id"
a636304261a40c913d9d,train/images/17743470286626997.jpg,train,0,,,,,,,,f930e91638827d36202c391185b9d73a2c9f8ef09a20088ab046b1296bbc36e3,3327cf911b06860c,261,232,16646,198.108419,62.834852,49.805627,exact-b4e6302db0bc,near-b4e6302db0bc,quarantine,"MISSING_PROVENANCE:subject_id,session_id,clip_id,device_id"
76811acd1eaef493548a,train/images/1774347028706339.jpg,train,0,,,,,,,,6f3ab9c9d9d5fb0525ca515274f4564404cc73044022d76e02226e2838495a2b,1b37c7811906860c,256,228,15724,196.313065,62.633142,47.443308,exact-48fe6c9736fc,near-b9f2a9e13aab,quarantine,"MISSING_PROVENANCE:subject_id,session_id,clip_id,device_id"
18cbf2cbe851e42e887f,train/images/1774347028726748.jpg,train,0,,,,,,,,6f3ab9c9d9d5fb0525ca515274f4564404cc73044022d76e02226e2838495a2b,1b37c7811906860c,256,228,15724,196.313065,62.633142,47.443308,exact-48fe6c9736fc,near-b9f2a9e13aab,quarantine,"MISSING_PROVENANCE:subject_id,session_id,clip_id,device_id"
255c78b385c59f22ff18,train/images/17743470288017776.jpg,train,0,,,,,,,,770ab1a157254dd23dbf3ec4b79c745d0691529dae6971afe7cf8612bf2f08c3,1f3787911806870e,276,246,19079,184.893411,66.721759,44.673043,exact-a493571e0288,near-a493571e0288,quarantine,"MISSING_PROVENANCE:subject_id,session_id,clip_id,device_id"
9851716cd01373c626c0,train/images/17743470288537092.jpg,train,0,,,,,,,,c993cf4530b1565977356329fb8a6c4113883bffbfc5b35c33a895b49c1c0816,1f4787111987870e,265,236,18011,185.444020,67.340258,53.787056,exact-300f8369af17,near-344d7f2982f4,quarantine,"MISSING_PROVENANCE:subject_id,session_id,clip_id,device_id"
151e2725e228dc5e1e4e,train/images/17743470288804352.jpg,train,0,,,,,,,,c993cf4530b1565977356329fb8a6c4113883bffbfc5b35c33a895b49c1c0816,1f4787111987870e,265,236,18011,185.444020,67.340258,53.787056,exact-300f8369af17,near-344d7f2982f4,quarantine,"MISSING_PROVENANCE:subject_id,session_id,clip_id,device_id"
3466bb17779ce56447bf,train/images/17743470289142709.jpg,train,0,,,,,,,,b945db8325eac912a346b35d230f672425297616680cf2380f4ef24b1ac32195,1b37c7819906860c,261,232,17212,189.334935,62.597918,52.988937,exact-41cd76fbe2eb,near-b9f2a9e13aab,quarantine,"MISSING_PROVENANCE:subject_id,session_id,clip_id,device_id"
58380e9cdf34a327d3cd,train/images/1774347028937094.jpg,train,0,,,,,,,,b945db8325eac912a346b35d230f672425297616680cf2380f4ef24b1ac32195,1b37c7819906860c,261,232,17212,189.334935,62.597918,52.988937,exact-41cd76fbe2eb,near-b9f2a9e13aab,quarantine,"MISSING_PROVENANCE:subject_id,session_id,clip_id,device_id"
d099117cc2b0ec693985,train/images/17743470289755704.jpg,train,0,,,,,,,,81a574d996530ed472a8de61cd3ab7d38baeba225cb6555027cb6316330a1de1,1b374f81990e064e,248,220,15679,184.769868,65.287780,54.959050,exact-8ff09364d350,near-8ff09364d350,quarantine,"MISSING_PROVENANCE:subject_id,session_id,clip_id,device_id"
c5d7807dc14176acee49,train/images/17743470289994807.jpg,train,0,,,,,,,,81a574d996530ed472a8de61cd3ab7d38baeba225cb6555027cb6316330a1de1,1b374f81990e064e,248,220,15679,184.769868,65.287780,54.959050,exact-8ff09364d350,near-8ff09364d350,quarantine,"MISSING_PROVENANCE:subject_id,session_id,clip_id,device_id"
0305ab8e9754b742ad25,train/images/17743470290688605.jpg,train,0,,,,,,,,f9e226b0bedb36d6541a172aaf1be40508c17c468295674c7970c77b8f2d1079,1b378f911986860c,255,226,17623,178.960680,66.032517,63.196237,exact-f16dd3720cdb,near-b9f2a9e13aab,quarantine,"MISSING_PROVENANCE:subject_id,session_id,clip_id,device_id"
c6d675999ddeb98da1c1,train/images/1774347029108297.jpg,train,0,,,,,,,,845d3145657d4a776fc8296af3acaf8273432efe262efc18e8a3b79f1d8f850d,33658f03130d068f,228,202,14009,187.925938,63.689073,60.992190,exact-dd7e7c4e363b,near-dd7e7c4e363b,quarantine,"MISSING_PROVENANCE:subject_id,session_id,clip_id,device_id"
0346381c5114b5858df1,train/images/1774347029172565.jpg,train,0,,,,,,,,9c9108f93a8a1b690f3be01e624008b93bc984fc260ea6b81060169b7800d477,33658f13198e864c,240,213,15199,186.986072,61.931785,51.910487,exact-bf2d877090d1,near-bf2d877090d1,quarantine,"MISSING_PROVENANCE:subject_id,session_id,clip_id,device_id"
0ffd92af7e18179af57d,train/images/1774347029248141.jpg,train,0,,,,,,,,002af608e703d12a6270f0da5d55ea3890c38ef8df07486b096c79c1d778ac7d,3325cf83190e860c,229,204,14504,188.744563,64.275827,58.471634,exact-68baee25a644,near-68baee25a644,quarantine,"MISSING_PROVENANCE:subject_id,session_id,clip_id,device_id"
a6e3a890dd531aa79cc8,train/images/17743470292835271.jpg,train,0,,,,,,,,002af608e703d12a6270f0da5d55ea3890c38ef8df07486b096c79c1d778ac7d,3325cf83190e860c,229,204,14504,188.744563,64.275827,58.471634,exact-68baee25a644,near-68baee25a644,quarantine,"MISSING_PROVENANCE:subject_id,session_id,clip_id,device_id"
f96b2bb300e676d3aeaf,train/images/17743470293424122.jpg,train,0,,,,,,,,f51c24396dca0927353c4503503ba2d06d71175e7da6dcc4675b0f739f0df4b4,336d8f111906868e,214,190,12371,194.856911,62.728318,50.879468,exact-a384c007ec3c,near-a384c007ec3c,quarantine,"MISSING_PROVENANCE:subject_id,session_id,clip_id,device_id"
890c813f63c95afe31de,train/images/17743470294426415.jpg,train,0,,,,,,,,3346cb23d3e62c1a180f8b0349ff5286b635185c854dea2c5fa5b9015ccb5562,1f338d13198f8286,210,187,13049,188.709626,67.612498,71.132668,exact-278ae7b863ce,near-278ae7b863ce,quarantine,"MISSING_PROVENANCE:subject_id,session_id,clip_id,device_id"
a89fb65dce8a26c5159c,train/images/17743470294638438.jpg,train,0,,,,,,,,3346cb23d3e62c1a180f8b0349ff5286b635185c854dea2c5fa5b9015ccb5562,1f338d13198f8286,210,187,13049,188.709626,67.612498,71.132668,exact-278ae7b863ce,near-278ae7b863ce,quarantine,"MISSING_PROVENANCE:subject_id,session_id,clip_id,device_id"
02fd69d6ecab9f79d49a,train/images/1774347029510209.jpg,train,0,,,,,,,,791fc11cb28aad21d30ae13dda9a914714ad8f768873ab01314c743681b637f7,3363cd1319078606,205,182,12242,188.171697,68.398224,73.273257,exact-f70ddbcb78e1,near-f70ddbcb78e1,quarantine,"MISSING_PROVENANCE:subject_id,session_id,clip_id,device_id"
2356d9c5de45d3c0b2cc,train/images/17743470295689003.jpg,train,0,,,,,,,,07cf52f9eebf4fb2af236e7af0a30c98dd755e76a263df1266439df0918c390c,63658f1119078386,190,169,10624,188.962535,66.738227,76.368112,exact-67b818932623,near-fdac530cc6b2,quarantine,"MISSING_PROVENANCE:subject_id,session_id,clip_id,device_id"
bcb970a48d924d3ffe87,train/images/17743470296026497.jpg,train,0,,,,,,,,07cf52f9eebf4fb2af236e7af0a30c98dd755e76a263df1266439df0918c390c,63658f1119078386,190,169,10624,188.962535,66.738227,76.368112,exact-67b818932623,near-fdac530cc6b2,quarantine,"MISSING_PROVENANCE:subject_id,session_id,clip_id,device_id"
e5f2917eff1a75b18fca,train/images/17743470296512628.jpg,train,0,,,,,,,,e42c0bf3145a8145a17f64e28b3decdeeb139721198127259d899fd5fa8819e6,23c58f131907868d,195,174,11616,183.930858,70.414351,85.965763,exact-db843a2b512c,near-db843a2b512c,quarantine,"MISSING_PROVENANCE:subject_id,session_id,clip_id,device_id"
d4a3459bf4b1ad651fe6,train/images/1774347029680444.jpg,train,0,,,,,,,,e42c0bf3145a8145a17f64e28b3decdeeb139721198127259d899fd5fa8819e6,23c58f131907868d,195,174,11616,183.930858,70.414351,85.965763,exact-db843a2b512c,near-db843a2b512c,quarantine,"MISSING_PROVENANCE:subject_id,session_id,clip_id,device_id"
a19356f170c167db31d7,train/images/17743470297404284.jpg,train,0,,,,,,,,728c00dd381dea164198de3015765605e049770c61ec17b964b8d9074dfe58e9,63c78f1119078786,186,165,10621,184.686966,69.658653,83.843303,exact-8f4affe203b3,near-fdac530cc6b2,quarantine,"MISSING_PROVENANCE:subject_id,session_id,clip_id,device_id"
dc718b8c5d208ba9ddb7,train/images/17743470297788804.jpg,train,0,,,,,,,,4c2d688faf36a19cc8592317b4ef8b1909daeb297de4ca1808c70c8ff0bb424a,63c58f1119878786,186,165,10727,183.187292,70.037785,88.990013,exact-761753df271e,near-fdac530cc6b2,quarantine,"MISSING_PROVENANCE:subject_id,session_id,clip_id,device_id"
34879ef0dabe6845a947,train/images/17743470298376176.jpg,train,0,,,,,,,,dcd920182e42f626e57cc7f5e47d66e690afcac243fc2d8a50240178093fc714,63cd8f131987860c,194,172,11853,179.648436,71.182029,95.505983,exact-74395dbae69f,near-74395dbae69f,quarantine,"MISSING_PROVENANCE:subject_id,session_id,clip_id,device_id"
f7790bc5b190337663e8,train/images/17743470298667488.jpg,train,0,,,,,,,,dcd920182e42f626e57cc7f5e47d66e690afcac243fc2d8a50240178093fc714,63cd8f131987860c,194,172,11853,179.648436,71.182029,95.505983,exact-74395dbae69f,near-74395dbae69f,quarantine,"MISSING_PROVENANCE:subject_id,session_id,clip_id,device_id"
71ace4935886eb3622e2,train/images/17743470299032702.jpg,train,0,,,,,,,,9ef2c28a062d8ad3e9371054d2fad38502d35d26a506fb25619f1c97d1dffbac,62c38f1319078786,193,171,11606,176.655304,72.995996,93.681028,exact-53ae9c35c40b,near-fdac530cc6b2,quarantine,"MISSING_PROVENANCE:subject_id,session_id,clip_id,device_id"
af450456ebfcaf9977df,train/images/1774347029988007.jpg,train,0,,,,,,,,231c18836fd52112d26b43121c1758674688e46a8f42a634cce4682c7cf71ee5,63c58f1119074686,195,174,11989,173.968052,72.598915,89.127257,exact-fb0cadda56a8,near-fdac530cc6b2,quarantine,"MISSING_PROVENANCE:subject_id,session_id,clip_id,device_id"
988b90baca2493621aab,train/images/17743470300148776.jpg,train,0,,,,,,,,231c18836fd52112d26b43121c1758674688e46a8f42a634cce4682c7cf71ee5,63c58f1119074686,195,174,11989,173.968052,72.598915,89.127257,exact-fb0cadda56a8,near-fdac530cc6b2,quarantine,"MISSING_PROVENANCE:subject_id,session_id,clip_id,device_id"
0ec153ee13447d019022,train/images/17743470300491867.jpg,train,0,,,,,,,,46103767aa54c410fb1f1528c0505cbd2c1c6385f4e092f640f37703b2547d8d,bf678f0319074f86,195,174,12021,164.248895,77.685173,84.868522,exact-878a8c1e4a09,near-878a8c1e4a09,quarantine,"MISSING_PROVENANCE:subject_id,session_id,clip_id,device_id"
059e9e90008caa707a1e,train/images/17743470300702682.jpg,train,0,,,,,,,,46103767aa54c410fb1f1528c0505cbd2c1c6385f4e092f640f37703b2547d8d,bf678f0319074f86,195,174,12021,164.248895,77.685173,84.868522,exact-878a8c1e4a09,near-878a8c1e4a09,quarantine,"MISSING_PROVENANCE:subject_id,session_id,clip_id,device_id"
62c1b4838dd3a97f7ff4,train/images/17743470301125174.jpg,train,0,,,,,,,,9e09d77df276c971d1b3b8a19d964b3f90a5dfb7555f273553c24b6f74213fe3,83878713990f4bc7,182,162,10454,154.912088,82.389318,86.960798,exact-6d333308449c,near-6d333308449c,quarantine,"MISSING_PROVENANCE:subject_id,session_id,clip_id,device_id"
bcc74a580fb198639456,train/images/17743470301491737.jpg,train,0,,,,,,,,9e09d77df276c971d1b3b8a19d964b3f90a5dfb7555f273553c24b6f74213fe3,83878713990f4bc7,182,162,10454,154.912088,82.389318,86.960798,exact-6d333308449c,near-6d333308449c,quarantine,"MISSING_PROVENANCE:subject_id,session_id,clip_id,device_id"
8df6e8244dc57afe8e3f,train/images/17743470301735106.jpg,train,0,,,,,,,,ac17bb5fe7534a205eb00a890700df1780bb7e00c91f1a91138e02264ecaed34,83870713998f07c6,184,164,10342,157.022833,84.219917,86.399304,exact-26a998e92787,near-26a998e92787,quarantine,"MISSING_PROVENANCE:subject_id,session_id,clip_id,device_id"
ddb6b20560225bd3c0ec,train/images/17743470302032332.jpg,train,0,,,,,,,,ac17bb5fe7534a205eb00a890700df1780bb7e00c91f1a91138e02264ecaed34,83870713998f07c6,184,164,10342,157.022833,84.219917,86.399304,exact-26a998e92787,near-26a998e92787,quarantine,"MISSING_PROVENANCE:subject_id,session_id,clip_id,device_id"
259a10340b1f322fe9fe,train/images/17743470356468196.jpg,train,0,,,,,,,,2cd997d7abd148c39db578717ccc433a975bad61947a9dfcedc18e2120248965,5f3b3b332cbcde38,153,136,9158,143.883939,52.658769,140.534758,exact-2ed927e97272,near-2ed927e97272,quarantine,"MISSING_PROVENANCE:subject_id,session_id,clip_id,device_id"
17d19382b12f58d01e97,train/images/1774347035844065.jpg,train,0,,,,,,,,35c4065dd991151fc3438f91fb7b71420fbd6a6f90181b3b4756b2b1b6173b22,5b2333b2a8dcde38,152,135,9143,136.038791,50.909710,153.708177,exact-41e32284df1a,near-41e32284df1a,quarantine,"MISSING_PROVENANCE:subject_id,session_id,clip_id,device_id"
96395c67d0a8636137f5,train/images/1774347036180787.jpg,train,0,,,,,,,,f2a44e896fbd4f5421a6ce297c9afad9eaa4822c341682ddf33ed3b9fe3993d9,21b9329143f2be7c,151,134,9146,132.613917,53.054380,190.111475,exact-6ed255bcd550,near-6ed255bcd550,quarantine,"MISSING_PROVENANCE:subject_id,session_id,clip_id,device_id"
d04e6978b2105169b43b,train/images/1774347036212834.jpg,train,0,,,,,,,,46f962baf757686f7e4805a1f96fb74ce42930081639d3e241dcf15d32176638,99d91343f27e1cce,183,163,12654,139.055148,52.778998,163.715587,exact-70399d63b169,near-70399d63b169,quarantine,"MISSING_PROVENANCE:subject_id,session_id,clip_id,device_id"
5e904df798c16410b6b3,train/images/17743470362456925.jpg,train,0,,,,,,,,4682575b7d35e865d76f3e80e3921306f1a93a98e1dc97a98e66cc0edf99d311,90b93383c264fe3c,153,136,9198,142.849145,54.808741,166.672036,exact-2740db06dfb5,near-2740db06dfb5,quarantine,"MISSING_PROVENANCE:subject_id,session_id,clip_id,device_id"
01281dafc0a1423c227f,train/images/17743470363072128.jpg,train,0,,,,,,,,4b7c0487386e727c3d84b26349d95cc035e4dbb92b09ae560509e716e130832a,91d93343c7e47e1e,160,142,9699,145.142958,57.499539,187.049875,exact-a8caa602fb66,near-a8caa602fb66,quarantine,"MISSING_PROVENANCE:subject_id,session_id,clip_id,device_id"
1eb1a32de8ae1c2ae941,train/images/17743470372949417.jpg,train,0,,,,,,,,1cf9ba2d68f3e08cdd24f1036c8fa5c914e8de00e4a9ee487a6f9638df650ce8,a9b9197131d8de3c,160,142,9244,161.259639,50.810093,103.487829,exact-470ece82662f,near-470ece82662f,quarantine,"MISSING_PROVENANCE:subject_id,session_id,clip_id,device_id"
c3623509b031535dbe54,train/images/17743470383061292.jpg,train,0,,,,,,,,13368bed79be57de5a8d2ef57cf5828b7e4b2b8bf76293d67ba747f197180791,baad797935b4dc4a,156,139,9440,165.201208,52.829384,133.842953,exact-35ea9e03d5f2,near-35ea9e03d5f2,quarantine,"MISSING_PROVENANCE:subject_id,session_id,clip_id,device_id"
d7fa33afb57806e1bb1f,train/images/17743470383682678.jpg,train,0,,,,,,,,654eea517a2c8839aaf1f5e00bdb5cfdc91752fd4176d886a14564f5ddfddf1b,38e579797924bc52,155,138,9302,167.225339,53.808857,135.004585,exact-e64474fd91f1,near-e64474fd91f1,quarantine,"MISSING_PROVENANCE:subject_id,session_id,clip_id,device_id"
d46903a1d94d6661f975,train/images/17743470384656954.jpg,train,0,,,,,,,,55237f503eb383ef06c07dadc85939ecd928b438d64a43d230b9e44eaa9fb23a,b8a9797934b69c4a,157,140,9059,169.426388,54.972767,124.493043,exact-d464f7141af4,near-d464f7141af4,quarantine,"MISSING_PROVENANCE:subject_id,session_id,clip_id,device_id"
415d3a3a9734f26f8843,train/images/17743470385261116.jpg,train,0,,,,,,,,4ead045e7a87cede939b19350f1b4acbdf0b037b55b84906a93f2fabc6f3d314,4d6d79797564bec4,148,132,8133,171.789466,53.826341,87.766079,exact-918b9f7e5065,near-918b9f7e5065,quarantine,"MISSING_PROVENANCE:subject_id,session_id,clip_id,device_id"
29b7c56a21c934ea2fda,train/images/17743470385482688.jpg,train,0,,,,,,,,4ead045e7a87cede939b19350f1b4acbdf0b037b55b84906a93f2fabc6f3d314,4d6d79797564bec4,148,132,8133,171.789466,53.826341,87.766079,exact-918b9f7e5065,near-918b9f7e5065,quarantine,"MISSING_PROVENANCE:subject_id,session_id,clip_id,device_id"
9d29a6e9e711f4cf29aa,train/images/1774347038574256.jpg,train,0,,,,,,,,33e8816a363be432738fb2d21f2ba5e644cbd8385784ba27621349179869a926,6f6d717b796c9c56,163,145,9779,170.657288,54.476173,94.084444,exact-b97d4904938f,near-b97d4904938f,quarantine,"MISSING_PROVENANCE:subject_id,session_id,clip_id,device_id"
9def57b57d237d8ae98c,train/images/1774347038608499.jpg,train,0,,,,,,,,69f2924de34df92d3405b779e2da1c57055d0366bf37a52e9208922c39dce7c6,637171797d64bcc2,152,135,8005,172.257895,55.381991,73.790632,exact-1b365a4dfc8a,near-1b365a4dfc8a,quarantine,"MISSING_PROVENANCE:subject_id,session_id,clip_id,device_id"
378773ede29ae6faaba3,train/images/17743470386429613.jpg,train,0,,,,,,,,67b9ecde8ee77e49c3fea0c75b3338326d056d9429cf47d7f1f8f81a5daa5cb9,f37979797564bc48,153,136,8457,171.459343,57.504577,91.418008,exact-7a64ce427ce0,near-7a64ce427ce0,quarantine,"MISSING_PROVENANCE:subject_id,session_id,clip_id,device_id"
153d069b66017815cf23,train/images/17743470387732296.jpg,train,0,,,,,,,,1a6b9927c4a0ef3ac42fd17a69da6225cbbd3d873685f96ec09a52c4da5378d3,7371f179696c7e98,145,129,8070,170.174873,60.395977,115.375980,exact-a860d24f31d8,near-a860d24f31d8,quarantine,"MISSING_PROVENANCE:subject_id,session_id,clip_id,device_id"
46d8a4faf57af11f7430,train/images/1774347038799663.jpg,train,0,,,,,,,,ab9eec359c0a3f3734b9763fa263c1c94ee46535a358040dc2baa13da2a98953,e37979797564be1a,149,133,8440,169.686330,58.805986,114.489150,exact-f898c0e2fa3b,near-f898c0e2fa3b,quarantine,"MISSING_PROVENANCE:subject_id,session_id,clip_id,device_id"
673cb7fbc3a209f730f5,train/images/17743470388338778.jpg,train,0,,,,,,,,6ea7cde9e76ad621b5adf17d655266f25b187569fac6dd25af3d8cb60360496d,635979796564769c,137,122,7392,170.885545,59.441606,136.309065,exact-38bc3d1c4787,near-e3ea1e4d8eb5,quarantine,"MISSING_PROVENANCE:subject_id,session_id,clip_id,device_id"
f84c5ad16916dc041c1d,train/images/177434703886785.jpg,train,0,,,,,,,,e958d063843bb7b298f90a8409116fb7adbb3a47a91aa23ceca79b8a1a75c6eb,615979796d6c769c,140,124,7467,172.546486,58.232766,117.820466,exact-c08ee2a296e9,near-e3ea1e4d8eb5,quarantine,"MISSING_PROVENANCE:subject_id,session_id,clip_id,device_id"
86d45605d9b1f2ad6a81,train/images/17743470388961165.jpg,train,0,,,,,,,,6bb9d7c4b88245af8b91ba9f96c0c0cdcf58d11058355723db7a4e0e3b5fb9c6,b86a79797564eebc,141,126,7464,175.949229,57.725271,113.885636,exact-78f9110cf588,near-78f9110cf588,quarantine,"MISSING_PROVENANCE:subject_id,session_id,clip_id,device_id"
30924defb9a8316d5935,train/images/17743470391083314.jpg,train,0,,,,,,,,13252adce7b3866da311556d5167825fa3d4573e242f1641b0e043343b680aee,7939797939274efc,153,136,8300,182.628460,59.039395,118.754252,exact-15b9e0db83ca,near-15b9e0db83ca,quarantine,"MISSING_PROVENANCE:subject_id,session_id,clip_id,device_id"
e849f81ea7f4e63dd1b5,train/images/17743470391317773.jpg,train,0,,,,,,,,4870626f1f4236a221c7365ed74b9d8ffeae51df398a68e1fd3f5e5ea6926702,7939293939a54efc,155,138,8849,181.499579,57.715346,128.347925,exact-e41fbda961c9,near-e41fbda961c9,quarantine,"MISSING_PROVENANCE:subject_id,session_id,clip_id,device_id"
8d28640a30a9e144a281,train/images/1774347039202132.jpg,train,0,,,,,,,,90c28039f5d7b7c1e278464b7f239992ce8858224f6faf0312df91f66b45f657,f94a71717b0bccf8,148,132,8241,180.365326,58.424718,145.035822,exact-1aa3e4f8f4a3,near-7e449f1155ea,quarantine,"MISSING_PROVENANCE:subject_id,session_id,clip_id,device_id"
4fb261ec3c56693b442b,train/images/17743470392357879.jpg,train,0,,,,,,,,6bcd593dd9b535a287c4acb007b45e75cabf6422099068d735c956c85fb67303,f94a71716b0bccfc,147,130,8203,180.124071,58.344100,151.292313,exact-f8d64a31eb7d,near-7e449f1155ea,quarantine,"MISSING_PROVENANCE:subject_id,session_id,clip_id,device_id"
17680cb072772741c6cd,train/images/17743470395048473.jpg,train,0,,,,,,,,2a602197de0a28dd5ed880e9c719fafd4de43f36d574035ceca922f92b2424c4,b0f8c3f171430acc,130,116,6703,189.018568,47.825504,112.839334,exact-1c918023d679,near-1c918023d679,quarantine,"MISSING_PROVENANCE:subject_id,session_id,clip_id,device_id"
ad832373d3e91d95e8e4,train/images/1774347039541745.jpg,train,0,,,,,,,,903793f72922eddd7e2c948e082d960e5d24f4d23b967ca4d7a25aa31b2f93d4,78a83939a364f8ff,166,147,9801,178.501434,54.201145,107.298341,exact-319f6d0f44f7,near-319f6d0f44f7,quarantine,"MISSING_PROVENANCE:subject_id,session_id,clip_id,device_id"
3bb76bdc5e5902fbeea2,train/images/17743470399328277.jpg,train,0,,,,,,,,68132974ac1c83613a74579d1e72f9f69831024a6b4e2a82a8d385f992367fb5,5978393931a534dd,145,129,8126,176.506389,51.498288,119.734327,exact-747ad1db126a,near-86d665d4e85f,quarantine,"MISSING_PROVENANCE:subject_id,session_id,clip_id,device_id"
b851f6ac4d67a132dd9b,train/images/17743470399674187.jpg,train,0,,,,,,,,54eb2f1318ee714b74a33e0afaecd995256e23de4168c262e522d6059ebdfef7,5878393931a536dc,147,130,8403,175.933543,50.999246,120.401755,exact-10f15d8a9d76,near-86d665d4e85f,quarantine,"MISSING_PROVENANCE:subject_id,session_id,clip_id,device_id"
95b334bc57dfe0cf2fbe,train/images/1774347040003438.jpg,train,0,,,,,,,,3b530cbeb7f25667c4284be4dca8cf3d0df19ee5fac3e526cfa977b5c9a7661a,5878393991345ecf,153,136,8290,176.172001,49.493774,95.191661,exact-825f11613c4f,near-825f11613c4f,quarantine,"MISSING_PROVENANCE:subject_id,session_id,clip_id,device_id"
1a0c691d2b555fa3dad3,train/images/17743470401245086.jpg,train,0,,,,,,,,a1079ea3c833049090fd76bec8a9b7145b2c5c75ef644193260f29ba26895032,fa737363299cacf8,157,140,8849,165.354140,48.550042,93.701839,exact-33dc0ba86008,near-33dc0ba86008,quarantine,"MISSING_PROVENANCE:subject_id,session_id,clip_id,device_id"
563de8908fdd15be1913,train/images/17743470403679447.jpg,train,0,,,,,,,,e96f99f7e21e191e241cf2154ab2c692bd54b971bf0657a96b61910d7b585da1,597929693921c636,139,123,6983,179.873954,49.077892,78.486631,exact-c0d2b0fe4d76,near-c0d2b0fe4d76,quarantine,"MISSING_PROVENANCE:subject_id,session_id,clip_id,device_id"
49e2e6fc58c7538f58e5,train/images/17743470404604242.jpg,train,0,,,,,,,,21922ac4f8759aaec9b397ed52a969aa51b6bcd9bb36adfd8be4f5fa3d4a64a2,b8bc29998143e5f2,148,132,7785,168.833487,52.034377,81.718119,exact-24eb60438e77,near-24eb60438e77,quarantine,"MISSING_PROVENANCE:subject_id,session_id,clip_id,device_id"
e07c5a32f0d2c3444825,train/images/17743470409474096.jpg,train,0,,,,,,,,478e766148382e23e6dfdc4d53f3cf416a650e68cebf2daf9f68c0631c57ad33,abb3338246f0fc1c,190,169,12914,151.876269,51.471029,131.449670,exact-451b01cbb6bd,near-451b01cbb6bd,quarantine,"MISSING_PROVENANCE:subject_id,session_id,clip_id,device_id"
27543f029f53c76c03ae,train/images/1774347041018709.jpg,train,0,,,,,,,,bd6d4118e466797d2f3ef83c83e8499af6a729b8a6a1a20837463967f909a996,b931118342b0bc7c,166,147,10113,154.197279,49.943579,114.311900,exact-f6c9da612185,near-f6c9da612185,quarantine,"MISSING_PROVENANCE:subject_id,session_id,clip_id,device_id"
00bb591f1a2979c87777,train/images/17743470775444772.jpg,train,0,,,,,,,,c82d90b0796d5e84af1941ec2340feda017fe62e0def944106520e5ca339aaa2,c74f9c36561e1c99,130,116,7204,152.674271,88.094880,291.810152,exact-cdb1cf26ad26,near-cdb1cf26ad26,quarantine,"MISSING_PROVENANCE:subject_id,session_id,clip_id,device_id"
e54d13e770ae35abc7b0,train/images/17743470776351886.jpg,train,0,,,,,,,,67a0e8929992401455ac87ef673575af2ddb223ee5261da7969eb58a26f25cad,cfdf1a175e1e1c9c,126,112,6076,157.352962,83.785544,178.585663,exact-7c1c2745ec0e,near-7c1c2745ec0e,quarantine,"MISSING_PROVENANCE:subject_id,session_id,clip_id,device_id"
0103e7f5c6b44eebd39f,train/images/1774347077665841.jpg,train,0,,,,,,,,6fe313ba674d6bd28c7f95e703bc55a60cbdeb1c7783a9bb028c7c12e8a62030,8f1e34361e1c3c39,130,116,6839,158.367241,82.591739,176.528045,exact-41a5bf614853,near-41a5bf614853,quarantine,"MISSING_PROVENANCE:subject_id,session_id,clip_id,device_id"
038aa4c4440195e75205,train/images/17743470777546353.jpg,train,0,,,,,,,,ed8cd9661a31be364533c2406d4e06db566d6ed47e68a8be6ab103404b9a4e99,cf1f1a1b5b5f3e1e,118,105,5046,175.404278,77.622178,144.166013,exact-be322fb77d65,near-054758cb40f9,quarantine,"MISSING_PROVENANCE:subject_id,session_id,clip_id,device_id"
5f955a0ad23f67df79ed,train/images/17743470777952754.jpg,train,0,,,,,,,,900cb83f4ca66e244492698e31b052719ed2d0425686e59f71f560d757eb6734,cfcf1a1b4b1f1e1c,130,116,6314,162.892971,79.124174,112.826302,exact-2f11192801e8,near-054758cb40f9,quarantine,"MISSING_PROVENANCE:subject_id,session_id,clip_id,device_id"
d640a7a48f3b307ac380,train/images/1774347077827493.jpg,train,0,,,,,,,,3865212cb8c9fa0d68bda9ae3c7bda905c237af10044c324555615003c122d57,478d1d1b4b0f1f1e,121,108,5242,172.374273,71.728109,92.395033,exact-01f0f3e0c4e4,near-054758cb40f9,quarantine,"MISSING_PROVENANCE:subject_id,session_id,clip_id,device_id"
16fd03bab492281d0bee,train/images/17743470778557212.jpg,train,0,,,,,,,,3865212cb8c9fa0d68bda9ae3c7bda905c237af10044c324555615003c122d57,478d1d1b4b0f1f1e,121,108,5242,172.374273,71.728109,92.395033,exact-01f0f3e0c4e4,near-054758cb40f9,quarantine,"MISSING_PROVENANCE:subject_id,session_id,clip_id,device_id"
1af0f21e0a6549c17394,train/images/17743470779188738.jpg,train,0,,,,,,,,fe68f381b90be9ed62d5cc28e37905cfca371522e125b64fdbf9d8ff00304ed5,4fdf1d1b4b0f1f0e,130,116,6031,164.628714,75.816122,95.619246,exact-98b1690510df,near-054758cb40f9,quarantine,"MISSING_PROVENANCE:subject_id,session_id,clip_id,device_id"
ec72117fae783fe56445,train/images/17743470779758701.jpg,train,0,,,,,,,,0976f31fc131532aa1f9f2a9ba5b39d8a586b12b418d0444e390cc0ad56f7d4c,4fcd1d0b2f0f0f8e,139,123,6727,154.335497,81.406631,100.958574,exact-dab2e78c8b5b,near-dab2e78c8b5b,quarantine,"MISSING_PROVENANCE:subject_id,session_id,clip_id,device_id"
c8265d71d583d9022e27,train/images/17743470780053406.jpg,train,0,,,,,,,,fd9167ed03cd431f6492c124b219877010b66464fc385678d356d2b0bc453011,4fdf1b0b2b0f1e8e,143,127,6867,149.942514,83.160242,115.793914,exact-05758cd3875a,near-05758cd3875a,quarantine,"MISSING_PROVENANCE:subject_id,session_id,clip_id,device_id"
1d382e383aaa56d8a8f5,train/images/17743470781032686.jpg,train,0,,,,,,,,18dea2a2cddded229c59117ca7b5ec86428557d2cb1fed7680f7b97c5b3fab57,cf9f1a1b4b0f1f0e,139,123,6968,154.828859,82.063743,129.119984,exact-bfea46db09aa,near-054758cb40f9,quarantine,"MISSING_PROVENANCE:subject_id,session_id,clip_id,device_id"
8ae957f2acfdaa595905,train/images/1774347078161726.jpg,train,0,,,,,,,,8f923e748571d2628bc3106070a4043c1c7c85d32da27b888f78ea0cf8cac593,cf9f1a1b4b0f1e1e,139,123,7036,154.035035,82.986526,140.031364,exact-8b0ae2d638c1,near-054758cb40f9,quarantine,"MISSING_PROVENANCE:subject_id,session_id,clip_id,device_id"
ed467d02234c376b5213,train/images/17743470782262774.jpg,train,0,,,,,,,,c78ac96eb7619eb74ec5d0e449012141bd80db5bbdfd4180bb077ef8c132472c,4f9a1b1b4b1e1e8c,140,124,7196,148.505127,84.483524,154.656168,exact-936b659017b3,near-054758cb40f9,quarantine,"MISSING_PROVENANCE:subject_id,session_id,clip_id,device_id"
2c71eb5e27aea6556fde,train/images/17743470783144727.jpg,train,0,,,,,,,,c8b04ee56f08a1317a57a13dd618852e24a393b038c51b76c29d7eaf389c5215,4f9b3b1b4f1f1e8e,135,120,6665,154.318025,82.727877,162.779305,exact-76d6a8153b2e,near-054758cb40f9,quarantine,"MISSING_PROVENANCE:subject_id,session_id,clip_id,device_id"
bd50ad4f11891e857f18,train/images/1774347078340039.jpg,train,0,,,,,,,,ae63b86d834a30fb120a1ef1adfaffeaa45311e6a3ff04a959e891ea5e464dd9,4f9a1b1b4f1f1e8e,130,116,6433,155.990584,82.207155,128.326393,exact-96a1a93e1903,near-054758cb40f9,quarantine,"MISSING_PROVENANCE:subject_id,session_id,clip_id,device_id"
b7c940409acdeced368b,train/images/17743470783716853.jpg,train,0,,,,,,,,b57cb2cf7d1754288c7b4b84104ab2dd5d3b48a4fa53faf4886e874f60a779e3,4f9b3b1b5b5f1f1e,121,108,5554,167.141797,77.912537,128.162733,exact-6d271914b437,near-054758cb40f9,quarantine,"MISSING_PROVENANCE:subject_id,session_id,clip_id,device_id"
8709e836f43612d91122,train/images/17743470784034107.jpg,train,0,,,,,,,,345dfef99458a3940034e997387cdc7aac35651f3114374cc37d0c551d930ea1,4f1b3b1b4b5f1f1e,117,104,5025,171.115467,75.321531,113.931958,exact-30606ac3b4fd,near-054758cb40f9,quarantine,"MISSING_PROVENANCE:subject_id,session_id,clip_id,device_id"
c05397a2b67f2a4368e9,train/images/17743470784681704.jpg,train,0,,,,,,,,d5305f47a43120e75c4ed4f0031ea9ac6203cbf157253355001dd7af64681fdf,c7991d1b4b0f1f0e,120,106,5382,167.274528,76.219572,119.760698,exact-b1d7183ef649,near-054758cb40f9,quarantine,"MISSING_PROVENANCE:subject_id,session_id,clip_id,device_id"
6112922199ed84641d65,train/images/17743470784971387.jpg,train,0,,,,,,,,0993e4b827907b77faad0b4574eff60e08e377f76f6763c968b96555fa556fc9,cfdf1b1b4f1f1e8e,126,112,5796,158.559878,79.139775,118.606257,exact-04e17d3132b9,near-054758cb40f9,quarantine,"MISSING_PROVENANCE:subject_id,session_id,clip_id,device_id"
8eb3dfdbea0bad57d22f,train/images/1774347078593159.jpg,train,0,,,,,,,,b4473d9725bb66d87ad95937780a9cfbfc656e4a860663da7cd5f047eb26c596,4f1b191b4b1f1e1e,114,102,5279,170.836601,74.541095,118.339615,exact-1828526428f1,near-054758cb40f9,quarantine,"MISSING_PROVENANCE:subject_id,session_id,clip_id,device_id"
d8cf5946a3e725ef73fd,train/images/17743470787123547.jpg,train,0,,,,,,,,9a5aa6fbe31da3e17e2d6dc9f2f3ae051195f286a209125965b200ca3fa389f2,4f9b3b1b4b1f1e8e,118,105,5921,163.935997,79.328710,222.436621,exact-e85cdd30a33c,near-054758cb40f9,quarantine,"MISSING_PROVENANCE:subject_id,session_id,clip_id,device_id"
f9034a85fb7d54f8ae67,train/images/17743470787699623.jpg,train,0,,,,,,,,71f2d6ea2772e36c4638f42e6419f259d496acc20cc0c4e62c2e05bceeacfd75,4f9e3a175e1e1e9c,120,106,6021,159.672563,77.044659,199.295999,exact-acff539c0d5c,near-acff539c0d5c,quarantine,"MISSING_PROVENANCE:subject_id,session_id,clip_id,device_id"
b72bc4813e8d2b64f2cb,train/images/17743470788034794.jpg,train,0,,,,,,,,3452562f782533368ea52edfda747eae6b784e478110e68c257a7f32cd74046f,4f9b3a5b5b1e1e9c,116,103,5702,159.810345,76.494924,166.076642,exact-0c75ccaac281,near-f876eb7c5cd4,quarantine,"MISSING_PROVENANCE:subject_id,session_id,clip_id,device_id"
cdf6298a0727a2d373d4,train/images/17743470788371422.jpg,train,0,,,,,,,,bb35fd8e0678ef64d934555679db51da1742105df8ef257e3c10e57eabc9f047,4f9a3a5f5e1e1c8c,120,106,5800,154.856604,76.277356,167.356742,exact-b24dd49aca34,near-b24dd49aca34,quarantine,"MISSING_PROVENANCE:subject_id,session_id,clip_id,device_id"
f4037db9d9d879e1f7c1,train/images/17743470788670676.jpg,train,0,,,,,,,,570e22e42d0197ad31ebac6901f7c4b1609bb2e73f5aafb35d123d0a5483fb87,ce9e3a165e1e1c1d,117,104,5905,159.126808,72.404927,162.657423,exact-c699c2458106,near-c699c2458106,quarantine,"MISSING_PROVENANCE:subject_id,session_id,clip_id,device_id"
36a0028d50cfeaede050,train/images/17743470790581617.jpg,train,0,,,,,,,,9fb420e4eab036aaa7bc4b6c10eb6e5d0251a3f0c84d82103c31be9494c60671,ce8f9a1b0e0e1e8d,116,103,5987,133.834282,76.097394,218.047911,exact-262fbc155dc2,near-054758cb40f9,quarantine,"MISSING_PROVENANCE:subject_id,session_id,clip_id,device_id"
5cab9a074101644a3efa,train/images/1774347079123422.jpg,train,0,,,,,,,,a91cf7631d6aaef7c9292767bba51e0ce1dc5e24f01c6a27c497729b3c375de0,cfcf9a1a0e1e1e8d,116,103,6217,140.894292,79.249671,302.149768,exact-03d0925ac4f5,near-054758cb40f9,quarantine,"MISSING_PROVENANCE:subject_id,session_id,clip_id,device_id"
cb3aa744758caf76df94,train/images/17743470791697087.jpg,train,0,,,,,,,,ea29f8dc213510cc6fe9696e81e1799a674cc9152e5ca153d50eccdce4146615,cf4f9a1e4e1e1c8d,117,104,6206,136.609632,79.608292,304.837362,exact-ef1d1c50e751,near-054758cb40f9,quarantine,"MISSING_PROVENANCE:subject_id,session_id,clip_id,device_id"
140cca83a9eb68df4c33,train/images/1774347079203285.jpg,train,0,,,,,,,,a756707b87cf9523987fedb3fddb6cca2a0cd8001fa2e1f3dd3c0d973daa01fb,cf4f9a1e4e1e1c8d,113,100,6008,137.793540,79.083913,338.812962,exact-1625f9db1441,near-054758cb40f9,quarantine,"MISSING_PROVENANCE:subject_id,session_id,clip_id,device_id"
861d08004d3c7052e7a4,train/images/177434707923064.jpg,train,0,,,,,,,,dcd2fed1af120fad6c35c2c1b131ce0ffd7e892f6b77b1d77d644f49b4dd8ea5,cdcf9a1e5e1e1c99,114,102,6128,135.707258,79.952668,396.084587,exact-35fcdee9b923,near-054758cb40f9,quarantine,"MISSING_PROVENANCE:subject_id,session_id,clip_id,device_id"
bc1bd53dd277ae4dc00e,train/images/17743470792712452.jpg,train,0,,,,,,,,50bc5af3e9e2ab2f79494023bcdadd17326edf5e913666693b9400eadbed1670,cdcf9a1a0a1e1e8d,113,100,5945,136.829292,79.379336,379.969809,exact-fe4f4f270df9,near-054758cb40f9,quarantine,"MISSING_PROVENANCE:subject_id,session_id,clip_id,device_id"
6f51b93318b5422e4c65,train/images/17743470793274016.jpg,train,0,,,,,,,,e028e2885480d6d5c4357f408d28868d3d407b995959b8c2c1c9c97713f2edfc,cfcf9a1a0b1e1e8d,112,99,5593,140.501263,78.297435,290.270588,exact-6815fd0989fc,near-054758cb40f9,quarantine,"MISSING_PROVENANCE:subject_id,session_id,clip_id,device_id"
fc6aa6fdff30255a7089,train/images/17743470793554327.jpg,train,0,,,,,,,,761e1a79bed3bdfcb2bea8c157111d3fed06ce4ffbe5fc61a643e730bab136ff,cf8f9a1a0e1e1e8c,117,104,6201,135.794461,79.442469,292.666671,exact-a6d4096b24cd,near-054758cb40f9,quarantine,"MISSING_PROVENANCE:subject_id,session_id,clip_id,device_id"
25347ba6b26de3311865,train/images/17743470793921146.jpg,train,0,,,,,,,,ba527ac69b1fea32feed8a7411f68c2c44c66a64e5378931d262bdc4e5935664,cfcf9a1e4e1e1e9d,118,105,6271,136.176836,79.919853,314.109038,exact-9ed1279b6442,near-054758cb40f9,quarantine,"MISSING_PROVENANCE:subject_id,session_id,clip_id,device_id"
7ac559a0b624227d89ad,train/images/1774347079458437.jpg,train,0,,,,,,,,49e11a6660e0d8c7093d95eabd477ad864b82ae18468d7dfaa0c8139ea3d7909,cfcf9a1a0f1e1e8e,120,106,6429,137.655739,79.835201,309.267149,exact-6b05617279df,near-054758cb40f9,quarantine,"MISSING_PROVENANCE:subject_id,session_id,clip_id,device_id"
105924e5065a527aa077,train/images/17743470794934282.jpg,train,0,,,,,,,,67a0f4317f70de76c76a8604b0eee3bb9010bb83152dec89cfa6108d77337343,cfcf9a1e0e1e9ccb,126,112,6927,130.365575,80.749280,303.551134,exact-507c38cb8a97,near-507c38cb8a97,quarantine,"MISSING_PROVENANCE:subject_id,session_id,clip_id,device_id"
78f7fed2a3790022f0ff,train/images/17743470795258815.jpg,train,0,,,,,,,,ea02e531fd31dfe4de8cc35538f740945a90812db19036d5baba8747b33b8259,cddf1a1b0a1e1ece,120,106,6486,135.422877,80.922825,305.463364,exact-6012e128d897,near-6012e128d897,quarantine,"MISSING_PROVENANCE:subject_id,session_id,clip_id,device_id"
cb20359f16e2b21fddaa,train/images/17743470795507205.jpg,train,0,,,,,,,,ea02e531fd31dfe4de8cc35538f740945a90812db19036d5baba8747b33b8259,cddf1a1b0a1e1ece,120,106,6486,135.422877,80.922825,305.463364,exact-6012e128d897,near-6012e128d897,quarantine,"MISSING_PROVENANCE:subject_id,session_id,clip_id,device_id"
759d0b3a88d2fa09c22e,train/images/17743470795809546.jpg,train,0,,,,,,,,00f69ff60b624adc509da7e47d69fc3904fa6757a7af08c4dc38d088927ea112,cfcf9a1a4f1e1e8e,117,104,5915,138.702416,81.216195,228.007923,exact-d2388821e8b1,near-054758cb40f9,quarantine,"MISSING_PROVENANCE:subject_id,session_id,clip_id,device_id"
68ccb19e03174361d701,train/images/17743470796017895.jpg,train,0,,,,,,,,28e05d7c8ef04a4816fc6b21799dfbb42abb6e4bd2791a1f57eeb28e22fcaf75,cfcb9a1b4f1f1e8e,113,100,5580,143.143540,80.564555,232.938875,exact-c8808071a31d,near-054758cb40f9,quarantine,"MISSING_PROVENANCE:subject_id,session_id,clip_id,device_id"
a19afc9c3d581ccb69bb,train/images/17743470796352687.jpg,train,0,,,,,,,,5f9a88dcbf93c34dc40c9aa4f21ccf981ea52f75215f4f0d71c2190db84118c8,cfcf9a1b0f0f1e8e,116,103,5689,140.638601,80.846191,228.779984,exact-a4fd40788cd5,near-054758cb40f9,quarantine,"MISSING_PROVENANCE:subject_id,session_id,clip_id,device_id"
cdb505a5c4e4432c95ec,train/images/17743470797644503.jpg,train,0,,,,,,,,a36b02f536c53c8454cb5cd442b910356e9b46a620ee2fe29b12832b8a55377d,c78f9a1a0f0e1e8e,120,106,6078,137.797484,81.006720,239.728917,exact-9a0d49266d4f,near-054758cb40f9,quarantine,"MISSING_PROVENANCE:subject_id,session_id,clip_id,device_id"
c1b824ceba4f61ab5ff0,train/images/17743470798276677.jpg,train,0,,,,,,,,293311b380bb2bd61b5bf0e3d3aa12bcfefb06ea875c418373dd7f03def96111,c78f9a1a0f1e1e8e,120,106,5981,137.983412,80.928165,217.541155,exact-9f273a349b22,near-054758cb40f9,quarantine,"MISSING_PROVENANCE:subject_id,session_id,clip_id,device_id"
b3f971f7b5c7df61c891,train/images/17743470798582435.jpg,train,0,,,,,,,,5cdcfed7a76597ae5f8cc173651ac9cb4a894e9531e1aa350811e801e679ecf7,cf8f9a0b2f0f1e8e,116,103,5652,140.599933,79.846442,208.671208,exact-ac6a322dba52,near-054758cb40f9,quarantine,"MISSING_PROVENANCE:subject_id,session_id,clip_id,device_id"
0143e9f7ec6ddf243627,train/images/1774347079927392.jpg,train,0,,,,,,,,59f7a34be8c4365638c7dcac8b0dd08193e0af50d8f60e51e4e270a2e6d47224,cfcf9a1b2f0f1e8e,118,105,5893,139.337692,80.136867,222.993219,exact-7d7aa629ebc9,near-054758cb40f9,quarantine,"MISSING_PROVENANCE:subject_id,session_id,clip_id,device_id"
f64760d4059967f493a7,train/images/17743470799530551.jpg,train,0,,,,,,,,59f7a34be8c4365638c7dcac8b0dd08193e0af50d8f60e51e4e270a2e6d47224,cfcf9a1b2f0f1e8e,118,105,5893,139.337692,80.136867,222.993219,exact-7d7aa629ebc9,near-054758cb40f9,quarantine,"MISSING_PROVENANCE:subject_id,session_id,clip_id,device_id"
a678fd0760c974e2f0e1,train/images/17743470799882896.jpg,train,0,,,,,,,,20c031e682aa367ebc9ef0689a9affe224b24f8a3e867b4bf1f6333f123beaef,c7cf9a1b2f0f0e8e,117,104,5718,140.444938,79.994973,222.021671,exact-4cbe3d6227ab,near-054758cb40f9,quarantine,"MISSING_PROVENANCE:subject_id,session_id,clip_id,device_id"
617c3214e1c5631dd291,train/images/17743470800806456.jpg,train,0,,,,,,,,1a120b207d6dd402878e25fa8e4ac29b48f540c966f34c2d21b077d75f203610,cfdb1a0b4f0f1e8e,113,100,5586,143.573097,79.439155,238.128236,exact-eb861137efa0,near-054758cb40f9,quarantine,"MISSING_PROVENANCE:subject_id,session_id,clip_id,device_id"
f2322005f356c908c169,train/images/17743470801287372.jpg,train,0,,,,,,,,20e45a1f68b78b4809f6c11625996daee72fbe4d4bc2ede7d9137f26beef9280,cfcf9a1b0f1e1e8d,122,109,6240,135.592044,80.434843,209.631671,exact-753f5d07dca2,near-054758cb40f9,quarantine,"MISSING_PROVENANCE:subject_id,session_id,clip_id,device_id"
52ebdf255272a4ab62e0,train/images/17743470801583493.jpg,train,0,,,,,,,,4ecf95cd0bf903494e6f2abc3f9848834aacfb358c9f0750e999a864cc5e8c35,cfcf9a1b4f0f1e8e,118,105,5932,140.070299,80.168245,210.202819,exact-678fdf60f09b,near-054758cb40f9,quarantine,"MISSING_PROVENANCE:subject_id,session_id,clip_id,device_id"
244f4a7e6dc8496fe312,train/images/17743470801942286.jpg,train,0,,,,,,,,c53667b10424ba6522966c11fc2828a2b358036efb31ae3299bf7b868257203c,cfcf1a1b4f1f1e8d,120,106,5926,138.473664,80.477487,206.563569,exact-075441be7bc0,near-054758cb40f9,quarantine,"MISSING_PROVENANCE:subject_id,session_id,clip_id,device_id"
6bc27eda1fc6fe12fd44,train/images/17743470802259283.jpg,train,0,,,,,,,,c526df4dccf403ec66b247aabf2168d7c5d1e93eaa072dc138681ec03572e4d4,cfde1a1b4a1e1e8d,120,106,6028,136.943318,80.294219,225.297788,exact-7880bd7fe5dc,near-054758cb40f9,quarantine,"MISSING_PROVENANCE:subject_id,session_id,clip_id,device_id"
30d3cd4cc9a7ce54a77c,train/images/17743470802621388.jpg,train,0,,,,,,,,9f6dc96a838c81389239c1090f9293f2106f6cafc4553d3dc4fd58e24d643432,cfde1a1b4a1e1e8d,120,106,5932,137.238836,80.398714,217.328983,exact-d50d8ea32d67,near-054758cb40f9,quarantine,"MISSING_PROVENANCE:subject_id,session_id,clip_id,device_id"
8c7ad0297985e01f7c48,train/images/17743470803232515.jpg,train,0,,,,,,,,bfb0ab0644fd813b98488958e2bb470a4111cbe84b41851de193e2e23c3398a1,cfdf1a1b4f0f1e8e,114,102,5539,142.490626,78.949403,221.759210,exact-8fe1029e7f1d,near-054758cb40f9,quarantine,"MISSING_PROVENANCE:subject_id,session_id,clip_id,device_id"
6137e63e8b91916290b4,train/images/17743470803602164.jpg,train,0,,,,,,,,41b150b005261029877073bb89ba561c9c962134a4e3c5f619cb674a105c6ff3,cf9b1a1b4f1f1e8e,112,99,5195,145.565025,78.389134,220.915198,exact-eeb292e5d209,near-054758cb40f9,quarantine,"MISSING_PROVENANCE:subject_id,session_id,clip_id,device_id"
433001cc421372c9f259,train/images/17743470803945882.jpg,train,0,,,,,,,,41b150b005261029877073bb89ba561c9c962134a4e3c5f619cb674a105c6ff3,cf9b1a1b4f1f1e8e,112,99,5195,145.565025,78.389134,220.915198,exact-eeb292e5d209,near-054758cb40f9,quarantine,"MISSING_PROVENANCE:subject_id,session_id,clip_id,device_id"
cdc2e99a52bc2c4bf5cc,train/images/17743470804234781.jpg,train,0,,,,,,,,aa21d7e1a553129db5ca69fab59f0996c39ce7bb8a58e87da95a46236ead98b6,cf9b1a1b4f1f1e8e,117,104,5582,138.844675,79.260143,224.007852,exact-79672d8381e0,near-054758cb40f9,quarantine,"MISSING_PROVENANCE:subject_id,session_id,clip_id,device_id"
80a6d2a67766f2484740,train/images/17743470804857566.jpg,train,0,,,,,,,,f9bf3660220e8e4c7d013cfee2228a1e9d37ed4ebe6ff4ac06ea3279dcaac517,8fb73e575a1e1e9d,116,103,6106,141.133746,77.670578,334.108006,exact-457f8d7fda94,near-457f8d7fda94,quarantine,"MISSING_PROVENANCE:subject_id,session_id,clip_id,device_id"
745810cb9e2954abbffd,train/images/17743470805569084.jpg,train,0,,,,,,,,8ac1065c8941b3f3189082d7431fe028770042abc7f9a18bb77fc95fabc313e9,4f9a1b4b4f1f1e8e,117,104,5971,143.623849,77.727109,296.462250,exact-d8d0dedb4bda,near-054758cb40f9,quarantine,"MISSING_PROVENANCE:subject_id,session_id,clip_id,device_id"
d5ec6660590df3bed395,train/images/1774347080592242.jpg,train,0,,,,,,,,3106407fbc1e0e07dd15b618ba3730b0925411a60bd201d76cafbe35a0994746,4f9b1b5b4f1f1e8e,116,103,6016,146.862571,77.243602,320.140324,exact-61697e084834,near-054758cb40f9,quarantine,"MISSING_PROVENANCE:subject_id,session_id,clip_id,device_id"
4cfd0455f17437c1b51b,train/images/17743470806593232.jpg,train,0,,,,,,,,cef94575805fb6a919dea1a1fe64de842da268601c297a2de9232083d1ff2dcc,cf9b3b1b4d0f1f0f,112,99,5359,158.134289,74.347356,327.831425,exact-72b31cf00f8a,near-054758cb40f9,quarantine,"MISSING_PROVENANCE:subject_id,session_id,clip_id,device_id"
3a713071b7f29d69ca6e,train/images/17743470807261634.jpg,train,0,,,,,,,,12328a537210736fda6798db28c7ae02923fb21007f0dd8cdc72023854bbd25b,d79b1b5b4d0f1f8f,113,100,5514,158.173009,74.312651,261.209267,exact-85a0c85aa37d,near-054758cb40f9,quarantine,"MISSING_PROVENANCE:subject_id,session_id,clip_id,device_id"
c44996ca8f6483a5086f,train/images/17743470807537124.jpg,train,0,,,,,,,,b573c3650214331854d28e2b9a912db836e55399f8383ea99f8edfeec7e8e17f,4f9d190b2f0f0fc7,120,106,5935,149.064858,76.422491,245.863902,exact-a142832c40df,near-054758cb40f9,quarantine,"MISSING_PROVENANCE:subject_id,session_id,clip_id,device_id"
d51085bdc1ae5ec6846b,train/images/1774347080782337.jpg,train,0,,,,,,,,b9d1a2cd834e4684f0e673feca8d7a29ee15dfb577c6cd70ce227455e1e1ff27,5f9d194b2f0f0f8f,116,103,5693,155.128976,75.044540,280.195069,exact-5afa4f28eada,near-054758cb40f9,quarantine,"MISSING_PROVENANCE:subject_id,session_id,clip_id,device_id"
6a936563634881187215,train/images/177434708081257.jpg,train,0,,,,,,,,b9d1a2cd834e4684f0e673feca8d7a29ee15dfb577c6cd70ce227455e1e1ff27,5f9d194b2f0f0f8f,116,103,5693,155.128976,75.044540,280.195069,exact-5afa4f28eada,near-054758cb40f9,quarantine,"MISSING_PROVENANCE:subject_id,session_id,clip_id,device_id"
3a146eaf9670d9b3a0dc,train/images/1774347080874795.jpg,train,0,,,,,,,,57550eeaf2460f0e0bc6f3b676fbb92c2645c71edf25c7daedeb61aaa8d86990,5b9d19194f0f1f8f,110,98,5329,168.926623,68.796922,384.935069,exact-d6245609f934,near-d6245609f934,quarantine,"MISSING_PROVENANCE:subject_id,session_id,clip_id,device_id"
781b03371eb909e22545,train/images/17743470809312897.jpg,train,0,,,,,,,,ff973dfdbc04a3c7aab1d97bc91378db1005707b18222a4cffcb925f63e8d3b1,479b1b1b4d0f1f8e,122,109,6480,158.869003,74.642452,353.897186,exact-ad7a0849a3ea,near-054758cb40f9,quarantine,"MISSING_PROVENANCE:subject_id,session_id,clip_id,device_id"
267dad7d4e61e644155e,train/images/17743470809613764.jpg,train,0,,,,,,,,107f798ffa9346296af3fd425793a19fa5f8da7311a2b7f61506cca578239f92,873b3b3bdf5f1f1e,112,99,5285,174.533820,68.639777,345.729470,exact-ced6f3c05e1d,near-ced6f3c05e1d,quarantine,"MISSING_PROVENANCE:subject_id,session_id,clip_id,device_id"
14802deb03224c6a1460,train/images/1774347080999402.jpg,train,0,,,,,,,,4c8dc7c02de83be1a8409fd4085179123cbcbfe68c9e2046ce070407df20983e,479b1b1b4f0f1f0e,120,106,6068,166.792846,72.272414,336.425198,exact-61dd8cd59a50,near-054758cb40f9,quarantine,"MISSING_PROVENANCE:subject_id,session_id,clip_id,device_id"
ef03e899d6916a4f3740,train/images/17743470810834785.jpg,train,0,,,,,,,,14be2522c7fd1c6c4a517be23e703b931b210103b79d2aaddedb463cad294f42,479b3b1b4d0f1f0f,118,105,5942,170.725747,71.719101,370.696324,exact-fb7cfe0626a5,near-054758cb40f9,quarantine,"MISSING_PROVENANCE:subject_id,session_id,clip_id,device_id"
57be040b50c4456e546f,train/images/17743470811162288.jpg,train,0,,,,,,,,14be2522c7fd1c6c4a517be23e703b931b210103b79d2aaddedb463cad294f42,479b3b1b4d0f1f0f,118,105,5942,170.725747,71.719101,370.696324,exact-fb7cfe0626a5,near-054758cb40f9,quarantine,"MISSING_PROVENANCE:subject_id,session_id,clip_id,device_id"
7a4dd69ae21830332880,train/images/17743470811467426.jpg,train,0,,,,,,,,16d59c03d7f3808378733c7373f4db35523d697f68658ca3b46b2663630b8701,479b1b1b4f0f0f0f,118,105,5926,171.075141,71.534841,384.556352,exact-873bd5e10c28,near-054758cb40f9,quarantine,"MISSING_PROVENANCE:subject_id,session_id,clip_id,device_id"
ecf490671ef2a462f565,train/images/1774347081176948.jpg,train,0,,,,,,,,ea38ff167953d36c77e9e6d493ed6a976aa42094a0a62fc7b040ceadcbe2ad11,479b191b4f0f0f0f,121,108,6250,169.015305,72.285433,396.147129,exact-cca40327e9be,near-054758cb40f9,quarantine,"MISSING_PROVENANCE:subject_id,session_id,clip_id,device_id"
61f822489e871cbd8a18,train/images/17743470812036242.jpg,train,0,,,,,,,,84a0dcf1080b768b8567d850be9c9ca6b7816f47045e1e291cd5176e994cf3c9,4f99191b4f0f0f1f,117,104,5745,174.066979,69.465134,279.432658,exact-cf1881df6f16,near-054758cb40f9,quarantine,"MISSING_PROVENANCE:subject_id,session_id,clip_id,device_id"
fa652d522e59e4c47489,train/images/17743470812478688.jpg,train,0,,,,,,,,b63ebe412411a5c5455573977e8b2354ccbdd5bdb12e3a58cd602473c79f80af,cf9b191b4f0f0f8f,124,110,5977,165.652859,75.581129,216.253846,exact-7c22d3cf6ebf,near-054758cb40f9,quarantine,"MISSING_PROVENANCE:subject_id,session_id,clip_id,device_id"
d6fcc9c996f88b0bbfbf,train/images/1774347081279419.jpg,train,0,,,,,,,,0afac0760424425f22ae7d770d322950334479e76577bcdbd5f38d646cb495f8,cf1b3b1b4f0f1f0f,125,111,5991,163.815063,76.841377,223.182149,exact-f8b4b02c09cf,near-054758cb40f9,quarantine,"MISSING_PROVENANCE:subject_id,session_id,clip_id,device_id"
c8bc21b47b8dfa263983,train/images/17743470813172138.jpg,train,0,,,,,,,,ddc2aef6f95b3bd036f7214e8a94c58aa03f6d3d0531db564ddd1e2ac4e4f48b,cf1b1b1b4f0f0f8f,124,110,5883,163.974194,76.693414,203.504757,exact-79b50932dd99,near-054758cb40f9,quarantine,"MISSING_PROVENANCE:subject_id,session_id,clip_id,device_id"
7bc014abafa3ab1a93b2,train/images/177434708134496.jpg,train,0,,,,,,,,d91239879fa91599727aecba3667459e398b6bbd87776d01d2fee0ea658a9d0e,cf1b1b1b4f0f0f0f,124,110,5931,162.949633,77.376958,194.158857,exact-63a4b69673ba,near-054758cb40f9,quarantine,"MISSING_PROVENANCE:subject_id,session_id,clip_id,device_id"
4899474f6624448339d5,train/images/17743470814240518.jpg,train,0,,,,,,,,8a60362555f01c7f7c90acc9619248cf1122f5f5ed61639ffd7b470a96165e58,cf1b1b1b4f0f0f0f,121,108,5749,163.768365,77.151738,195.913978,exact-e49ec846db75,near-054758cb40f9,quarantine,"MISSING_PROVENANCE:subject_id,session_id,clip_id,device_id"
dcca30c3fa11dd425e6b,train/images/17743470814583213.jpg,train,0,,,,,,,,2405fd712cc601b35bdd3c6a1462b5fd45eccd87fd00e00552fb723a96d5741e,8f1b1b1b4f0f0f0e,121,108,5672,163.634144,77.928499,192.713859,exact-22f2c8e194c4,near-054758cb40f9,quarantine,"MISSING_PROVENANCE:subject_id,session_id,clip_id,device_id"
9d04dc06194344d4d0d8,train/images/1774347081497548.jpg,train,0,,,,,,,,69dcec795aceae943c9eeb7b0e7612ca4dfa1c928abbeb06db1ade111fd9db66,8f1b1b1b4f0f0f1e,122,109,5785,162.304106,78.734304,189.697784,exact-fe7c8b931420,near-054758cb40f9,quarantine,"MISSING_PROVENANCE:subject_id,session_id,clip_id,device_id"
5623d3f3a0698b28d43c,train/images/17743470816136837.jpg,train,0,,,,,,,,5a5348585d7fe98caaaa1d1b06871e2478a8e9bfa636af8f7b232f668406511d,cf1a1b1b4f0f0f0e,125,111,5929,159.178883,79.251904,201.512515,exact-ee0d6c299a70,near-054758cb40f9,quarantine,"MISSING_PROVENANCE:subject_id,session_id,clip_id,device_id"
8d0d2e0d9a4c9fb26dcf,train/images/17743470816436467.jpg,train,0,,,,,,,,b7ef870a56b13a016545b2f7181fa6cd157b4663394dcc60f17f1d279f2235f6,cf1a1b1b4f0f0f8e,125,111,5845,159.079928,78.512648,156.719199,exact-da28719dfd9c,near-054758cb40f9,quarantine,"MISSING_PROVENANCE:subject_id,session_id,clip_id,device_id"
fa9c7ad6746b3b1159bb,train/images/17743470817367446.jpg,train,0,,,,,,,,989c21369c051c9ac89f1edad642142796fb4573c12dc2f7ddad9e369e94ded7,cfdb991b4f0f0f8f,124,110,5890,159.395968,78.541392,177.909668,exact-672eb365c903,near-054758cb40f9,quarantine,"MISSING_PROVENANCE:subject_id,session_id,clip_id,device_id"
a8dd6843104ec2872f64,train/images/17743470817941492.jpg,train,0,,,,,,,,a8be142563211afad89e317d65da853cd4fc91f517dc252d644043e46f936435,cf5b191b4f0f0f0f,120,106,5555,163.889701,77.001952,192.223187,exact-a78000a5ff63,near-054758cb40f9,quarantine,"MISSING_PROVENANCE:subject_id,session_id,clip_id,device_id"
b1e23210213b359358ba,train/images/1774347081824138.jpg,train,0,,,,,,,,b80b2c14b58a82ebc05b169c0f3125986145f300422988b971c88466bfbf78c9,cf5b191b4f0f0f0f,121,108,5738,161.193373,78.553370,200.301067,exact-9589262630f7,near-054758cb40f9,quarantine,"MISSING_PROVENANCE:subject_id,session_id,clip_id,device_id"
96775373faac02314154,train/images/17743470818539054.jpg,train,0,,,,,,,,f0088813d400d5e2c14c42e3b37387f9d9de5a68be26e52535abd86b202d6103,cf9b1b1b4f0f0f0f,122,109,5800,158.573244,79.887483,204.728036,exact-0ee372d0a0fe,near-054758cb40f9,quarantine,"MISSING_PROVENANCE:subject_id,session_id,clip_id,device_id"
74f3024730c0ae36d0c3,train/images/17743470818887923.jpg,train,0,,,,,,,,8e64e4fb144ffa7c2df155159deb623e763559b8224ccbeedd3041593f9f3ac5,cf9b1b1b4d0f0f8f,122,109,5909,159.505565,78.832231,199.316667,exact-4fc779c823fd,near-054758cb40f9,quarantine,"MISSING_PROVENANCE:subject_id,session_id,clip_id,device_id"
3e55c098af89198717c9,train/images/17743470819264138.jpg,train,0,,,,,,,,84f24acd556d7cbfcd0de6723239789d15546b331cfab495788f0217926e2d9d,cf9b1b1b4d0f1f8f,122,109,5849,160.101970,78.811067,194.717933,exact-1a09807a0e69,near-054758cb40f9,quarantine,"MISSING_PROVENANCE:subject_id,session_id,clip_id,device_id"
2b87534f02a9823ac8d8,train/images/17743470819578032.jpg,train,0,,,,,,,,63fc230390260954e2510aa6e701470ab075dc61e20fa33e23d7c1ebe21ebf33,cf9b1b1b4f0f0f8f,121,108,5716,162.406642,77.890107,202.240608,exact-a7bb44725889,near-054758cb40f9,quarantine,"MISSING_PROVENANCE:subject_id,session_id,clip_id,device_id"
9a5972ea25e051f0cb48,train/images/17743470820515296.jpg,train,0,,,,,,,,d1424ae5f9cb2a5baca7d05a8935576c2282c7a0eb6d1882ed68534daf204da6,cf9b1b1b4f0f0f8f,125,111,5930,153.939027,80.157622,199.033400,exact-eb5af8ab99b5,near-054758cb40f9,quarantine,"MISSING_PROVENANCE:subject_id,session_id,clip_id,device_id"
76122c9f61b8750e4c62,train/images/17743470821107297.jpg,train,0,,,,,,,,2f428e410d0a2c97793712bf9d47c0cbbc562c5f2e4896b1c769c3aaf5b32875,cf9b1b1b4d0f0f8f,121,108,5888,155.344888,79.358806,214.213343,exact-ce63ea0809ce,near-054758cb40f9,quarantine,"MISSING_PROVENANCE:subject_id,session_id,clip_id,device_id"
046859c1c2fd9654f242,train/images/17743470821483388.jpg,train,0,,,,,,,,ae48f5f6d0127981efb98b3786bc21ee4d5f03b8b663d9dbd720e7edf2aba2d6,cf9b1b1b4d0f0f8f,122,109,5867,154.054895,79.587825,203.292312,exact-2c674047a16d,near-054758cb40f9,quarantine,"MISSING_PROVENANCE:subject_id,session_id,clip_id,device_id"
8e9e43a515d09fbbb50d,train/images/17743470821806564.jpg,train,0,,,,,,,,d7b1eb84fc275d44ec4315a436b91da16b455e4b93ce9cd847070718ef6af04a,cf9b1b1b4f0f0f8f,125,111,5973,150.004541,80.986959,219.594388,exact-934aa7be7dea,near-054758cb40f9,quarantine,"MISSING_PROVENANCE:subject_id,session_id,clip_id,device_id"
ec912d7c1025433977c7,train/images/17743470823254504.jpg,train,0,,,,,,,,2c4fb7222bc08ce37a54514c09dd05ef042ebc9a406fd36452d56364ff1e3d34,4f9b1b4b4f0f0f8f,124,110,5898,145.466422,80.827895,172.362793,exact-36c321ad538f,near-054758cb40f9,quarantine,"MISSING_PROVENANCE:subject_id,session_id,clip_id,device_id"
5e7b7ff8f9b72d5e1c84,train/images/17743470823507235.jpg,train,0,,,,,,,,610ee54b2e80b5502eefb349995aba3f1dd0837a5f156ff8dc43c2884b9b118d,4f9b1b5b4f0f0f8f,122,109,5892,147.471800,80.407494,202.383231,exact-728edd27debc,near-054758cb40f9,quarantine,"MISSING_PROVENANCE:subject_id,session_id,clip_id,device_id"
484e2a69f1a51892e0a5,train/images/17743470824877708.jpg,train,0,,,,,,,,f92be528186393c0cf34afc405de53879b0168808ea12aaf099c1bb016efa0c7,cf9b1b0b6f0f0f8f,124,110,5928,147.875806,80.000262,215.401333,exact-8ffe8459134b,near-054758cb40f9,quarantine,"MISSING_PROVENANCE:subject_id,session_id,clip_id,device_id"
57506348fe047a659b6c,train/images/1774347082515809.jpg,train,0,,,,,,,,da5b43f0b574d2f7cd2305eeaa722a3ab13cf576718ce2f4db9c34255ec9bc76,cf9f1d0f6f0f0f8f,124,110,5774,149.163416,79.824684,192.018705,exact-99cf15ac55d5,near-054758cb40f9,quarantine,"MISSING_PROVENANCE:subject_id,session_id,clip_id,device_id"
36e8a7814b4268cf922f,train/images/17743470825462403.jpg,train,0,,,,,,,,0d385155826ccb5fcaede3636c02323d1b48cf3db64992b61a74d929cbcc1553,cf9b1d0d2f0f0f8f,125,111,5830,148.530811,80.581169,198.513066,exact-6a7a1382f96c,near-054758cb40f9,quarantine,"MISSING_PROVENANCE:subject_id,session_id,clip_id,device_id"
5149914dd48bcbae591a,train/images/17743470825767193.jpg,train,0,,,,,,,,12b1240ad85496016f136b12c481665f13b4a031c566edfe2ef0755a1f0b4655,cf9b1d0d2f0f0f8f,125,111,5736,149.096793,80.645955,176.685585,exact-3c98b2624d1e,near-054758cb40f9,quarantine,"MISSING_PROVENANCE:subject_id,session_id,clip_id,device_id"
c604c199710b43cddc0e,train/images/17743470826255243.jpg,train,0,,,,,,,,d6e4f57df162b07bde372a1d7778e2c2cdd33f0a7a1463df96f769d204a7100c,0f9b1d0d6f0f1f8f,121,108,5489,154.776860,79.059565,158.827385,exact-4aa7c75f447a,near-054758cb40f9,quarantine,"MISSING_PROVENANCE:subject_id,session_id,clip_id,device_id"
17c3342b57228c8f82c5,train/images/17743470826524515.jpg,train,0,,,,,,,,fd6eb8ab8a9b6aeb1c048d57c62b481171c18caf14c6e3369539d48fdda6e083,079f1d2d270f0f87,124,110,5767,150.187757,80.874428,164.820944,exact-2e1943902be9,near-56e12088f13f,quarantine,"MISSING_PROVENANCE:subject_id,session_id,clip_id,device_id"
8926e9ff64b0b83d7633,train/images/17743470826844795.jpg,train,0,,,,,,,,b19b846b0a4b00c30fb90fbfa803e7f962408e6beee6667a2287d5617467f287,0f9f1d0d672f0f8f,120,106,5375,157.599764,78.077420,160.185010,exact-2ced184d8477,near-054758cb40f9,quarantine,"MISSING_PROVENANCE:subject_id,session_id,clip_id,device_id"
6b0958d73260e95bea3f,train/images/1774347082749229.jpg,train,0,,,,,,,,653f35d50d928b6793b162c3650f48e12ebedac18d46b0187ac15074de2cd882,0f8f1d1d37170fc7,126,112,5773,146.341270,81.627549,170.117279,exact-0be057bbbdf7,near-604161be429f,quarantine,"MISSING_PROVENANCE:subject_id,session_id,clip_id,device_id"
43ae5e109278c672ee29,train/images/17743470828180404.jpg,train,0,,,,,,,,c09871dbc7253d2102fcd3350aa16d3b4f4bbbf15f28cbb035ce16ac68008540,0f0f1f3737170fc7,124,110,5645,146.393622,80.894859,169.322531,exact-c211bfaf37ed,near-a6fb97589b5b,quarantine,"MISSING_PROVENANCE:subject_id,session_id,clip_id,device_id"
ca63ccc710f0ff807144,train/images/17743470828469765.jpg,train,0,,,,,,,,a501a17dc6291bf7239a89ec3bedeb45658f8d0dd423cff930040d9aa2278fee,0e1f1f3737170fc7,122,109,5588,146.295082,80.265173,173.875814,exact-52a6932d5af5,near-a6fb97589b5b,quarantine,"MISSING_PROVENANCE:subject_id,session_id,clip_id,device_id"
bb9b1d395e079335c773,train/images/17743470829766228.jpg,train,0,,,,,,,,8a9338c8250d26b6332004ffbfe341e9ae0d0bb37e9f4db8fbcb83ad702b0d7c,0e0f1f1717078746,129,115,6052,129.117964,81.575325,145.849448,exact-4f6ceab7942f,near-a6fb97589b5b,quarantine,"MISSING_PROVENANCE:subject_id,session_id,clip_id,device_id"
7e9d90974d45d1ad4d68,train/images/17743470830062978.jpg,train,0,,,,,,,,f132f5a85c7b7cb125f201d1a72a15a032dfe838b4a194e215add9a2aed391ce,0e0f1f1717078746,129,115,6089,129.177890,81.524432,164.512398,exact-19e639b064bd,near-a6fb97589b5b,quarantine,"MISSING_PROVENANCE:subject_id,session_id,clip_id,device_id"
017b30dc4e277f9ec395,train/images/1774347083087878.jpg,train,0,,,,,,,,742fa613d636528ee8747516d3a58ae1e7a6feb113d51b071ab924a1a606520c,0e0f1f1737078f46,128,114,5896,130.838610,81.458315,170.389247,exact-aa4b0d224e2b,near-a6fb97589b5b,quarantine,"MISSING_PROVENANCE:subject_id,session_id,clip_id,device_id"
17c8931bac2e5e49340d,train/images/17743470831230938.jpg,train,0,,,,,,,,e085fc5e357818a7887d6311d5ad553ebe79ced69aaf79231851ff0b33f23cd1,0e8f1f3716078766,133,118,6354,129.414044,81.362480,164.631371,exact-1ba71fb68025,near-a6fb97589b5b,quarantine,"MISSING_PROVENANCE:subject_id,session_id,clip_id,device_id"
96402c3a195be0fc35b8,train/images/17743470832205603.jpg,train,0,,,,,,,,c554a4bcd76851cc34f1f4604c44b139ab2c37c580c8613f1a4937d29c8e3020,4e9e1f2f260f0fce,132,117,6919,137.098614,80.418210,246.092441,exact-e0687aaa8689,near-054758cb40f9,quarantine,"MISSING_PROVENANCE:subject_id,session_id,clip_id,device_id"
1f71a69fdba1cad82ba8,train/images/17743470832478514.jpg,train,0,,,,,,,,72971c19d967dd96f55a8ef988953abd3d6c5cadbd4d737d47a02f727b859e64,4f9e1f0f2e0f0f8e,129,115,6514,141.528413,79.514919,266.300040,exact-c91bcd9ef396,near-054758cb40f9,quarantine,"MISSING_PROVENANCE:subject_id,session_id,clip_id,device_id"
80dc3e76060380af6978,train/images/1774347083276758.jpg,train,0,,,,,,,,69462de6d186a7626ecf2e53b78381fca81da4554e78552ecec21d0f42511546,cf9f1f0f2e0f0fce,132,117,7014,137.740676,80.538487,254.435981,exact-777abbc10ddf,near-054758cb40f9,quarantine,"MISSING_PROVENANCE:subject_id,session_id,clip_id,device_id"
b1058c09bf558892ca11,train/images/17743470833154292.jpg,train,0,,,,,,,,988d7ed60ac2e628133faac603f431f62c2ef082d9d1ae353e420bd4195b979a,cf9f1d0d2e0f0f8e,124,110,6098,145.843695,78.418781,293.171670,exact-b18a5e6b50af,near-054758cb40f9,quarantine,"MISSING_PROVENANCE:subject_id,session_id,clip_id,device_id"
dfdb0f4da777a7013bac,train/images/17743470834099026.jpg,train,0,,,,,,,,3bd484ff26cc0cbbc55e7ecb482490872e882ddb634edeaf10b3815f63600b39,cf9b1b0b4c0f0f8e,122,109,6060,144.398631,78.605684,221.721673,exact-65956c853f20,near-054758cb40f9,quarantine,"MISSING_PROVENANCE:subject_id,session_id,clip_id,device_id"
43830366dd0e693f09fb,train/images/17743470834407954.jpg,train,0,,,,,,,,8f583c87af2d2fceb26a6077c3bcf00ade8ccb4a2a0b447b74d1890a9faf4443,cf9b1b0b2e0f0ecf,128,114,6450,135.978344,80.604761,282.647254,exact-3e8a9277880d,near-054758cb40f9,quarantine,"MISSING_PROVENANCE:subject_id,session_id,clip_id,device_id"
f0bdee2819912caef661,train/images/17743470834877625.jpg,train,0,,,,,,,,017e12735b2209995cdc99bf8341771c9834ddd1c77eda33560a37c3a5f1f169,cf9b1b0b4e0f0e8e,122,109,6102,141.027673,79.373887,231.266164,exact-23765fc69c4e,near-054758cb40f9,quarantine,"MISSING_PROVENANCE:subject_id,session_id,clip_id,device_id"
ad8b88cf9c87db65939d,train/images/17743470835592978.jpg,train,0,,,,,,,,064406e6f9ca7eab5bb18f0257b3e33b4779afef48ae123ef7bfc2a2b076b91b,cf1233135f1e1e1e,117,104,5628,146.783448,76.061069,302.642118,exact-6793f9e266ce,near-d947a58d8bab,quarantine,"MISSING_PROVENANCE:subject_id,session_id,clip_id,device_id"
bfd1581ff89a321672f9,train/images/17743470836182814.jpg,train,0,,,,,,,,e5fb9cfae36c864c0b4e4912f59528926141ee3c0e498eaae45286fa1bce6bc7,cf1733339b1f1f1f,110,98,5161,153.396939,74.334189,293.060981,exact-f23173a6a69e,near-d947a58d8bab,quarantine,"MISSING_PROVENANCE:subject_id,session_id,clip_id,device_id"
3955e40ba9ea44389373,train/images/17743470836491451.jpg,train,0,,,,,,,,d6a9faa9dd5aeed5e65b9b3e274b04450f2e0382872f51bdaf83d31e548ba39e,cf1632371b1f1e1f,117,104,5573,144.331690,77.487447,299.397056,exact-9e645831962e,near-d947a58d8bab,quarantine,"MISSING_PROVENANCE:subject_id,session_id,clip_id,device_id"
7807654f6ca7cd1c525a,train/images/17743470837091331.jpg,train,0,,,,,,,,6153dc3318fc726898ba76ad806763b1f95755a6da30bfb805d3f626116da4d1,8f3333379b1f1f1f,113,100,5170,146.772832,75.938762,260.386376,exact-3ab57220f1f1,near-d947a58d8bab,quarantine,"MISSING_PROVENANCE:subject_id,session_id,clip_id,device_id"
b781c20c93bb59093ad7,train/images/17743470837423873.jpg,train,0,,,,,,,,35394382766db35cfc5b9086ee572ba9cb985ab1b371d9b1fd864dc4bc1fb695,8fb333379b1f1f1f,112,99,4946,147.919372,75.301767,257.879651,exact-ed909f604792,near-d947a58d8bab,quarantine,"MISSING_PROVENANCE:subject_id,session_id,clip_id,device_id"
5e558496e01985518360,train/images/17743470837759933.jpg,train,0,,,,,,,,278766c708b9852830e056b9500ade0de1e54074e41013e9f9c6c92560ca32c8,8f3333331b1f1f1f,108,96,4584,153.056038,72.556065,227.756623,exact-8b7a686fc953,near-d947a58d8bab,quarantine,"MISSING_PROVENANCE:subject_id,session_id,clip_id,device_id"
d6426357b8eb358e8f6f,train/images/17743470839227147.jpg,train,0,,,,,,,,1ecb963495187615eac76c560f95fcc210923eb8c1e361859c35a468d1931daa,cf9736371f1f1f1f,124,110,5880,130.717669,79.485784,189.791029,exact-4e67c080014a,near-d947a58d8bab,quarantine,"MISSING_PROVENANCE:subject_id,session_id,clip_id,device_id"
6de273f24bb05f1f8e8b,train/images/17743470839495168.jpg,train,0,,,,,,,,1f01ce6c84607130ffe42d04ef24c94a6f91188255b491dd0a68021cf75611ab,cfb727371f1f1f1f,118,105,5568,136.346328,77.994025,200.597599,exact-75cc7328c04a,near-d947a58d8bab,quarantine,"MISSING_PROVENANCE:subject_id,session_id,clip_id,device_id"
ba603f58ebba86034bc0,train/images/1774347083987122.jpg,train,0,,,,,,,,93006fc195eef6678f6e5eae5b141052fa07e9670dff57253fa5c1ea12d4ab0a,cfb737371f1f1f1f,120,106,5473,133.190645,78.544717,186.043930,exact-59fefacb1435,near-d947a58d8bab,quarantine,"MISSING_PROVENANCE:subject_id,session_id,clip_id,device_id"
39ed12b3233e92559dbe,train/images/17743470840161564.jpg,train,0,,,,,,,,49d5776813558cee8a638f254c5592c820eff8375ebe888b163377d2224e403a,cf1333371f1f1f1f,120,106,5460,132.893160,78.230103,185.964379,exact-33afd662cef4,near-d947a58d8bab,quarantine,"MISSING_PROVENANCE:subject_id,session_id,clip_id,device_id"
bf42352356bd08444402,train/images/17743470840501316.jpg,train,0,,,,,,,,0ce1d6ddf105ec3ece139ecc4d1a93190fb09d6a34688b68e5685adca999c746,4f3333371f1f1f1f,114,102,5138,138.523048,76.614244,213.303064,exact-1e7f898d3483,near-d947a58d8bab,quarantine,"MISSING_PROVENANCE:subject_id,session_id,clip_id,device_id"
47ee8ee65bfe29d4bf8b,train/images/1774347084114038.jpg,train,0,,,,,,,,e42377002e22f3c7bffa5f682f8b2b6afb3e7f6d01549dd7e14e0f768bec9afe,cf2627371f1f1f1f,113,100,5148,139.645044,76.066964,210.305815,exact-202fd26f14d6,near-d947a58d8bab,quarantine,"MISSING_PROVENANCE:subject_id,session_id,clip_id,device_id"
8472d0a404a61d4cc243,train/images/17743470841763382.jpg,train,0,,,,,,,,efea599a6a602ec3610b5f3070624a76327bc57dd14294dbb451a84ed7c5b8f7,8f2737371f1f1f1f,113,100,5123,137.375398,75.914923,201.481414,exact-871c39835ef0,near-d947a58d8bab,quarantine,"MISSING_PROVENANCE:subject_id,session_id,clip_id,device_id"
8a45c66f8bd5e4de5ab9,train/images/1774347084239749.jpg,train,0,,,,,,,,e2e327e9115d9ef747b18a808ef112bc056f053a2200052235a8e9e0279113c3,cf3636175f1f1f1f,117,104,5243,128.343031,77.659554,168.910065,exact-501883ce12ba,near-d947a58d8bab,quarantine,"MISSING_PROVENANCE:subject_id,session_id,clip_id,device_id"
aee46d851c40dd98cab7,train/images/17743470842696683.jpg,train,0,,,,,,,,a1b474b15f02e90119f231d312df91e7ba69bd1d51a3786624b144c682bc28a5,8f1636375f1f1f1f,118,105,5386,126.903874,78.002060,172.127984,exact-204a58c3197e,near-d947a58d8bab,quarantine,"MISSING_PROVENANCE:subject_id,session_id,clip_id,device_id"
067268d676534cd22cc3,train/images/17743470843220274.jpg,train,0,,,,,,,,a283b98bd76b0072216a125c3dbd57280ce8089201ad2230363a6ce450ac785d,8f1632375f1e1e1f,121,108,5593,122.966789,78.966235,186.908980,exact-f7ec2d2600c8,near-d947a58d8bab,quarantine,"MISSING_PROVENANCE:subject_id,session_id,clip_id,device_id"
4cb3e139f55cb83a4dff,train/images/17743470843503413.jpg,train,0,,,,,,,,a0cea4851ba4d3dc4ed6a9e0d8eea1e3d346777ba6ab5e28ceb35116fbc7b973,8f1f1a3b4f0f1f0f,121,108,5558,121.869299,78.773178,195.558764,exact-3b7dc65fd47f,near-3b7dc65fd47f,quarantine,"MISSING_PROVENANCE:subject_id,session_id,clip_id,device_id"
a204c02eee1077435363,train/images/17743470843803015.jpg,train,0,,,,,,,,a8ede1e384fa9e0f855beb85a11cd2b13509374b05e1ff70e876897da46a2f8a,8f5e1a1b4e0e1e8e,125,111,5695,117.537874,79.360371,165.019473,exact-c17ec73c8024,near-054758cb40f9,quarantine,"MISSING_PROVENANCE:subject_id,session_id,clip_id,device_id"
0ffbfb269455c26982c6,train/images/17743470844476383.jpg,train,0,,,,,,,,e8f90247707dde959dc516dbf007579fde003ee687cf65bcc0b172ff8beda823,cf5b1a1b6f0f0f0f,121,108,5594,118.118916,77.966052,191.041963,exact-255afccc8af6,near-054758cb40f9,quarantine,"MISSING_PROVENANCE:subject_id,session_id,clip_id,device_id"
61359be5a89d91b7329c,train/images/1774347084511213.jpg,train,0,,,,,,,,131e01680d7e7ee634087711c71d137ea6ccf57123ea17b02037284a6bfdddac,cf4b9a1b2e0f0f4e,128,114,5936,112.750548,78.287120,169.551929,exact-92151fcdb9a5,near-92151fcdb9a5,quarantine,"MISSING_PROVENANCE:subject_id,session_id,clip_id,device_id"
292861fe9af6a84206fb,train/images/17743470845455804.jpg,train,0,,,,,,,,8027bb1149ae50924e32bf2965054026656fcaeb2e08b1069c9c36879c0e5fdb,cf1b1a1b0e0e0e8e,126,112,5672,115.391440,77.477762,161.554126,exact-40e485376e18,near-054758cb40f9,quarantine,"MISSING_PROVENANCE:subject_id,session_id,clip_id,device_id"
6f841b253ddc46891f95,train/images/17743470845862534.jpg,train,0,,,,,,,,641ff4d20d8cfa4ebdffee53286feb528952e32de79f77f138da95a3ecac350e,cf1b1a1b2e0e0e8e,125,111,5660,117.765405,76.788970,158.654943,exact-5cd5e6e836cd,near-054758cb40f9,quarantine,"MISSING_PROVENANCE:subject_id,session_id,clip_id,device_id"
ce8e815a6604cf34fad5,train/images/177434708470445.jpg,train,0,,,,,,,,ba93ce58255b87664f5b6459c864c5a28eb3f02045b91e2e2ade475490171188,8f9b9a1b4e0e0f8e,121,108,5520,125.465335,73.868928,195.739325,exact-4eec6372c08f,near-054758cb40f9,quarantine,"MISSING_PROVENANCE:subject_id,session_id,clip_id,device_id"
59ab979a5d840b82a137,train/images/1774347084752738.jpg,train,0,,,,,,,,884061c904892ae3e7b90a254fb4cdc954efed238d33c5f926d6f65dcf052412,8f9b9b1b4f0f0f8e,120,106,5524,126.532626,72.961511,233.829579,exact-169564455792,near-054758cb40f9,quarantine,"MISSING_PROVENANCE:subject_id,session_id,clip_id,device_id"
ea2d25d6c531b74da218,train/images/17743470848463469.jpg,train,0,,,,,,,,ebe36eca63799b9d1b43780e03e270c3bae98411d0f73fad2d218d6c7d1285ee,cf9a3a1b4e0e1f0e,117,104,5061,131.901956,71.309779,169.346551,exact-9b5173ba93de,near-054758cb40f9,quarantine,"MISSING_PROVENANCE:subject_id,session_id,clip_id,device_id"
4a99ce1e12fbf775759e,train/images/17743470848821971.jpg,train,0,,,,,,,,d33933a5e1a4dcdef1e85e8769810035c06ef8fc105be8c7fe129ca48d88350d,cfdb1a1b4e0f0f8e,120,106,5460,128.808726,72.732258,177.834334,exact-d9521266ec77,near-054758cb40f9,quarantine,"MISSING_PROVENANCE:subject_id,session_id,clip_id,device_id"
cbd1fbbb4c858ffca0d3,train/images/17743470849149306.jpg,train,0,,,,,,,,060fed8ce01a9c41a3aeac8d55e53f57f56bd30a25b4278fe0856e4433e3f791,cfda1a1b4e0e1e8e,124,110,6003,124.619575,74.449613,246.774935,exact-d2675c478d2c,near-054758cb40f9,quarantine,"MISSING_PROVENANCE:subject_id,session_id,clip_id,device_id"
641ea654e99bccdc289c,train/images/1774347084943183.jpg,train,0,,,,,,,,399dfea2790145d16abf12d684b4d8022239b8ae50e2cba89a88bd565713181b,0f9e3a1a4e1e1e8e,122,109,6045,124.572417,74.717129,259.329626,exact-bd54ada85755,near-054758cb40f9,quarantine,"MISSING_PROVENANCE:subject_id,session_id,clip_id,device_id"
8f3e3fd7f400ab607ed6,train/images/17743470850135517.jpg,train,0,,,,,,,,dbeb3ea9d36dda6c60d7092bbe8374fd981656b68b571467a6fcb05cf5361362,9f1e1a1a4e0e1e8e,121,108,5803,118.916437,73.618046,161.026001,exact-2f1223e9508a,near-054758cb40f9,quarantine,"MISSING_PROVENANCE:subject_id,session_id,clip_id,device_id"
de218c0593e1317ca728,train/images/17743470850435581.jpg,train,0,,,,,,,,f667b01e50cd2448cb22ff852653ef44242c18cad5c6aa85e11686d34e768bf3,1f1e3a1a4e1e1e8c,118,105,5575,118.644633,72.927514,149.644076,exact-8c9eda5bb5b3,near-054758cb40f9,quarantine,"MISSING_PROVENANCE:subject_id,session_id,clip_id,device_id"
46bde6cf2771ce1e2a86,train/images/1774347085104172.jpg,train,0,,,,,,,,b9ccbb50fcaa6bacd0448096d8c8906babaca11a2f76b4cc8f7bc0db3b1c5d4d,8f9a9a0b2e0e0ece,121,108,5713,105.825758,73.136662,148.706855,exact-930f7bc78c23,near-054758cb40f9,quarantine,"MISSING_PROVENANCE:subject_id,session_id,clip_id,device_id"
a6413e34de013089bd0c,train/images/17743470852204008.jpg,train,0,,,,,,,,945c07fe1c63fc1d4ab5b5160de3fb18df55b8c0f2b2ad258dc029496d52d432,cf5a9b0b0f0f0ece,118,105,5442,102.373769,73.223002,215.888921,exact-cf085574d40e,near-054758cb40f9,quarantine,"MISSING_PROVENANCE:subject_id,session_id,clip_id,device_id"
d2477611c0099dafc863,train/images/17743470852475798.jpg,train,0,,,,,,,,478a8e14b38dd0d7ba803ae4be5e4737f3c7198f5f592585a9bcd90514295349,cf5b9b0b2e0e0ec4,122,109,5838,98.299368,73.952294,227.252581,exact-51f8abfe29ee,near-51f8abfe29ee,quarantine,"MISSING_PROVENANCE:subject_id,session_id,clip_id,device_id"
0a2198a7076c4bd295d1,train/images/17743470852780962.jpg,train,0,,,,,,,,de5180c8535fb1f99bf8cd4d5557b86e76dd2ba05de1f19f6c3b55af32d5077f,cfdb9b1b4f0e1e8e,117,104,5582,106.377794,73.040820,260.583049,exact-3f613c55d57f,near-054758cb40f9,quarantine,"MISSING_PROVENANCE:subject_id,session_id,clip_id,device_id"
2b37745dd6ec5d7c34e9,train/images/17743470853107634.jpg,train,0,,,,,,,,fea04ea26ee68221294e60e54a06782b207cc65f6e50d878df9b3656711c92ee,cf4b9b2b2f0f0e4e,122,109,5919,100.437133,73.470860,215.341576,exact-a0b5322afbb0,near-054758cb40f9,quarantine,"MISSING_PROVENANCE:subject_id,session_id,clip_id,device_id"
37398ad10beba62489cc,train/images/17743470853433495.jpg,train,0,,,,,,,,7de77e00899de3c270a47ca96096d5a6be1e4e10f3fd0e71d2e18a3e478b82e8,cf5b9b1b0f0e1e8c,121,108,5994,106.242883,72.533020,231.933737,exact-952795a1f797,near-054758cb40f9,quarantine,"MISSING_PROVENANCE:subject_id,session_id,clip_id,device_id"
cbca037c1becb60ec725,train/images/17743470853780472.jpg,train,0,,,,,,,,70d25dac1b9435a3a415ba827b0aaeabee10d31b9f59ec21db30b470ac0ef124,cf5ebb334f1e1e9c,117,104,5557,113.573225,71.379271,218.779098,exact-af9d0081b521,near-af9d0081b521,quarantine,"MISSING_PROVENANCE:subject_id,session_id,clip_id,device_id"
cee68c432fef5c641827,train/images/17743470855027883.jpg,train,0,,,,,,,,b15beb388e6776fac8719dd8e1a93e753a4affe43e45b65d1bee3a49ea715de7,8f8f9a1a4b0e1e1e,118,105,5710,119.130751,71.999884,261.282220,exact-1421ff611c93,near-1421ff611c93,quarantine,"MISSING_PROVENANCE:subject_id,session_id,clip_id,device_id"
2bc076032365ad491cc3,train/images/17743470855375905.jpg,train,0,,,,,,,,22d5f8895c1e44b5524f0a1abc69a5056c26d3d1e93ea3cf1f94b4b952fe3c60,8f5e1a3a4b0e1e1e,116,103,5673,120.063107,72.047530,262.792972,exact-d8d1713dc581,near-d8d1713dc581,quarantine,"MISSING_PROVENANCE:subject_id,session_id,clip_id,device_id"
c9b6f29e09deb8fb9b68,train/images/1774347085569242.jpg,train,0,,,,,,,,594f237f355fd465d9918065e7aea2c3914729c1764af73b6a6695c6861e7ccb,8f5f9a1a4f0e1e8c,118,105,5803,118.675383,72.687874,225.871757,exact-8a80efe71cf1,near-8a80efe71cf1,quarantine,"MISSING_PROVENANCE:subject_id,session_id,clip_id,device_id"
95e374f0eb7b98122d2c,train/images/17743470856164072.jpg,train,0,,,,,,,,9d1b82effe6ce4ef04d2086bf5a62025118b8def09758ce21254c82aa220944c,8f5f1f1b4f0f0f8e,112,99,4888,123.923882,72.271018,180.315290,exact-5f93230da0c7,near-054758cb40f9,quarantine,"MISSING_PROVENANCE:subject_id,session_id,clip_id,device_id"
764be5e60397ca02b708,train/images/17743470856502085.jpg,train,0,,,,,,,,d8df36fb12b65b1fc9d4db4fce5244e6aebac82747ae84b6ceefced1af980d93,8f9f3b3b4f0e1e8e,114,102,5311,122.230564,73.299532,182.567378,exact-cdc8d01a6ab3,near-cdc8d01a6ab3,quarantine,"MISSING_PROVENANCE:subject_id,session_id,clip_id,device_id"
3dbf303aefe1ba68357e,train/images/17743470857804885.jpg,train,0,,,,,,,,1d97d3034c1820e1b20503002669b705f7051d7508a4e98b3bcf5ebd68a7d4fc,cfcb9b1b0f0f1e8e,118,105,5685,119.362389,75.396171,257.837811,exact-74ed65a2d22a,near-054758cb40f9,quarantine,"MISSING_PROVENANCE:subject_id,session_id,clip_id,device_id"
1df108a6a2bf9dd9a421,train/images/17743470858123527.jpg,train,0,,,,,,,,74dcf4d0e69bbed79d87f2e4363fca86acb3e1f9cc8cf29caecafc4020dacf36,8f8b9b1b0f0e1e8e,121,108,5903,116.906642,75.925933,274.727893,exact-700e459d870c,near-054758cb40f9,quarantine,"MISSING_PROVENANCE:subject_id,session_id,clip_id,device_id"
78f929222e9f541da3f0,train/images/17743470858460987.jpg,train,0,,,,,,,,eabda551d0659e338b56ab9fbfae590ce0cde4c70c591e4d09757b67cc3878ae,8f8b9a1b0f0e0e8e,120,106,5786,123.993082,76.776163,260.162654,exact-f804663d999e,near-054758cb40f9,quarantine,"MISSING_PROVENANCE:subject_id,session_id,clip_id,device_id"
c95f71b8878058b16a37,train/images/17743470858771594.jpg,train,0,,,,,,,,9e4a6b33fa339aeb1bc4b2fec85431f11d2104de7b83e0131f8a95b9b42dddbd,8f9b1a1b0f1f1e8e,118,105,5374,121.684423,77.893988,163.452127,exact-e38ab7d3075c,near-054758cb40f9,quarantine,"MISSING_PROVENANCE:subject_id,session_id,clip_id,device_id"
63b1775031d4dec6c517,train/images/17743470860179365.jpg,train,0,,,,,,,,ec5b341f1afb96f1e80e072ba30f002051a4ad30e32697a769ff1bf77e5ece32,4f9b1b0b2f1f8ec7,121,108,5478,115.057316,79.867799,179.398829,exact-0359bdb72fa3,near-054758cb40f9,quarantine,"MISSING_PROVENANCE:subject_id,session_id,clip_id,device_id"
e5a2036a0b419d2dcb51,train/images/17743470861125815.jpg,train,0,,,,,,,,de43fd736607fb1c2528f54a5a2ff13a3f2aeaf355deb7639719cd815bb2c1b9,cfdf992b2f0f0f4f,121,108,5589,118.352923,79.257863,189.670059,exact-13b4088f2f9a,near-13b4088f2f9a,quarantine,"MISSING_PROVENANCE:subject_id,session_id,clip_id,device_id"
87431fd162a1ad16d4cf,train/images/17743470862777374.jpg,train,0,,,,,,,,22c0b502ca52de2a93a24544f5bab3ffc598bda3780c3c4bc0e37789184b6ef8,8f8a9a2b2f0f0e46,130,116,6616,110.415650,79.353215,223.411753,exact-8e93e440f571,near-8e93e440f571,quarantine,"MISSING_PROVENANCE:subject_id,session_id,clip_id,device_id"
776d8a81d3659b9c938f,train/images/1774347086304839.jpg,train,0,,,,,,,,e9de24496502d19e631363fa5c71b5b475d91e61cebc12152f4dd9dc15f0daf8,8f9a1a2b0f0e8e66,130,116,6474,108.806034,79.646108,219.520239,exact-9988ad0a66f2,near-9988ad0a66f2,quarantine,"MISSING_PROVENANCE:subject_id,session_id,clip_id,device_id"
9b755383c653ffe68ef7,train/images/1774347086375837.jpg,train,0,,,,,,,,e519ed059a2ffab3d6cac0bdb16bde6ccaa2eaa3f8130c3876f4faccb096e6b3,878f1e270f0f4e62,132,117,6789,106.822909,79.061123,219.025074,exact-285f8e7a0187,near-285f8e7a0187,quarantine,"MISSING_PROVENANCE:subject_id,session_id,clip_id,device_id"
5a8a05fcbf5cea539caa,train/images/17743470864511752.jpg,train,0,,,,,,,,644caf653df40bd6ce384ed3987fb513fa1e86fab66804481876c306ae903646,479f1e2f0f0e0e46,129,115,6657,109.556994,78.448354,232.468662,exact-5325302e6a26,near-5325302e6a26,quarantine,"MISSING_PROVENANCE:subject_id,session_id,clip_id,device_id"
c5e56bba11bc6d8058e9,train/images/17743470865125146.jpg,train,0,,,,,,,,87043a6761d60462cd73994ed8181a874cf6c1f029e98da1ba1fe695e0366f0a,479f1d27270f0e45,130,116,6990,109.747613,77.542224,250.192746,exact-fd242859bc18,near-09aa8fda3957,quarantine,"MISSING_PROVENANCE:subject_id,session_id,clip_id,device_id"
0e57a4765ab4c37a5668,train/images/177434708658332.jpg,train,0,,,,,,,,a295c465c00b8bc5525e30f42b444fc376972113eaffeb550397ff781cdc94d8,879f1d27170f4f66,129,115,6743,111.702326,77.747563,262.015367,exact-6641020d80e1,near-0f8ba4bf1fa7,quarantine,"MISSING_PROVENANCE:subject_id,session_id,clip_id,device_id"
db12171e3185d342f63c,train/images/17743470866120992.jpg,train,0,,,,,,,,fe16002ee6ceb2b0dafcbefa528937ca97da5ad026d87388fd49deedbd42cee0,879f1f37170f4766,129,115,6518,111.014291,77.854428,244.821799,exact-baa8a6ecbabb,near-0f8ba4bf1fa7,quarantine,"MISSING_PROVENANCE:subject_id,session_id,clip_id,device_id"
82355a836ce84a16a00d,train/images/17743470866458619.jpg,train,0,,,,,,,,d571035674542ca065a94151efea442d159dc8f2352c65bb59ab383cd80b41ab,869f1d27070f4667,133,118,6875,107.247738,77.741994,252.008239,exact-12fb7b835d44,near-12fb7b835d44,quarantine,"MISSING_PROVENANCE:subject_id,session_id,clip_id,device_id"
cd1d211134f3ac699a32,train/images/17743470866734717.jpg,train,0,,,,,,,,fcabadf193f520e28bb9bdc1145e4e56f90dd31d3985349e5ea383a9480f3d57,0e1f1f27270f0ec7,128,114,6269,111.269668,76.715080,247.570031,exact-5932cb6e58ef,near-5932cb6e58ef,quarantine,"MISSING_PROVENANCE:subject_id,session_id,clip_id,device_id"
0f6ed51f2c1518279cd2,train/images/17743470867486262.jpg,train,0,,,,,,,,599f4c0fda06a1482c24547b3842709656a94dadfb08f86ac2c7a7bf7892bba3,0d1e1f6e2e0f0e45,130,116,7116,108.827719,75.613505,310.841029,exact-9ce04d52aafc,near-9ce04d52aafc,quarantine,"MISSING_PROVENANCE:subject_id,session_id,clip_id,device_id"
e62fa3dff0358a760c1e,train/images/177434708677553.jpg,train,0,,,,,,,,bf08ecd2a2582a82bcbb3d2b92ffb5285e8b47e241d80a0474ab5182c99778c8,151e1f2e2f0f0e46,133,118,7347,108.024914,75.407946,358.678195,exact-0e3c49c57d4a,near-0e3c49c57d4a,quarantine,"MISSING_PROVENANCE:subject_id,session_id,clip_id,device_id"
62dae6ff12ff993bd315,train/images/17743470868063219.jpg,train,0,,,,,,,,7475dce061457dea7ef95319e1164ff8a748bf22694b49065c98f72905302951,969f1f6a2f0e0e47,130,116,7057,109.414125,76.445859,338.184221,exact-802e03bf4889,near-802e03bf4889,quarantine,"MISSING_PROVENANCE:subject_id,session_id,clip_id,device_id"
2e9dc6a989f350374448,train/images/1774347086881258.jpg,train,0,,,,,,,,0bdb57e1aea057c9b5def64f16c051812581b7134ad30346cdfb79051185292f,869f1e2b2f0f0e46,125,111,5933,116.790054,75.937253,291.017019,exact-7c72066c66a9,near-7c72066c66a9,quarantine,"MISSING_PROVENANCE:subject_id,session_id,clip_id,device_id"
56a043cbde3a6e3bfb79,train/images/17743470869336097.jpg,train,0,,,,,,,,4d30298b52f99f8db248df2bc0296b46c2811e6c4997cd2fa8083ea285b4eb5e,865f1a0b2f0f0ece,125,111,6221,116.657369,74.173195,320.292942,exact-e41d64db5703,near-e41d64db5703,quarantine,"MISSING_PROVENANCE:subject_id,session_id,clip_id,device_id"
211ff666c9efdb42cca5,train/images/17743470869826233.jpg,train,0,,,,,,,,452bbbee0d66b4f8d9bd9a8a53e19da96328fb051f6ebbea026f979e8e6b037a,8b8b9b0b2f0f0f8f,121,108,6069,120.501530,72.684591,301.797729,exact-a56b54e1c593,near-054758cb40f9,quarantine,"MISSING_PROVENANCE:subject_id,session_id,clip_id,device_id"
b2b188539af0c9aa06f2,train/images/17743470870149646.jpg,train,0,,,,,,,,68cdfc015a65e1f22d050e06dd23bc79ac3270d166ba7db606faefefb7f568c7,8f9b1a0b2f0f0e8e,124,110,6205,116.548827,73.938662,315.450364,exact-489ca219174f,near-054758cb40f9,quarantine,"MISSING_PROVENANCE:subject_id,session_id,clip_id,device_id"
8ace67357e01757b9e78,train/images/177434708704376.jpg,train,0,,,,,,,,bb26ef5b2eb403797581570c91d4623116b654a38dafb6dad985a4787a64962a,869f1a0b4f0f0e8e,124,110,6139,117.369135,73.765255,298.959943,exact-262b06d105e1,near-054758cb40f9,quarantine,"MISSING_PROVENANCE:subject_id,session_id,clip_id,device_id"
6b0bed58484c783e56c7,train/images/17743470870760555.jpg,train,0,,,,,,,,3abe4b3128b6136f6e95cd4c0439d486546e89d5c010a40b3bdf31c90456ec26,8f9f1a0b2f0f0e8e,124,110,6140,116.880718,72.724517,243.160788,exact-90bbc9533a02,near-054758cb40f9,quarantine,"MISSING_PROVENANCE:subject_id,session_id,clip_id,device_id"
0da40567493a05a177f7,train/images/1774347087106351.jpg,train,0,,,,,,,,9a16e66ffa4241171f6d3f3bde0059955354e4dc80af21a7629898563cefa99c,cf8f9b0b2f0f0ece,126,112,6231,113.169855,73.144723,256.213483,exact-56a3a46a3ba4,near-054758cb40f9,quarantine,"MISSING_PROVENANCE:subject_id,session_id,clip_id,device_id"
d2b955626304599652e9,train/images/1774347087136719.jpg,train,0,,,,,,,,99a9c3eb2b51baa376cc538e11aa3588d0930306415323ddb9004c2c41f03c36,cecf9a2b2f0f0ece,129,115,6917,110.054196,73.207810,275.419322,exact-a486e5558353,near-054758cb40f9,quarantine,"MISSING_PROVENANCE:subject_id,session_id,clip_id,device_id"
5448785d6bcce9b60bd4,train/images/17743470872041106.jpg,train,0,,,,,,,,28e77205be4f75fe18afc155169c024046debb65354a1ba7cf5ef619942813a8,cedb1b0b0f0f0e8e,125,111,6263,113.409441,72.390870,288.062491,exact-4332cd76590d,near-054758cb40f9,quarantine,"MISSING_PROVENANCE:subject_id,session_id,clip_id,device_id"
9ef50bb0e8fa5c4770b1,train/images/17743470872756846.jpg,train,0,,,,,,,,03d905ebd5c9d11ed43e19df86b2ccab7d45a2ff7f919c645322338e4df30b3f,4edb1b0b0f0f0e8f,122,109,6208,115.565875,71.525318,286.252474,exact-00f6112fe583,near-054758cb40f9,quarantine,"MISSING_PROVENANCE:subject_id,session_id,clip_id,device_id"
ee77d7fd08a6d3d8994c,train/images/17743470873447602.jpg,train,0,,,,,,,,a02a93c4b98eb14328b7d5d728d7295bc38eb946e8c492ae4633572a987e0e1a,ce9a1b0b0f0f1e8f,125,111,6233,115.859171,71.147946,303.416916,exact-8e614d39a1f1,near-054758cb40f9,quarantine,"MISSING_PROVENANCE:subject_id,session_id,clip_id,device_id"
e4fc790a90c18394a04b,train/images/17743470874378836.jpg,train,0,,,,,,,,88dd2653a13e4a05c3afc950de35424268ffb8395ee045438e079865d62fe422,8f9b1b0b2f0f1e8f,122,109,6161,117.977816,72.205349,285.154081,exact-a64332fe1df1,near-054758cb40f9,quarantine,"MISSING_PROVENANCE:subject_id,session_id,clip_id,device_id"
a71ac2c6e3ce6d0f19f7,train/images/17743470874772065.jpg,train,0,,,,,,,,1c10cf9b1e50906d69aef61f814bcac895cfc5b832256392454d9817e7119e21,8f9d1b4b2f0f1f8f,118,105,5374,121.262631,72.201063,216.670692,exact-dc4bc886825c,near-054758cb40f9,quarantine,"MISSING_PROVENANCE:subject_id,session_id,clip_id,device_id"
012d8d5f251a0318a330,train/images/1774347087541276.jpg,train,0,,,,,,,,7cc473450374a06a14fb4eb4ea27662cd3bec8d5b1c025c7fa0e7b3fb9bdf102,4f9d1b4b0f0f1f8f,117,104,5339,124.351085,70.863115,247.380017,exact-a991b89eed28,near-054758cb40f9,quarantine,"MISSING_PROVENANCE:subject_id,session_id,clip_id,device_id"
789a012e661120910223,train/images/177434708757549.jpg,train,0,,,,,,,,9f0088054bd1c49469b3ef7ce0442366afb405156425da14dcddd2b481efbf57,4f9d1b4b4d0f1f8f,117,104,5339,124.852811,70.917900,253.927442,exact-3b1fba061614,near-054758cb40f9,quarantine,"MISSING_PROVENANCE:subject_id,session_id,clip_id,device_id"
1605553a34e57ac7347b,train/images/17743470876033437.jpg,train,0,,,,,,,,b1fd31483f36a7f9bc60085d03686ab4c85cb94b0560382ec69aa036fa510c0d,4f9d1b4b4d0f1f8f,116,103,5224,126.298544,70.623340,238.640108,exact-fb4a379d44ca,near-054758cb40f9,quarantine,"MISSING_PROVENANCE:subject_id,session_id,clip_id,device_id"
fd642d59d39859aa5f34,train/images/1774347087631482.jpg,train,0,,,,,,,,c1b5224153cbc48fac3fa954123ee62ba280c914efedf2d3eb7fdb26ac73fc65,4f9d1b4b4f1f1e8f,118,105,5405,122.829056,71.812271,239.199782,exact-811af1590c16,near-054758cb40f9,quarantine,"MISSING_PROVENANCE:subject_id,session_id,clip_id,device_id"
97ca381a93c5a7964be7,train/images/17743470876635678.jpg,train,0,,,,,,,,9610f2aa0e892eb7c4107733fdd35ab0524a281023633cdae014aa652e16e48d,4f991b4b0f1f1e8f,121,108,5678,118.871748,72.794683,247.803338,exact-c30c6b3aa67e,near-054758cb40f9,quarantine,"MISSING_PROVENANCE:subject_id,session_id,clip_id,device_id"
92cde679f5c5b6d6ccd7,train/images/17743470877099931.jpg,train,0,,,,,,,,c3253a66ed2ac6a210c2b74ce1b4a3d862f1873dace86e5ff078615fa0981657,4b191b4b0f1f1e8f,120,106,5381,119.895204,72.779075,206.794080,exact-464d14ace7f6,near-054758cb40f9,quarantine,"MISSING_PROVENANCE:subject_id,session_id,clip_id,device_id"
2980389f99cd1f2e66e9,train/images/17743470878708425.jpg,train,0,,,,,,,,ec9577403d4f476fdaab4e0e19f7ba352b166b9537ff4c138cda30e22e2cd817,0b9d1d0b0f0f0f8e,120,106,5450,123.636557,69.326237,192.116109,exact-54e87e278337,near-054758cb40f9,quarantine,"MISSING_PROVENANCE:subject_id,session_id,clip_id,device_id"
e428bb69935cfa93a9a4,train/images/17743470879002495.jpg,train,0,,,,,,,,3f34ed7110906da84e4238d8064001e7571a57159fda41f43a88bf86e224e5f5,8f9d1d4b2f0f0f8f,118,105,5310,124.116384,71.235518,189.324557,exact-274dfec6e079,near-054758cb40f9,quarantine,"MISSING_PROVENANCE:subject_id,session_id,clip_id,device_id"
58d595ff7be5e95f3a0c,train/images/1774347087936401.jpg,train,0,,,,,,,,2e151a11244c6db273f4f35edf1f66258a1abb222423f24ea707dd935ca977a9,5b1d1b4b0f1f0f8e,116,103,4921,126.849766,69.753277,134.133257,exact-6b5f40c09215,near-054758cb40f9,quarantine,"MISSING_PROVENANCE:subject_id,session_id,clip_id,device_id"
4f76989132d2c8d1fa6e,train/images/1774347087998666.jpg,train,0,,,,,,,,5ffae54a90d94515e1d58cf1abf0afce8e7840b777c184b36d5e848fcca80a67,8b1d194b4d0f1f0f,106,94,4252,141.182356,61.673010,142.035005,exact-d982309a461b,near-d982309a461b,quarantine,"MISSING_PROVENANCE:subject_id,session_id,clip_id,device_id"
76ad5c08109e3bf7d715,train/images/1774347088035155.jpg,train,0,,,,,,,,744d24ad4da0596f6a55760e51649c8cb85d032ba464a1b4faba11e558defd55,9f393b4b4d1f1f1f,108,96,4464,136.044367,64.593571,179.054136,exact-2c1f3f5f6523,near-054758cb40f9,quarantine,"MISSING_PROVENANCE:subject_id,session_id,clip_id,device_id"
30487a13f17a0b1d04e7,train/images/17743470880623724.jpg,train,0,,,,,,,,b6051c8d36b7a2d5039996c1390c83cfdf5e27559997d36b09d07f22755d3c8b,9b3d3b4b4d1f1f0f,108,96,4473,135.946952,64.452621,195.700528,exact-d42ed19c0d9c,near-054758cb40f9,quarantine,"MISSING_PROVENANCE:subject_id,session_id,clip_id,device_id"
16a5dbbd29b83fa748d4,train/images/17743470880944443.jpg,train,0,,,,,,,,ef6461e9ef685f3103fdfa52fe8b7644cdd6eb30efc7f18a49dffec5a013e148,9b3b3b5b5d1f1f0f,110,98,4764,131.684879,66.541227,213.365122,exact-3849ba084da2,near-054758cb40f9,quarantine,"MISSING_PROVENANCE:subject_id,session_id,clip_id,device_id"
c61d4600ad32ec840e9a,train/images/17743470881460521.jpg,train,0,,,,,,,,4698c5ab4309b3c56a722b926e037cba0bfbf027f8cda7c7fad9a4601d7826ab,5f393b4b4d1f1f0f,110,98,4739,132.475325,65.589983,185.411184,exact-80f8ded29fa2,near-054758cb40f9,quarantine,"MISSING_PROVENANCE:subject_id,session_id,clip_id,device_id"
87f9c24a0928237dbfb0,train/images/1774347088217855.jpg,train,0,,,,,,,,e7bf7a35117f7b758724658147a0e1ffe39cd853404ad1cd68e76447b2c05f5b,5f3b3b5b5f1f1f0f,113,100,5161,129.160000,66.493761,199.914179,exact-255ac64f2a9b,near-054758cb40f9,quarantine,"MISSING_PROVENANCE:subject_id,session_id,clip_id,device_id"
b61ee59c33d22abc9343,train/images/17743470882423615.jpg,train,0,,,,,,,,927d761e079a407771e248716513cb2d435d1b3ca75d35984c36cec59a2bceec,4f1b1b4b4d1f1f0f,116,103,5688,124.244058,67.876419,325.136077,exact-3d5d2c29712a,near-054758cb40f9,quarantine,"MISSING_PROVENANCE:subject_id,session_id,clip_id,device_id"
d6f3488c7b954c888882,train/images/1774347088303198.jpg,train,0,,,,,,,,b39c537c22ac9e197316a53661508268ba4d43371de64830dbb6f5634ef7e851,4f1a3b5b5f1f1f0e,118,105,5801,122.449798,67.433929,279.605539,exact-aef662afc24b,near-054758cb40f9,quarantine,"MISSING_PROVENANCE:subject_id,session_id,clip_id,device_id"
489e91b7f83256540980,train/images/17743470883995292.jpg,train,0,,,,,,,,029a3d39c70f7be1a1d0358c193ed7ec3dc54098735a449d724b4950363c5dac,c63b33971f3f3e1e,114,102,5290,134.012298,68.354762,188.351634,exact-639c1115ab55,near-639c1115ab55,quarantine,"MISSING_PROVENANCE:subject_id,session_id,clip_id,device_id"
4c87f66180ecd271663f,train/images/17743470884303317.jpg,train,0,,,,,,,,cb4bf9d4a12fefc5f1e6b186487bafe0db3afdf0816b3904e30ecc5e472bb1a4,451b3b571f3e1e9e,124,110,5881,126.005132,72.343452,155.271887,exact-70fa656aa039,near-70fa656aa039,quarantine,"MISSING_PROVENANCE:subject_id,session_id,clip_id,device_id"
8d98f468230368c999e5,train/images/17743470884659674.jpg,train,0,,,,,,,,ca113e6fe68c53c79ab309be28e917dc74c09e7309c82000efdeebc89896778c,259b3b573e3e3d9d,125,111,6165,124.058450,72.959367,158.704636,exact-5c06e46c5e47,near-5c06e46c5e47,quarantine,"MISSING_PROVENANCE:subject_id,session_id,clip_id,device_id"
cb3579465355eeefa5dc,val/images/1774342192108558.jpg,val,1,,,,,,,,b0bccd8d585f455fb4bebbee459863f3bb29665931151d199980f1e1bd7f3a93,06032321110f070e,237,211,15740,75.484392,43.371138,122.079881,exact-01a0123885eb,near-f3f43b0f4d14,quarantine,"MISSING_PROVENANCE:subject_id,session_id,clip_id,device_id"
9d5fa53e36ab521931bd,val/images/17743421923762786.jpg,val,1,,,,,,,,726b8a8eb8da50abbc4c35f7fc1c382e64d5e40c8a8c59483f0fdbe73c0e7dcb,460733231105078f,263,234,18079,88.754363,45.570453,135.198534,exact-9e9094167d10,near-f3f43b0f4d14,quarantine,"MISSING_PROVENANCE:subject_id,session_id,clip_id,device_id"
30b7ceadced9cb7697c1,val/images/17743421924356768.jpg,val,1,,,,,,,,726b8a8eb8da50abbc4c35f7fc1c382e64d5e40c8a8c59483f0fdbe73c0e7dcb,460733231105078f,263,234,18079,88.754363,45.570453,135.198534,exact-9e9094167d10,near-f3f43b0f4d14,quarantine,"MISSING_PROVENANCE:subject_id,session_id,clip_id,device_id"
854afadb33a7208f919f,val/images/17743421925019567.jpg,val,1,,,,,,,,6d552422b4bc3ef741d8f83a64be92d326b5b82ac23c7910e02e3a78aba71c51,c607332311050707,260,231,18520,109.832751,48.584456,161.433535,exact-ac4a83a4dd3b,near-f3f43b0f4d14,quarantine,"MISSING_PROVENANCE:subject_id,session_id,clip_id,device_id"
50b35866606609772541,val/images/17743421926039557.jpg,val,1,,,,,,,,44401b87b918dd1c58a518dd1e515e67058204f4723cf5b6b905867cd6414591,c607332331150f03,264,235,19012,121.212105,50.458571,160.750300,exact-2310b71e522b,near-f3f43b0f4d14,quarantine,"MISSING_PROVENANCE:subject_id,session_id,clip_id,device_id"
ff6364b1dc657458df39,val/images/17743421928682926.jpg,val,1,,,,,,,,b3fb3a094ea2c8a4a81502b4d9a70078a27f73d8408c3dda371b76be95375cc7,4607332331150f87,268,238,19568,130.796971,51.062482,158.108201,exact-b316254dd958,near-f3f43b0f4d14,quarantine,"MISSING_PROVENANCE:subject_id,session_id,clip_id,device_id"
9e5df5519f3824f219f6,val/images/1774342192982651.jpg,val,1,,,,,,,,64b83a1c50c95eae84e68626b3135c303854e18dc0cb6d93e089691b92de1d71,4607332331070f87,267,237,19624,129.415051,51.454727,168.003370,exact-75b5a4213952,near-f3f43b0f4d14,quarantine,"MISSING_PROVENANCE:subject_id,session_id,clip_id,device_id"
bb08dfff3a6a253ac141,val/images/1774342193005599.jpg,val,1,,,,,,,,64b83a1c50c95eae84e68626b3135c303854e18dc0cb6d93e089691b92de1d71,4607332331070f87,267,237,19624,129.415051,51.454727,168.003370,exact-75b5a4213952,near-f3f43b0f4d14,quarantine,"MISSING_PROVENANCE:subject_id,session_id,clip_id,device_id"
6e789998150f5ec2fd57,val/images/17743421931397645.jpg,val,1,,,,,,,,55251b13350b81d83e64ed14e70273e1245bff1e391203b456e556aa519ac217,4607332311070787,265,236,19162,121.019124,51.305599,162.696281,exact-5c282b8219a9,near-f3f43b0f4d14,quarantine,"MISSING_PROVENANCE:subject_id,session_id,clip_id,device_id"
feba64fe7e95bc62a537,val/images/17743421933480577.jpg,val,1,,,,,,,,f5065fa2fe70c0b5ae54a9535a9f6031dbe043f15130b767461c3913e6159b19,460333211107078f,264,235,17100,107.322840,49.531376,140.125465,exact-29f6d328aa7c,near-f3f43b0f4d14,quarantine,"MISSING_PROVENANCE:subject_id,session_id,clip_id,device_id"
8486e6f3195b1057df44,val/images/1774342193790162.jpg,val,1,,,,,,,,2bde016bf4286d94cecb746cf0ebd77468cbf2c4e6c815964e95361361c5e84e,8d0333211107078f,253,225,16731,99.667650,47.202160,149.857567,exact-fdd29e566d42,near-f3f43b0f4d14,quarantine,"MISSING_PROVENANCE:subject_id,session_id,clip_id,device_id"
8f538a3311af459e852f,val/images/17743421941512866.jpg,val,1,,,,,,,,ee00dd8d714534c44f70d5ffecb123cf4b17e8d67910f263dcaab64c94993d18,0f33333109070787,244,217,14782,100.321466,44.278156,142.857823,exact-c88ad37b7e39,near-273a90dbebc5,quarantine,"MISSING_PROVENANCE:subject_id,session_id,clip_id,device_id"
f5e43a96143becd0bc0f,val/images/17743421943147624.jpg,val,1,,,,,,,,65b99033d2410c68ff076910eaee4efe912acc9c62f96aebf9d411a6868d7df9,8b939393c9070784,271,241,17561,97.221831,44.024627,71.858025,exact-834dd3d6aa9c,near-834dd3d6aa9c,quarantine,"MISSING_PROVENANCE:subject_id,session_id,clip_id,device_id"
a92187a703edf799b6c5,val/images/17743421943822243.jpg,val,1,,,,,,,,a484dc1b67ad8a75afe972f023b14a9c7d2a1977185edb72cefd46e30021e724,8b93b39389c78787,255,226,16498,97.618601,41.623232,109.866880,exact-46c3d10b9e53,near-46c3d10b9e53,quarantine,"MISSING_PROVENANCE:subject_id,session_id,clip_id,device_id"
a23443f29a53e1fe54ca,val/images/17743421944968088.jpg,val,1,,,,,,,,aa7db1a4facce33d6ed65cacc087f3c4142d13fe2aa635c3cf407095f70fe83d,8b86b3a399878f8e,253,225,17051,95.145964,42.272746,117.596513,exact-84bffb750374,near-977a8de30cbf,quarantine,"MISSING_PROVENANCE:subject_id,session_id,clip_id,device_id"
e9ff0663c21970225ad3,val/images/17743421945937905.jpg,val,1,,,,,,,,710a05abb162e02ab7829c051618e393d1c14fc39e1911cd40ae7803953dc82a,8b86b3a39b8f0f8e,260,231,17824,91.054679,43.652286,127.546428,exact-436e54037b82,near-977a8de30cbf,quarantine,"MISSING_PROVENANCE:subject_id,session_id,clip_id,device_id"
1ff42ebe0f836e852ed1,val/images/17743421947147617.jpg,val,1,,,,,,,,e900df97ad964d5933ab2475e62354b95bbb844f78d15d56805e863f07a2b9a6,8b86a3a3938f0f8e,253,225,16842,90.852701,43.447340,118.781815,exact-bbe6abb8c9b6,near-977a8de30cbf,quarantine,"MISSING_PROVENANCE:subject_id,session_id,clip_id,device_id"
a08ed75164c338e6703c,val/images/1774342194744741.jpg,val,1,,,,,,,,e900df97ad964d5933ab2475e62354b95bbb844f78d15d56805e863f07a2b9a6,8b86a3a3938f0f8e,253,225,16842,90.852701,43.447340,118.781815,exact-bbe6abb8c9b6,near-977a8de30cbf,quarantine,"MISSING_PROVENANCE:subject_id,session_id,clip_id,device_id"
84ac59e5cd60d0b2eae7,val/images/1774342194834489.jpg,val,1,,,,,,,,6ba3487082057c7862298f0116c6868f4020bdec8b9c282136b0d05e02dce89c,8b26a3a393870f8c,255,226,16436,88.518497,43.156979,117.905531,exact-c73a30f2952c,near-977a8de30cbf,quarantine,"MISSING_PROVENANCE:subject_id,session_id,clip_id,device_id"
baf000635aef153fa23b,val/images/17743421953358617.jpg,val,1,,,,,,,,a643d2414f19c47d255f16d5cbcf95869e778d3ba7de3282bc9e2930e6843635,8d0723a7898f970e,240,213,15203,87.968858,42.616173,156.467504,exact-81f8ad04da60,near-18d1746ff716,quarantine,"MISSING_PROVENANCE:subject_id,session_id,clip_id,device_id"
669f37836572beecc8c0,val/images/17743421954142551.jpg,val,1,,,,,,,,40d7af7484f903f3608cc68c066d5671b6b595c31ef773c51b256625d6b2dfee,8d07a3a7898f970e,241,214,15310,87.456199,42.856844,157.303737,exact-d0c81580f96f,near-18d1746ff716,quarantine,"MISSING_PROVENANCE:subject_id,session_id,clip_id,device_id"
e21c7cc4f46139e595ff,val/images/17743421955487058.jpg,val,1,,,,,,,,75dd6babf4bbfb9d2f58a57c54b41cf0ef7936d8b9e3e4d561aabdbf3bced286,cd03a3a7cd8f974e,244,217,15557,85.574262,42.686376,146.398916,exact-8326e2028b85,near-18d1746ff716,quarantine,"MISSING_PROVENANCE:subject_id,session_id,clip_id,device_id"
c617c224c2859199b606,val/images/17743421956224911.jpg,val,1,,,,,,,,d96a18091114261527750258b3b0eff08624e6f6ee9ea665c859a142038af3c1,cd03a3a78d8f930e,241,214,15028,85.817175,42.354714,144.067245,exact-f913e83f4a6d,near-18d1746ff716,quarantine,"MISSING_PROVENANCE:subject_id,session_id,clip_id,device_id"
f9ed9794c5846d1f1811,val/images/1774342195697321.jpg,val,1,,,,,,,,7d6b1c9cd85043419ddc1d75276e8befe744634a740ce4d736c96a578d2efa8d,cd03a3a78d8f970e,241,214,15043,85.356362,42.402225,145.779778,exact-205e36bd36ff,near-18d1746ff716,quarantine,"MISSING_PROVENANCE:subject_id,session_id,clip_id,device_id"
3781a0e98b5f8841f934,val/images/17743421957864811.jpg,val,1,,,,,,,,8e4d003b9d86a8825ed16c38645eb51269939d96d9ced4ea5446f4449c40de6a,cd03b3a7cd8f974e,244,217,15590,83.629995,42.880022,145.776445,exact-7b972e2abbf9,near-18d1746ff716,quarantine,"MISSING_PROVENANCE:subject_id,session_id,clip_id,device_id"
41fc5fd468498e7a5af2,val/images/17743421959971159.jpg,val,1,,,,,,,,8f99ea5dbe05b9287f377b075d418967dbf27f301f345dfb3f38d6316b6c7e66,cd07a3a78b87974e,245,218,15132,81.829320,43.236541,150.226292,exact-80a8cdfaeccf,near-18d1746ff716,quarantine,"MISSING_PROVENANCE:subject_id,session_id,clip_id,device_id"
b691e4d7d16f3fd0e389,val/images/1774342196221899.jpg,val,1,,,,,,,,63a53c0bc5fc568d22cfad1714ee249a970eba99714811d58c56322dc8129dad,cd07a3a78b8f970e,244,217,15419,82.159232,43.058810,154.673388,exact-ca959e9d2504,near-18d1746ff716,quarantine,"MISSING_PROVENANCE:subject_id,session_id,clip_id,device_id"
f6a1251291888b3691e4,val/images/17743421964957533.jpg,val,1,,,,,,,,b81a1c75e49e175be0a5c81c9e1848e4055c8b159d4b78a6f144c5a5c0ffabd7,cd872327898f8782,237,211,14766,87.344792,42.949847,140.606368,exact-ff9e9df567af,near-43d9b6cc9894,quarantine,"MISSING_PROVENANCE:subject_id,session_id,clip_id,device_id"
23b75d02d460181cec13,val/images/17743421965904567.jpg,val,1,,,,,,,,46b9000af79aeecadd54258ba2f396e55655a068aae7f2151334938f473a0d27,cd8723a78a8f8782,244,217,15519,85.749811,43.883686,153.012841,exact-8bae6f6623ba,near-43d9b6cc9894,quarantine,"MISSING_PROVENANCE:subject_id,session_id,clip_id,device_id"
a878345117133df91bbf,val/images/17743421966835432.jpg,val,1,,,,,,,,b704f9efe65597d19e806ca759875051b8ffdb0b1a9e0de4551033cb85f1bcac,cd8723a78a8f8782,244,217,15600,85.479773,43.952399,150.661617,exact-21f35c969aa5,near-43d9b6cc9894,quarantine,"MISSING_PROVENANCE:subject_id,session_id,clip_id,device_id"
75df72aa179c78ffbe31,val/images/17743421969457474.jpg,val,1,,,,,,,,813b46f14a43a959c944a0930b2ed0498991788fb1868acbe1bef42b24b978bb,cc8723278b8f87c6,241,214,14851,88.038527,42.657362,138.964106,exact-63894cb90b30,near-43d9b6cc9894,quarantine,"MISSING_PROVENANCE:subject_id,session_id,clip_id,device_id"
9179d315d0d08ba25ef6,val/images/1774342197004529.jpg,val,1,,,,,,,,ce6005d69919601b0fa67e2b23e96fe5fe4d17f8ac1ab2fc34c16fbb1eb37648,cc8723278b8f9fc6,237,211,14872,90.015058,41.844182,142.812451,exact-be1249aadd1f,near-43d9b6cc9894,quarantine,"MISSING_PROVENANCE:subject_id,session_id,clip_id,device_id"
80b87f54dfd2a494a781,val/images/17743421971392758.jpg,val,1,,,,,,,,a72931d61a68111e2c2774d25e32cdc8934ccf5395fa25be8dd0aa5c09c9dcf3,ce8323278b8f8fc6,241,214,15459,89.482976,42.414237,157.305527,exact-6b5afc5db594,near-43d9b6cc9894,quarantine,"MISSING_PROVENANCE:subject_id,session_id,clip_id,device_id"
e219802634da8eb1dcf8,val/images/17743421972287564.jpg,val,1,,,,,,,,7a1939422186ba51ab6ee96616cd2335e44079d84da86fb38e917150411a4296,c68723278b8f8fc6,243,216,15325,89.417619,42.379940,154.369546,exact-1fb3638b2109,near-43d9b6cc9894,quarantine,"MISSING_PROVENANCE:subject_id,session_id,clip_id,device_id"
c7262d33ee6ba4782d74,val/images/17743421972598948.jpg,val,1,,,,,,,,7a1939422186ba51ab6ee96616cd2335e44079d84da86fb38e917150411a4296,c68723278b8f8fc6,243,216,15325,89.417619,42.379940,154.369546,exact-1fb3638b2109,near-43d9b6cc9894,quarantine,"MISSING_PROVENANCE:subject_id,session_id,clip_id,device_id"
cfd957b2a6280fa78798,val/images/17743421972947102.jpg,val,1,,,,,,,,9c083f15487714dfe507ba2530db9a2ab0e2d68a40724aab5450566a92021606,c6832327898f8fc6,243,216,15157,90.100423,42.092023,150.794179,exact-d4469659c222,near-43d9b6cc9894,quarantine,"MISSING_PROVENANCE:subject_id,session_id,clip_id,device_id"
099f55d726609c3e067a,val/images/17743421973329406.jpg,val,1,,,,,,,,9c083f15487714dfe507ba2530db9a2ab0e2d68a40724aab5450566a92021606,c6832327898f8fc6,243,216,15157,90.100423,42.092023,150.794179,exact-d4469659c222,near-43d9b6cc9894,quarantine,"MISSING_PROVENANCE:subject_id,session_id,clip_id,device_id"
78dbd32d8b78c2736c7d,val/images/17743421974244654.jpg,val,1,,,,,,,,60088c32ec36dca8ed85db15c5b627fbdf306e3c493f5b4f004ab7aec8eb716c,c6872327898f8fc6,243,216,15049,89.772043,42.227550,151.236542,exact-b569e0e99410,near-43d9b6cc9894,quarantine,"MISSING_PROVENANCE:subject_id,session_id,clip_id,device_id"
c4efb8904da4ab8c274b,val/images/17743421976512718.jpg,val,1,,,,,,,,da36c2faf45912e9916fbba05fdc27728e12bbdf193d47b456dbc523868a2d4a,cd8723278a8f8fc6,248,220,15747,87.690982,42.774053,154.698596,exact-6af4bc80f7bc,near-43d9b6cc9894,quarantine,"MISSING_PROVENANCE:subject_id,session_id,clip_id,device_id"
55a3042d8baeb03b1d2a,val/images/1774342197712747.jpg,val,1,,,,,,,,183577e4b459817d629034c2ccee1d39374c08452208eb2a3f5bc112088a3a1c,cc8723278a8f8fc6,244,217,15347,87.437977,42.320259,145.427592,exact-b5c95dbeea3b,near-43d9b6cc9894,quarantine,"MISSING_PROVENANCE:subject_id,session_id,clip_id,device_id"
2815cf97da77bcf9b1bc,val/images/17743421982353156.jpg,val,1,,,,,,,,936e8f9888233937ea62f4bbed8f7a04267a74caa4e224decd8a369f033d390c,8f87a3a3a3070f06,228,202,13318,81.315876,42.925547,149.448421,exact-3d6980ddbf08,near-60e2d74e03e2,quarantine,"MISSING_PROVENANCE:subject_id,session_id,clip_id,device_id"
07d7a712d8ed7e24d7ae,val/images/1774342198297913.jpg,val,1,,,,,,,,8a09e5b08e65df0352860effcfc3a78d9ef12d418df5712b7dd31b594867192f,8f87a3a3a3070f06,225,200,13314,81.382600,42.669021,156.181668,exact-15b6edd2c28b,near-60e2d74e03e2,quarantine,"MISSING_PROVENANCE:subject_id,session_id,clip_id,device_id"
33edaac6b2a8ec2ae66d,val/images/17743421983943026.jpg,val,1,,,,,,,,6ad165458ef33cdd686e8dbda7e4dcd715de981b4fc8cbced3b6e86ba03d76dc,8f0723a3a3870f06,225,200,12598,81.083644,41.802415,135.693052,exact-f6cba4eb0875,near-60e2d74e03e2,quarantine,"MISSING_PROVENANCE:subject_id,session_id,clip_id,device_id"
371942e396a3d004d59a,val/images/17743421986081023.jpg,val,1,,,,,,,,27a320c636b3193930a3eb2076400ebd729ab5225f1c4c5599ef44ad2d9f8f9d,8f0727038a1b2f86,228,202,13185,83.321283,41.951555,142.512907,exact-44599870bc3e,near-44599870bc3e,quarantine,"MISSING_PROVENANCE:subject_id,session_id,clip_id,device_id"
de7c35ea87cf90db8d2d,val/images/17743421991012557.jpg,val,1,,,,,,,,107c1ede69da528e16a97a6afa197c1907e6d13639c5631118728c40eadd9742,8f0707431b9b8b9e,221,196,12752,92.575192,42.846870,166.469937,exact-eadba53927ca,near-6b4083a19e44,quarantine,"MISSING_PROVENANCE:subject_id,session_id,clip_id,device_id"
b94caabc4b10487bdec5,val/images/17743421997867146.jpg,val,1,,,,,,,,b462ca3507b51c0ec59563bd4cd76612d530dfb90e3af68ae4894bfaf71cdac2,0f072323090f0f06,213,189,10831,80.688750,42.419086,147.394317,exact-389faeaa8e5a,near-d6b1e3bf3af6,quarantine,"MISSING_PROVENANCE:subject_id,session_id,clip_id,device_id"
107768ca7825c509d025,val/images/17743422001158469.jpg,val,1,,,,,,,,1b708a5b6cf2585def5781c6a524fbe5aecd7d48fcbc40723aa71411d3cd42b9,0f072323090f0706,220,195,11586,78.775874,43.358561,166.272149,exact-ff7d05475374,near-d6b1e3bf3af6,quarantine,"MISSING_PROVENANCE:subject_id,session_id,clip_id,device_id"
7263cae6e898bc7f20a8,val/images/17743422004952867.jpg,val,1,,,,,,,,86a25137262af6ec58f52644b0ae1997ed1a505dc4737163f973d8c86f556834,0f072323090f0f07,209,186,10429,83.342260,42.108259,146.207076,exact-2007f0f4ebf2,near-d6b1e3bf3af6,quarantine,"MISSING_PROVENANCE:subject_id,session_id,clip_id,device_id"
05e8c1eee0399894908c,val/images/17743422006260118.jpg,val,1,,,,,,,,34ad1a03967ea3d65e688e3275565c576f30b57e1b2f41e2b9d01c93f79a8b42,8f072327090f0f06,217,193,11250,83.703780,42.633987,142.011896,exact-23e2dfe2efbf,near-d6b1e3bf3af6,quarantine,"MISSING_PROVENANCE:subject_id,session_id,clip_id,device_id"
7c9c871f531293c4e57a,val/images/17743422007183325.jpg,val,1,,,,,,,,af6dd9cb6310e714761906fa026c83617c7b8921e3e89c3c89c6ecf1673feb00,8f2723270b0f070e,220,195,11734,84.896573,43.869917,129.159790,exact-9640ad8167f6,near-d6b1e3bf3af6,quarantine,"MISSING_PROVENANCE:subject_id,session_id,clip_id,device_id"
8252eceecef1ba121f59,val/images/17743422010208333.jpg,val,1,,,,,,,,9f08e95cf2430a2ace8cfb5191308aa72392684ea5cce26948a96f95297e4ed2,8d0723270a0f0706,226,201,12345,83.811187,44.790564,153.945841,exact-8da6595d469b,near-d6b1e3bf3af6,quarantine,"MISSING_PROVENANCE:subject_id,session_id,clip_id,device_id"
c33622b54ccb66b8ea42,val/images/177434220112716.jpg,val,1,,,,,,,,2452f0f4f691f64a4c44fbe8b551a3f6f98099acda0fb6d91c2d30633d58f141,8d0723270b0f0706,228,202,12253,83.660153,44.877081,155.619812,exact-3fea228878a4,near-d6b1e3bf3af6,quarantine,"MISSING_PROVENANCE:subject_id,session_id,clip_id,device_id"
250ae161e30aac952b55,val/images/177434220115548.jpg,val,1,,,,,,,,2452f0f4f691f64a4c44fbe8b551a3f6f98099acda0fb6d91c2d30633d58f141,8d0723270b0f0706,228,202,12253,83.660153,44.877081,155.619812,exact-3fea228878a4,near-d6b1e3bf3af6,quarantine,"MISSING_PROVENANCE:subject_id,session_id,clip_id,device_id"
593775773d3c5912b25e,val/images/17743422015990522.jpg,val,1,,,,,,,,20396290224d0151907917cb3535ab3053cbec5175cb324af5399100671aced6,0f272327090f0707,198,176,9392,87.602646,42.767672,120.716511,exact-dc7e62debbbb,near-d6b1e3bf3af6,quarantine,"MISSING_PROVENANCE:subject_id,session_id,clip_id,device_id"
335603eeb8e00360812a,val/images/177434220164664.jpg,val,1,,,,,,,,20396290224d0151907917cb3535ab3053cbec5175cb324af5399100671aced6,0f272327090f0707,198,176,9392,87.602646,42.767672,120.716511,exact-dc7e62debbbb,near-d6b1e3bf3af6,quarantine,"MISSING_PROVENANCE:subject_id,session_id,clip_id,device_id"
1fc549a3f42c99dd7b4f,val/images/1774342201719618.jpg,val,1,,,,,,,,74302accbebf8507a4e0718b5a99ab85e6290211b2d46214fabcb2b91b8f8f35,0f272327090f0f07,194,172,9717,88.686796,41.938018,124.042994,exact-bb755a4a0e31,near-d6b1e3bf3af6,quarantine,"MISSING_PROVENANCE:subject_id,session_id,clip_id,device_id"
c278e7be4ee828ad78db,val/images/17743422026621764.jpg,val,1,,,,,,,,c3940a99e0d18e3b06a03e48dc3b013fff2ff135bd1bd1720539c5233a1658fa,0f1f130b1f0f1f1a,178,158,7674,98.215759,43.717482,63.446456,exact-8b193d30dc5e,near-8b193d30dc5e,quarantine,"MISSING_PROVENANCE:subject_id,session_id,clip_id,device_id"
82eed377d1f1c6bbd01a,val/images/1774342202794352.jpg,val,1,,,,,,,,bb6b09d6adea81814016d60e176ffcc6f9f705aaa89667cc502d63fde7af4d02,1f17130b0b0f070e,189,168,9208,97.238158,44.511967,99.459439,exact-9b6e58d38a5b,near-e075a2073445,quarantine,"MISSING_PROVENANCE:subject_id,session_id,clip_id,device_id"
af3b85747852530afe80,val/images/1774342202846676.jpg,val,1,,,,,,,,bb6b09d6adea81814016d60e176ffcc6f9f705aaa89667cc502d63fde7af4d02,1f17130b0b0f070e,189,168,9208,97.238158,44.511967,99.459439,exact-9b6e58d38a5b,near-e075a2073445,quarantine,"MISSING_PROVENANCE:subject_id,session_id,clip_id,device_id"
4421cf820415dbf24970,val/images/17743422034008584.jpg,val,1,,,,,,,,239c5f7cc7b66784f04ab1b2a850333f87baa962b0e6d8edb304e12e7f881296,8f1f170a0f0f0718,205,182,10075,91.750844,48.130485,91.590790,exact-7d6cada105a7,near-7d6cada105a7,quarantine,"MISSING_PROVENANCE:subject_id,session_id,clip_id,device_id"
63d6cfd57dcb442fbaf3,val/images/1774342203423448.jpg,val,1,,,,,,,,239c5f7cc7b66784f04ab1b2a850333f87baa962b0e6d8edb304e12e7f881296,8f1f170a0f0f0718,205,182,10075,91.750844,48.130485,91.590790,exact-7d6cada105a7,near-7d6cada105a7,quarantine,"MISSING_PROVENANCE:subject_id,session_id,clip_id,device_id"
8c6f75aa9850afb78982,val/images/17743422056459634.jpg,val,1,,,,,,,,14686b69620bdefd36dd666a1f8cd12ffdcc3462feb3d69e962efa58eb6f3a4d,1909595b1b1f0f06,184,164,8322,89.578307,41.678996,61.460344,exact-e99b30d0118c,near-e99b30d0118c,quarantine,"MISSING_PROVENANCE:subject_id,session_id,clip_id,device_id"
ef52c68cd4a3e0b46aef,val/images/17743422057093725.jpg,val,1,,,,,,,,e7eee09ddfa01c6a1a4881ed91da042fe44200853dd14e58d4acb70ea01eee57,0c0c5d4b191f0f06,184,164,8766,88.347130,42.621793,76.133697,exact-46f7768f456a,near-99b30bac73ec,quarantine,"MISSING_PROVENANCE:subject_id,session_id,clip_id,device_id"
608aad897a203d6db23c,val/images/17743422064103398.jpg,val,1,,,,,,,,e5cb2c78c1556e250c4f2288a99fefe692fbd0e691cd8a34aeb08785df39e595,1c0c061333330706,180,160,8267,84.579792,42.434267,83.504375,exact-24aa77dc5b38,near-8e0b925ba705,quarantine,"MISSING_PROVENANCE:subject_id,session_id,clip_id,device_id"
8a9b0118f749f46fee61,val/images/17743422064656382.jpg,val,1,,,,,,,,e5cb2c78c1556e250c4f2288a99fefe692fbd0e691cd8a34aeb08785df39e595,1c0c061333330706,180,160,8267,84.579792,42.434267,83.504375,exact-24aa77dc5b38,near-8e0b925ba705,quarantine,"MISSING_PROVENANCE:subject_id,session_id,clip_id,device_id"
3991432061a3cba6f7ce,val/images/17743422066388767.jpg,val,1,,,,,,,,49214e7f11eafd0a9cd807b595a40f716e7e5b8b19cafde219f2c3395ab54c48,0c0c061313130706,183,163,8133,78.932415,44.175432,102.696664,exact-d5770ccd65f3,near-8e0b925ba705,quarantine,"MISSING_PROVENANCE:subject_id,session_id,clip_id,device_id"
809e7de53a77ba6fe344,val/images/17743422066682014.jpg,val,1,,,,,,,,49214e7f11eafd0a9cd807b595a40f716e7e5b8b19cafde219f2c3395ab54c48,0c0c061313130706,183,163,8133,78.932415,44.175432,102.696664,exact-d5770ccd65f3,near-8e0b925ba705,quarantine,"MISSING_PROVENANCE:subject_id,session_id,clip_id,device_id"
d3e3ac77447dcc1c6a8b,val/images/17743422067871587.jpg,val,1,,,,,,,,aa515b8b64695b403398176709fd51365307c6c4982423aa524ad032973b9290,0c0c061313330706,180,160,7763,80.076562,43.393041,94.182624,exact-fbe7e261c224,near-8e0b925ba705,quarantine,"MISSING_PROVENANCE:subject_id,session_id,clip_id,device_id"
52c647ea2d0295eb3a97,val/images/17743422068662891.jpg,val,1,,,,,,,,7a2e2e5c7a85aa75574b9a9c5c2d26150208162308e5029d5e88cb2cfb45887a,0c0c061333330706,183,163,7927,79.679574,43.572864,87.971400,exact-4941f8aca24f,near-8e0b925ba705,quarantine,"MISSING_PROVENANCE:subject_id,session_id,clip_id,device_id"
f690152a7687eb90f3ff,val/images/17743422070568128.jpg,val,1,,,,,,,,c6ec9a5adc6299096b01d93fcd14e3ef03fdb8160a7dfcee7d5e58ba50b55c03,0c0c061313330706,178,158,7523,79.250391,41.449069,70.859307,exact-4b9db08db9b9,near-8e0b925ba705,quarantine,"MISSING_PROVENANCE:subject_id,session_id,clip_id,device_id"
b86ed82d98590f5736ef,val/images/17743422079716969.jpg,val,1,,,,,,,,48d5c94a8d1370c9173dc25a02d2246ff81f018511294498fb23f270c1789ad2,080939210d0f0f0f,178,158,7830,78.452745,32.952856,58.400360,exact-79c36eab8390,near-af992fb56af4,quarantine,"MISSING_PROVENANCE:subject_id,session_id,clip_id,device_id"
19c61a3ba9419174caad,val/images/17743422080119395.jpg,val,1,,,,,,,,b3280095adf32759affbaca13e8d96726215cd05f3db0977ef0481c0739a47a0,093931212d0d0f0f,171,152,7018,76.900739,29.408685,53.197024,exact-4d9a8389508d,near-4d9a8389508d,quarantine,"MISSING_PROVENANCE:subject_id,session_id,clip_id,device_id"
ef8ccaeac7129466ac53,val/images/17743422080612168.jpg,val,1,,,,,,,,b3280095adf32759affbaca13e8d96726215cd05f3db0977ef0481c0739a47a0,093931212d0d0f0f,171,152,7018,76.900739,29.408685,53.197024,exact-4d9a8389508d,near-4d9a8389508d,quarantine,"MISSING_PROVENANCE:subject_id,session_id,clip_id,device_id"
aaf60e6ea4ea16114454,val/images/17743422083484917.jpg,val,1,,,,,,,,e5359462a2f20b3882dbea16611655877ba4ff6cc99086d9d2c8918368cd622e,07073131250d0f0e,179,159,7456,67.870208,32.669861,92.991145,exact-9557fb401e0a,near-66edf2270ac5,quarantine,"MISSING_PROVENANCE:subject_id,session_id,clip_id,device_id"
ed1ddb6b4bb6d8f893ba,val/images/17743422085300362.jpg,val,1,,,,,,,,44a8fa30059490f887acb699fa7256de39e65201d7688c3e1000dc6d8e2eb23f,07073131250d0f0f,179,159,7729,69.022276,32.314507,89.447587,exact-c83696b2d7ba,near-66edf2270ac5,quarantine,"MISSING_PROVENANCE:subject_id,session_id,clip_id,device_id"
4ce09bb5dd2b2104683e,val/images/17743422086294117.jpg,val,1,,,,,,,,6142797d4d49b4e85353f8b0905812656ba39bb29f4fe99a484518f3219d9d42,0b032321090f0f06,180,160,6939,68.425729,32.688209,61.233139,exact-febc3898236f,near-d6b1e3bf3af6,quarantine,"MISSING_PROVENANCE:subject_id,session_id,clip_id,device_id"
f76fb3e19518b0fdd7f2,val/images/17743422110494268.jpg,val,1,,,,,,,,36779e57918ac26f023a984089a2ebf5795ce67a8693ba64486aa90a3ceaaf54,8b8d061309010303,182,162,7908,64.012685,43.021594,154.897775,exact-cb25c40561f0,near-cb25c40561f0,quarantine,"MISSING_PROVENANCE:subject_id,session_id,clip_id,device_id"
76bf77dfc66e5a9680e3,val/images/17743422115571253.jpg,val,1,,,,,,,,c996b256db9e1b62fb02b9d2fe222eec7870e267a86149b7bd0fb4492332ded6,0600091e1b1b0706,194,172,8948,67.397596,41.310576,127.766231,exact-a23764b15545,near-49cb2d2f18e0,quarantine,"MISSING_PROVENANCE:subject_id,session_id,clip_id,device_id"
52df381ceda4f54043ee,val/images/1774342212548363.jpg,val,1,,,,,,,,20aabc829799861db9f0bb8ca2a23f1108d96e6d837d296fd234df9c09955136,33070d0337471307,171,152,7623,93.925592,36.584408,67.751948,exact-f5e0e5aeeb23,near-f5e0e5aeeb23,quarantine,"MISSING_PROVENANCE:subject_id,session_id,clip_id,device_id"
9318999ca86fcefc9cd9,val/images/17743422129280026.jpg,val,1,,,,,,,,e34129503ddc07a7f950c2e20e923c8a4d3f5989fe9692c801cb6a352caf55c2,078733330d0f0f0f,202,180,9701,72.403273,37.914880,103.446404,exact-27d1fea92fda,near-27d1fea92fda,quarantine,"MISSING_PROVENANCE:subject_id,session_id,clip_id,device_id"
c263b10acbed7d9ce56e,val/images/17743422130198147.jpg,val,1,,,,,,,,5dd4efff8f983502f3bd7513eaf6e554bbea24eff072fb842b625b2be50c256a,0f0723230d0f0f07,201,178,9767,71.907345,37.796208,109.628312,exact-6f68fb2602a9,near-d6b1e3bf3af6,quarantine,"MISSING_PROVENANCE:subject_id,session_id,clip_id,device_id"
7dfa8a88e189555d71ca,val/images/17743422132645135.jpg,val,1,,,,,,,,5e82b704392cc1661c7db1ec44c0f178427ff210dbcc0f59cda3a04866b132bb,0f072323090f0f0e,199,177,9487,72.074667,37.497530,112.645458,exact-8fb3ac1f88dc,near-d6b1e3bf3af6,quarantine,"MISSING_PROVENANCE:subject_id,session_id,clip_id,device_id"
b77776a9914b2542a475,val/images/1774342213354022.jpg,val,1,,,,,,,,c3a622d4bd3a61febcaa5725becebd4da0fa7238b84c7e574bf983b49d99908d,0f072323090f0f0e,206,183,9297,70.300918,38.505935,117.217915,exact-876a4dd944bc,near-d6b1e3bf3af6,quarantine,"MISSING_PROVENANCE:subject_id,session_id,clip_id,device_id"
ddaf59197fa93030f40e,val/images/17743422149480264.jpg,val,1,,,,,,,,a7dfbb82fb085413bad911af43d9cefbd97744ba2a57c95e0bb00ab4c8d157d8,9129292d0c0f0f0c,218,194,10671,79.643290,40.491460,79.473296,exact-4c20e5a432db,near-4c20e5a432db,quarantine,"MISSING_PROVENANCE:subject_id,session_id,clip_id,device_id"
cde0589de6dc12d73435,val/images/17743422152474313.jpg,val,1,,,,,,,,9588312760cf3b7973e89f6a2cc847170d7c25e7d67b38e7181b4d4a908c4044,cc04862e0f870f00,247,219,13062,72.138853,44.662082,110.074694,exact-ee40670f8183,near-ee40670f8183,quarantine,"MISSING_PROVENANCE:subject_id,session_id,clip_id,device_id"
058f475f8f7f4accd0e6,val/images/1774342215416862.jpg,val,1,,,,,,,,82c01a3c04bc2a1b976223454779624395b4e7a201541def00912d203f5ab464,cc06072f0f0f870a,226,201,11869,77.222560,42.718441,112.835226,exact-8392db5d0ad3,near-8392db5d0ad3,quarantine,"MISSING_PROVENANCE:subject_id,session_id,clip_id,device_id"
125c057295824f0369c7,val/images/1774342215531293.jpg,val,1,,,,,,,,1fc70693c23368c81fa5b2f2efb945d360a3ef8a2da7c9e6b97c219ad0b4b49c,cc04272b0b0f070a,228,202,12254,76.608889,42.615877,122.009829,exact-17e5469565a9,near-310e827e74fd,quarantine,"MISSING_PROVENANCE:subject_id,session_id,clip_id,device_id"
1a48a408851dab6540de,val/images/17743422157455447.jpg,val,1,,,,,,,,8e649e352fc5dfbd822a34358b0336ca737a5d2adbef76dbf2287804c8499e18,cc04a72b0b0f870a,229,204,11992,75.747966,42.979635,123.757632,exact-3de9ed7ef370,near-310e827e74fd,quarantine,"MISSING_PROVENANCE:subject_id,session_id,clip_id,device_id"
d7578bc0a9ca62383e56,val/images/17743422158164654.jpg,val,1,,,,,,,,569e95c49fa14294d2e16083a83569dff71fe6242e324e6e8fb2bbd222d22550,cc04a72b0b8f0708,234,208,12079,74.305062,43.351194,122.250801,exact-577b6665c257,near-310e827e74fd,quarantine,"MISSING_PROVENANCE:subject_id,session_id,clip_id,device_id"
ad92397dcbd78e14b658,val/images/17743422161526365.jpg,val,1,,,,,,,,afb6ae4962f56df79942e5c2d7f1e803430c7e99be4e9236909f484a44a92472,4c84272b0b0f070a,224,199,11139,76.439766,42.194186,114.072765,exact-57088408e714,near-310e827e74fd,quarantine,"MISSING_PROVENANCE:subject_id,session_id,clip_id,device_id"
e4d4eee3df1c209e760c,val/images/17743422162379496.jpg,val,1,,,,,,,,611a646c9341e85e90fb75aeb3c941b4af544cd3a8454ed54753e1701a59b3bf,4884070b0b0d8703,216,192,10752,79.042921,40.890240,112.310323,exact-123d2c8be3af,near-123d2c8be3af,quarantine,"MISSING_PROVENANCE:subject_id,session_id,clip_id,device_id"
23ca05b4103d453dea9b,val/images/17743422163927605.jpg,val,1,,,,,,,,84614bc28582750752e8ca4ca9edaf21f7d5decece0262a88a5b9368847a7400,488e070b0b8f070a,222,198,10900,76.252048,41.200916,106.526855,exact-a729e77871d8,near-a729e77871d8,quarantine,"MISSING_PROVENANCE:subject_id,session_id,clip_id,device_id"
44a181aba3453810fe53,val/images/17743422164518723.jpg,val,1,,,,,,,,b20369d5a2c7680893205b6b12c9d91e1025056aabd94de80e85becf6827b36e,51012f27070f070a,221,196,9897,72.412965,38.824484,84.324972,exact-33c44c820a97,near-33c44c820a97,quarantine,"MISSING_PROVENANCE:subject_id,session_id,clip_id,device_id"
d9df03f39178dac2bd3b,val/images/17743422169426217.jpg,val,1,,,,,,,,ef2fbeda967d05e7784e4efd8e31c1cceb696babbe1e50cc4308e66f1e5913a1,03071b1b0d0f0f0e,203,181,8736,66.767275,36.533847,73.874398,exact-5f569caeddcf,near-5f569caeddcf,quarantine,"MISSING_PROVENANCE:subject_id,session_id,clip_id,device_id"
19ea107e0c01cedc3cec,val/images/17743422170738094.jpg,val,1,,,,,,,,88c9f8b009ee0cd1711862dd21c3060755968c001dc1aa90c618ebab493a0936,03031f0f0b0f0f0e,213,189,10857,64.838662,37.908958,99.736285,exact-e6c2ee6e6e62,near-a0220459d8a2,quarantine,"MISSING_PROVENANCE:subject_id,session_id,clip_id,device_id"
974a13efce9381e1b3c2,val/images/17743422171799707.jpg,val,1,,,,,,,,f970fb8ade2922c9cc9ccddab6e43c5fba703b93114800ffe054601cd86dc0d7,03030f0b0b0f0f0e,213,189,10874,64.705517,38.485328,109.107555,exact-24924eb06b63,near-a0220459d8a2,quarantine,"MISSING_PROVENANCE:subject_id,session_id,clip_id,device_id"
d66ce1886d240680f8c7,val/images/17743422172285016.jpg,val,1,,,,,,,,f0dbbefe2c28ebf0e710fe5f95d0551415d6466ff2da51b932ef487b3ec9e01b,83030f4b4b0f0f0e,211,188,10796,65.576913,38.208710,107.891575,exact-e2af7dac7443,near-a0220459d8a2,quarantine,"MISSING_PROVENANCE:subject_id,session_id,clip_id,device_id"
7ea8f449f427df103512,val/images/17743422173744862.jpg,val,1,,,,,,,,41e4d9cc8c3be536f33f8aa1586bd0cbd64418b237c74dcc1c1fd6cb8eacc2db,83031f4b4b0f0f0e,213,189,10701,65.678739,38.298081,105.752898,exact-ed44194c4a80,near-a0220459d8a2,quarantine,"MISSING_PROVENANCE:subject_id,session_id,clip_id,device_id"
a1284abf4f7f09fec6d3,val/images/17743422175311012.jpg,val,1,,,,,,,,5b9407a54262430cd1ccd40d0260acb77666843de29873d9668b1a80fe69abc1,03031f0b0b0f0f0e,209,186,10419,65.698950,37.748733,105.009460,exact-fcf24812170e,near-a0220459d8a2,quarantine,"MISSING_PROVENANCE:subject_id,session_id,clip_id,device_id"
4f2e9a016cab82f18526,val/images/17743422179295511.jpg,val,1,,,,,,,,783894d79f20cbb68af118204bc3860d31d9c006378bce4e2593ccf509344298,0303175d4f0f0f0a,205,182,9728,66.890860,38.569277,89.936782,exact-01afc35dfda7,near-01afc35dfda7,quarantine,"MISSING_PROVENANCE:subject_id,session_id,clip_id,device_id"
4c3f9c7a610cf32faa33,val/images/1774342217961431.jpg,val,1,,,,,,,,783894d79f20cbb68af118204bc3860d31d9c006378bce4e2593ccf509344298,0303175d4f0f0f0a,205,182,9728,66.890860,38.569277,89.936782,exact-01afc35dfda7,near-01afc35dfda7,quarantine,"MISSING_PROVENANCE:subject_id,session_id,clip_id,device_id"
4e17f91ae8ee849a1691,val/images/17743422182368987.jpg,val,1,,,,,,,,8f062a2a05d40b356eadf69bb9a40396fad0122caf6a99046f8209fe6c507c13,8707030b090f0f0e,202,180,9746,69.549092,38.332823,94.618747,exact-517f5979c71a,near-a0220459d8a2,quarantine,"MISSING_PROVENANCE:subject_id,session_id,clip_id,device_id"
2cacb01c5b28c601db53,val/images/1774342218484448.jpg,val,1,,,,,,,,2b9fcf7f522d79ac4f41c496fcb932cb7c623c228341e82859850e5b8f3b26d2,0703131d0d0f0f0e,205,182,9822,68.065452,38.680186,96.884855,exact-8d8da25347b1,near-a0220459d8a2,quarantine,"MISSING_PROVENANCE:subject_id,session_id,clip_id,device_id"
ba6419dc9167e9237b71,val/images/17743422186341662.jpg,val,1,,,,,,,,1c748c2763ac1fe577772d8581f49bb1b8922de33508d326f54d32e24d15584a,8707130f0d0f0f0e,205,182,9637,68.954731,38.586299,89.395432,exact-c37a0cb2399b,near-a0220459d8a2,quarantine,"MISSING_PROVENANCE:subject_id,session_id,clip_id,device_id"
2dfc622c5e5f06b28c84,val/images/1774342218854485.jpg,val,1,,,,,,,,91e14a62d2cf7d4d00aa9533fa04f3ede11de5afb8087b943de0c04d01ebbd8f,0703131d0d0f0f0e,206,183,9501,68.080482,38.909286,91.442613,exact-4ff7eaa19213,near-a0220459d8a2,quarantine,"MISSING_PROVENANCE:subject_id,session_id,clip_id,device_id"
2e4d52511b2426c955df,val/images/1774342218947394.jpg,val,1,,,,,,,,2fad218d40f9d2e50ae94d6a8cdb3c1c56b1ce24a9257ab26cc7970114066a70,8707130f4d0f0f0e,206,183,9444,68.552523,38.837115,90.335610,exact-f29f6a533452,near-a0220459d8a2,quarantine,"MISSING_PROVENANCE:subject_id,session_id,clip_id,device_id"
cc3c34712ddf2900bc2f,val/images/17743422189660199.jpg,val,1,,,,,,,,2fad218d40f9d2e50ae94d6a8cdb3c1c56b1ce24a9257ab26cc7970114066a70,8707130f4d0f0f0e,206,183,9444,68.552523,38.837115,90.335610,exact-f29f6a533452,near-a0220459d8a2,quarantine,"MISSING_PROVENANCE:subject_id,session_id,clip_id,device_id"
6236ebf9e017773b8cf6,val/images/17743422197494404.jpg,val,1,,,,,,,,296ef21f2840b4b4fba31e7e0d0943f6ad55f89407214bf27f8e9ab7214681b5,0f0e0f1f290f0f0e,203,181,9761,69.910078,39.910994,103.862603,exact-31db0e9914b9,near-31db0e9914b9,quarantine,"MISSING_PROVENANCE:subject_id,session_id,clip_id,device_id"
5375b2712cbf3214daf4,val/images/1774342220329777.jpg,val,1,,,,,,,,398c82acaa2eb04b1344f1dcabc1865b95059179cce6c6fe499361bd63a03992,070743471d0f0f0f,195,174,7976,74.501886,35.746486,67.564734,exact-d2ac5c9b6564,near-d2ac5c9b6564,quarantine,"MISSING_PROVENANCE:subject_id,session_id,clip_id,device_id"
ef15b20c4367e30a817f,val/images/17743422213381908.jpg,val,1,,,,,,,,2e07837fb77f5acf3e34d124528dafde39d32bfec13b83889cdf4521344ef228,0ba525250d0f070e,211,188,9869,68.138147,38.260242,84.741748,exact-33339ef05c9c,near-e5e2080391b8,quarantine,"MISSING_PROVENANCE:subject_id,session_id,clip_id,device_id"
4a2b1531c49c41a6a5e6,val/images/17743422214353209.jpg,val,1,,,,,,,,9cb953dfeb3ff4140cfe146dd6b93a4dfe84009fcb91aadd735366bc96572a46,0b8527270a0f070e,214,190,10154,69.145844,37.795874,88.527022,exact-cb99d6d08ffe,near-e5e2080391b8,quarantine,"MISSING_PROVENANCE:subject_id,session_id,clip_id,device_id"
6894dc06474ef3ac5b94,val/images/17743422224657428.jpg,val,1,,,,,,,,be9951a26266054f667676479c6d5919aa0ca0b2f9ea20a152443d3ea27d58ef,0d2723272d090302,193,171,9046,79.796049,32.302071,90.101743,exact-765abf5fa69b,near-883601825963,quarantine,"MISSING_PROVENANCE:subject_id,session_id,clip_id,device_id"
f17dcd4cd61eb0fe3ddb,val/images/17743422225557175.jpg,val,1,,,,,,,,e0e1dd5d8ab796bb0da7a2507a026c9df1f983b6cd3448a8ee6e46a214737ca2,0f2723270d09030a,195,174,9012,78.997907,32.854902,89.201952,exact-777821f81088,near-883601825963,quarantine,"MISSING_PROVENANCE:subject_id,session_id,clip_id,device_id"
1676ec98fb9c76c39733,val/images/17743422228689597.jpg,val,1,,,,,,,,acb7a975b551dc7b4a05114f657e4cce5cdeec603706ca98ebb72d343862aeaa,1f2727270b0f0503,203,181,9501,76.115287,32.823632,90.320028,exact-c153e7e72e42,near-d6b1e3bf3af6,quarantine,"MISSING_PROVENANCE:subject_id,session_id,clip_id,device_id"
08aa995f346373c7b53b,val/images/17743422228854542.jpg,val,1,,,,,,,,acb7a975b551dc7b4a05114f657e4cce5cdeec603706ca98ebb72d343862aeaa,1f2727270b0f0503,203,181,9501,76.115287,32.823632,90.320028,exact-c153e7e72e42,near-d6b1e3bf3af6,quarantine,"MISSING_PROVENANCE:subject_id,session_id,clip_id,device_id"
e174998ba34c2ba61621,val/images/17743422229495606.jpg,val,1,,,,,,,,963bea881ec5da18ff5432da6a1651544c36467399ebd01b3c0c4cb2e8249883,0f2727270b0f0701,205,182,9431,73.193621,33.220260,94.366817,exact-ff63373523e4,near-d6b1e3bf3af6,quarantine,"MISSING_PROVENANCE:subject_id,session_id,clip_id,device_id"
b7c4dd5b39b047b665c9,val/images/17743422229748604.jpg,val,1,,,,,,,,963bea881ec5da18ff5432da6a1651544c36467399ebd01b3c0c4cb2e8249883,0f2727270b0f0701,205,182,9431,73.193621,33.220260,94.366817,exact-ff63373523e4,near-d6b1e3bf3af6,quarantine,"MISSING_PROVENANCE:subject_id,session_id,clip_id,device_id"
e8aef625c65a43f871f4,val/images/17743422233629224.jpg,val,1,,,,,,,,54672a5f55ff8baec606cd3196fb3e176a7d879805b1f8aefa76c92fa5eb625f,1f07672f0b0f070d,205,182,9539,72.512651,33.679800,95.517964,exact-0ff7c0c4c9b0,near-d6b1e3bf3af6,quarantine,"MISSING_PROVENANCE:subject_id,session_id,clip_id,device_id"
8fd76bf0fefa4b1ef756,val/images/17743422234356375.jpg,val,1,,,,,,,,5dc12a56c282405c507eacb67a361c00517f507c97438292ca371bfc373cf5e0,1f07272f0b0f070c,205,182,9426,72.440767,33.753844,97.794322,exact-f7baaac75f1d,near-d6b1e3bf3af6,quarantine,"MISSING_PROVENANCE:subject_id,session_id,clip_id,device_id"
7721577fbdfc1d0ca548,val/images/17743422241011288.jpg,val,1,,,,,,,,e71e6486e5a62b96c7c157b8d159835a402393cf1f79aa1271b82f0ed42858b7,0f07472e0b0f0706,203,181,9214,72.686335,34.732455,90.816272,exact-53fa3fcc40a2,near-d6b1e3bf3af6,quarantine,"MISSING_PROVENANCE:subject_id,session_id,clip_id,device_id"
cc23e451bcf4412aa859,val/images/17743422242511165.jpg,val,1,,,,,,,,409c7aa8a7fd9942bfae91d8831b0bd985e52923fb5bce4f66c3f56def431a4d,1e074743490b0f02,183,163,7678,73.635623,33.340456,69.485956,exact-8f6f469e69e1,near-bcdc1f9253a1,quarantine,"MISSING_PROVENANCE:subject_id,session_id,clip_id,device_id"
bde9664d568fc3d4970e,val/images/17743422243537726.jpg,val,1,,,,,,,,21d704677a59cc531bffa1e3ed99acfcbb4af7e3211a6e4502387a1abe2114c5,0f07434b490f0b02,176,157,7163,73.532680,32.861396,73.138344,exact-ecef74c11601,near-bcdc1f9253a1,quarantine,"MISSING_PROVENANCE:subject_id,session_id,clip_id,device_id"
c5db0d54e31757641f41,val/images/17743422248159256.jpg,val,1,,,,,,,,5034c51f81c84beff52c1e1dcce61c7f241917df485beb2ac134f3aed9ab0c69,1f070743590b0b02,172,153,7010,72.382201,33.147872,83.087814,exact-6709bd9555f0,near-bcdc1f9253a1,quarantine,"MISSING_PROVENANCE:subject_id,session_id,clip_id,device_id"
e112bb55b65992c0b4c6,val/images/1774342225221298.jpg,val,1,,,,,,,,9f0e74bf5cc0aab63146447e4789bb641baf64d03a6801da65e6bae029ffd4f3,1f07474b490f0b02,167,148,6041,73.635944,30.394753,48.611933,exact-c34118212817,near-bcdc1f9253a1,quarantine,"MISSING_PROVENANCE:subject_id,session_id,clip_id,device_id"
a40cc548cd81502de9f6,val/images/17743422255932815.jpg,val,1,,,,,,,,5e444736ca57817222df6e5a85190d623c28c277b2aaa8dab35a2b3f1ba75b7f,8f87076b0f070daa,195,174,9037,70.553876,37.068193,69.050673,exact-d960a8f3c3ed,near-9152d346fc25,quarantine,"MISSING_PROVENANCE:subject_id,session_id,clip_id,device_id"
ece9c2831a45bac2acf7,val/images/17743422256799805.jpg,val,1,,,,,,,,2791e0a02e1f505e7442aec39b806b9a5ad9321135ea7555726a2e31e23b3805,8f87474b0f070fba,202,180,9502,70.576540,36.940485,68.996425,exact-774f9ee40100,near-9152d346fc25,quarantine,"MISSING_PROVENANCE:subject_id,session_id,clip_id,device_id"
1aef742bd93f38c3f02f,val/images/17743422258905616.jpg,val,1,,,,,,,,f8c3746ec107423cbb236096c53ef86170c09b92eae2c40fbefba54fd249ea61,8f87070b0f070fbc,207,184,9638,70.778670,37.055338,79.464839,exact-721216b2bc45,near-9152d346fc25,quarantine,"MISSING_PROVENANCE:subject_id,session_id,clip_id,device_id"
f98f843aca25aa543bd5,val/images/1774342226297338.jpg,val,1,,,,,,,,7e7b08da45465dbae58b0f749b1e185e7badb8bb7185ce08444e2f80b813f1ae,4c8723270a0f0706,226,201,10631,58.998547,34.218771,94.929119,exact-e240b95c980c,near-d6b1e3bf3af6,quarantine,"MISSING_PROVENANCE:subject_id,session_id,clip_id,device_id"
079cc4c9bd31d0b67455,val/images/17743422263179502.jpg,val,1,,,,,,,,7e7b08da45465dbae58b0f749b1e185e7badb8bb7185ce08444e2f80b813f1ae,4c8723270a0f0706,226,201,10631,58.998547,34.218771,94.929119,exact-e240b95c980c,near-d6b1e3bf3af6,quarantine,"MISSING_PROVENANCE:subject_id,session_id,clip_id,device_id"
814a9b59de10f3bb0d37,val/images/17743422264046936.jpg,val,1,,,,,,,,8869ebf14bcb52112a2a4bd700540ade28f0511e91c1514b5fe6d13e5655b5c9,468723230b0f0f06,221,196,10112,64.696532,37.176100,91.499660,exact-cd0d2f04533f,near-d6b1e3bf3af6,quarantine,"MISSING_PROVENANCE:subject_id,session_id,clip_id,device_id"
19fed5d94a5541b666bd,val/images/17743422267263749.jpg,val,1,,,,,,,,e27e9895a10eed2636f1ba34307381d45dc32ee7a0b87a9d4aae3f06ff4cb79e,07272303111b121e,190,169,8106,76.400125,35.030057,61.036410,exact-f44952419dbd,near-a821bbab228d,quarantine,"MISSING_PROVENANCE:subject_id,session_id,clip_id,device_id"
757c62e22c6cb7da3a2d,val/images/17743422268766282.jpg,val,1,,,,,,,,99a59bec6026c2cf9232bdb970bcc301ca7a77fc79e2afade5e65f81b9509b26,062723031131121e,186,165,7664,76.786804,35.737532,40.798534,exact-d8f7ffafeff8,near-a821bbab228d,quarantine,"MISSING_PROVENANCE:subject_id,session_id,clip_id,device_id"
eb3ce6abe23d7d8cfc5b,val/images/17743422270332215.jpg,val,1,,,,,,,,a4515c82393ecfe76b94b69e9738754522d8b16c1f89a659e24b205c1bea3170,052323033133261d,187,166,7772,76.101218,37.415692,39.177213,exact-3ed87c5ca7b9,near-3ed87c5ca7b9,quarantine,"MISSING_PROVENANCE:subject_id,session_id,clip_id,device_id"
ae7fd7955907e814e346,val/images/17743422271102858.jpg,val,1,,,,,,,,a4515c82393ecfe76b94b69e9738754522d8b16c1f89a659e24b205c1bea3170,052323033133261d,187,166,7772,76.101218,37.415692,39.177213,exact-3ed87c5ca7b9,near-3ed87c5ca7b9,quarantine,"MISSING_PROVENANCE:subject_id,session_id,clip_id,device_id"
1fcd4de9cee1848d538a,val/images/1774342227641682.jpg,val,1,,,,,,,,bea0df048b75b40509919d888ad38e389926874c06c2ea3c65be437ccfdce585,0f0f07272307070e,205,182,7901,68.104154,41.010570,51.970166,exact-977c7b72256c,near-977c7b72256c,quarantine,"MISSING_PROVENANCE:subject_id,session_id,clip_id,device_id"
0c3fd09030c1d6490828,val/images/17743422276643233.jpg,val,1,,,,,,,,bea0df048b75b40509919d888ad38e389926874c06c2ea3c65be437ccfdce585,0f0f07272307070e,205,182,7901,68.104154,41.010570,51.970166,exact-977c7b72256c,near-977c7b72256c,quarantine,"MISSING_PROVENANCE:subject_id,session_id,clip_id,device_id"
54abbc7d63945126047a,val/images/17743422276813548.jpg,val,1,,,,,,,,bea0df048b75b40509919d888ad38e389926874c06c2ea3c65be437ccfdce585,0f0f07272307070e,205,182,7901,68.104154,41.010570,51.970166,exact-977c7b72256c,near-977c7b72256c,quarantine,"MISSING_PROVENANCE:subject_id,session_id,clip_id,device_id"
be65a8686882c7d960d8,val/images/1774342227738558.jpg,val,1,,,,,,,,b81e1c2eb68fa031df581cb2d563ba6f705f754b9a74b66d3c7133f3dcb4cbc6,0e070712131b0706,209,186,9023,66.366543,38.702768,67.500620,exact-d5a089969d5b,near-d5a089969d5b,quarantine,"MISSING_PROVENANCE:subject_id,session_id,clip_id,device_id"
8e705ba838d325fdf3eb,val/images/17743422280286825.jpg,val,1,,,,,,,,cbca7321da57e3c00f162104ae4909e94a8f4b160d458f5b55c49647c808a39f,0e0727030b0f0707,205,182,9236,67.897427,36.572326,86.580670,exact-cf79fc142b74,near-df82c08d9228,quarantine,"MISSING_PROVENANCE:subject_id,session_id,clip_id,device_id"
a8381cf3831847e1b254,val/images/17743422280825243.jpg,val,1,,,,,,,,e4448047648f85a4351300e7bd3940a50b480ae61e9a58172896aa71ffca4649,0f072323090f0f06,203,181,9354,66.368669,36.428893,88.553857,exact-658aef6aefb1,near-d6b1e3bf3af6,quarantine,"MISSING_PROVENANCE:subject_id,session_id,clip_id,device_id"
70bfcd6593828bddbc28,val/images/1774342228142545.jpg,val,1,,,,,,,,8411bb0d81dff3f1253898f53f74d824516a01c95bc11a3d3d812510ea5d21c0,0f032323090f0f07,199,177,8940,68.164864,35.318766,85.188371,exact-d5144e72153d,near-d6b1e3bf3af6,quarantine,"MISSING_PROVENANCE:subject_id,session_id,clip_id,device_id"
644b08ea92be7e5966f5,val/images/1774342228281052.jpg,val,1,,,,,,,,44b369e7ccec4cf36b6e4f51173193e6db0e7f4f2387265744b817ee6e63078e,0f032323290f0f07,199,177,8952,68.632428,35.066068,80.858752,exact-6ba747c3d06c,near-d6b1e3bf3af6,quarantine,"MISSING_PROVENANCE:subject_id,session_id,clip_id,device_id"
a9f2d079250f8ca533f2,val/images/1774342228328039.jpg,val,1,,,,,,,,44b369e7ccec4cf36b6e4f51173193e6db0e7f4f2387265744b817ee6e63078e,0f032323290f0f07,199,177,8952,68.632428,35.066068,80.858752,exact-6ba747c3d06c,near-d6b1e3bf3af6,quarantine,"MISSING_PROVENANCE:subject_id,session_id,clip_id,device_id"
3435b205cf2894c16d94,val/images/1774342228376573.jpg,val,1,,,,,,,,8101e9cc5b5cec0b5c598ce20e38e9b1b0d46d2135acc85526f70d06e83e9403,0f032323090f0f06,199,177,8941,68.221759,34.946600,82.273289,exact-a9663314e338,near-d6b1e3bf3af6,quarantine,"MISSING_PROVENANCE:subject_id,session_id,clip_id,device_id"
561e219f4507a73d9826,val/images/17743422287705302.jpg,val,1,,,,,,,,2c25d8d1d5c88b5cd516845b793a93bb3300e427b1ab2e51ae337e95fc4150fd,0f232323090f0f06,195,174,8528,69.334689,34.486710,84.556707,exact-41d5050e5977,near-d6b1e3bf3af6,quarantine,"MISSING_PROVENANCE:subject_id,session_id,clip_id,device_id"
55fb626c9581efc07447,val/images/1774342228872407.jpg,val,1,,,,,,,,6baa7ee8aabdc655621c9e7a9119281386c76262dd11e15679e14cb517a63831,0f232323290f0f06,194,172,8390,69.726415,34.197807,76.745609,exact-f4a74b90cd43,near-d6b1e3bf3af6,quarantine,"MISSING_PROVENANCE:subject_id,session_id,clip_id,device_id"
b8f70e59b3e6a470efd1,val/images/17743422291003869.jpg,val,1,,,,,,,,aa08336aaefd4e594f10d5c2224f82a7df155e9a50731be4100f19f2d13f3a91,0f232323090d0f06,199,177,8913,67.647418,35.331486,91.801116,exact-5e451b0d0857,near-d6b1e3bf3af6,quarantine,"MISSING_PROVENANCE:subject_id,session_id,clip_id,device_id"
02637da2d1bec857f727,val/images/17743422291769838.jpg,val,1,,,,,,,,6c71e565ed0b94dcaa5ff49dc8ceddc179f550ac9b93037873453455331f38b6,0f232323090f0f06,199,177,8735,67.884167,35.438441,86.648189,exact-3279ea8cb335,near-d6b1e3bf3af6,quarantine,"MISSING_PROVENANCE:subject_id,session_id,clip_id,device_id"
e7306963a8ec3a39a8c6,val/images/17743422292070503.jpg,val,1,,,,,,,,6c71e565ed0b94dcaa5ff49dc8ceddc179f550ac9b93037873453455331f38b6,0f232323090f0f06,199,177,8735,67.884167,35.438441,86.648189,exact-3279ea8cb335,near-d6b1e3bf3af6,quarantine,"MISSING_PROVENANCE:subject_id,session_id,clip_id,device_id"
470079cac96f9949e6c8,val/images/17743422294539418.jpg,val,1,,,,,,,,8efe2863be66efe05f66fc666cd6a94e3a7fe3eeb46052c684fda8825383915d,0e072323091c1e0e,209,186,9634,67.368087,36.144294,72.821241,exact-c41d3fb0af90,near-c41d3fb0af90,quarantine,"MISSING_PROVENANCE:subject_id,session_id,clip_id,device_id"
518e0f14f60342d76251,val/images/17743422294810293.jpg,val,1,,,,,,,,8efe2863be66efe05f66fc666cd6a94e3a7fe3eeb46052c684fda8825383915d,0e072323091c1e0e,209,186,9634,67.368087,36.144294,72.821241,exact-c41d3fb0af90,near-c41d3fb0af90,quarantine,"MISSING_PROVENANCE:subject_id,session_id,clip_id,device_id"
2b7e2505835e91470cb8,val/images/17743422295719068.jpg,val,1,,,,,,,,f6da03354222f00857b73c4d5ca7c17d7409b7b5372bb388a2445a2b7beaebdc,0f032323090c0c06,198,176,8877,72.873307,35.648505,89.461779,exact-752e4754ea7d,near-d6b1e3bf3af6,quarantine,"MISSING_PROVENANCE:subject_id,session_id,clip_id,device_id"
5dd7c49e1a9ce0914e81,val/images/17743422298683503.jpg,val,1,,,,,,,,a759c704cb59e7142701ee33389bee7b6243d1e938f2c3b00ccae5c5e0237a6d,0f072303090d0c06,195,174,8881,74.153375,37.093665,97.542027,exact-2b40e5e1a992,near-d6b1e3bf3af6,quarantine,"MISSING_PROVENANCE:subject_id,session_id,clip_id,device_id"
aac7d5d4fbe5645c3af1,val/images/17743422299457014.jpg,val,1,,,,,,,,3afe9eba2072b142c4e8cfc02c48a7bd98f166bd3927e84dfb83c4a58420295e,0f074343091b1c06,191,170,8604,76.079335,36.206671,87.261437,exact-c875f6125b22,near-0f3c2725424a,quarantine,"MISSING_PROVENANCE:subject_id,session_id,clip_id,device_id"
8f88eee1e9a55d164d4d,val/images/17743422302941089.jpg,val,1,,,,,,,,cb9843a3e856501332452cf3863f184552b616f7f7aa281c14c2d1f6bbaae495,0f0747430b1b1c08,191,170,8543,76.292947,35.648649,88.777334,exact-51af5e432678,near-0f3c2725424a,quarantine,"MISSING_PROVENANCE:subject_id,session_id,clip_id,device_id"
a7afddf396cf14f8cdd8,val/images/17743422303800378.jpg,val,1,,,,,,,,bf1cdf4424f791ffd035b9d18d5d52750dc2e2be68abd2f7520aabb811d2f922,0f074343091b1c09,184,164,8171,78.184385,34.502811,82.879332,exact-ab46b0eaa5b3,near-0f3c2725424a,quarantine,"MISSING_PROVENANCE:subject_id,session_id,clip_id,device_id"
2b0d963ede6a0a83445a,val/images/17743422307466142.jpg,val,1,,,,,,,,24c8d223a3728f20835ffbaa33f092cd36c18775ccf31fc7fd6570ec53df7df1,0f074743491b1c1a,189,168,8181,77.849049,34.623581,85.386258,exact-5bfe0a76759c,near-0f3c2725424a,quarantine,"MISSING_PROVENANCE:subject_id,session_id,clip_id,device_id"
c5035e71893af4571894,val/images/17743422307769935.jpg,val,1,,,,,,,,24c8d223a3728f20835ffbaa33f092cd36c18775ccf31fc7fd6570ec53df7df1,0f074743491b1c1a,189,168,8181,77.849049,34.623581,85.386258,exact-5bfe0a76759c,near-0f3c2725424a,quarantine,"MISSING_PROVENANCE:subject_id,session_id,clip_id,device_id"
208df034d912252c7f52,val/images/1774342230975893.jpg,val,1,,,,,,,,d251ac046aaed5856c54b5ac43a278d49dc1fe3daede6374da90e8bced9b9a66,0f0747431b1b1c04,191,170,8467,75.627102,35.579312,85.910350,exact-08f40024a423,near-0f3c2725424a,quarantine,"MISSING_PROVENANCE:subject_id,session_id,clip_id,device_id"
479449efa99186c75307,val/images/17743422310483644.jpg,val,1,,,,,,,,ace6acf21bb43c5d7fc6048385bd8f6736ff1aafbdbb05abdded38f271396205,0f074743131d1c16,194,172,8719,74.634860,35.142364,83.616077,exact-c0eac22bbeac,near-0f3c2725424a,quarantine,"MISSING_PROVENANCE:subject_id,session_id,clip_id,device_id"
36c4e55d700bbd3de09e,val/images/17743422310916724.jpg,val,1,,,,,,,,ace6acf21bb43c5d7fc6048385bd8f6736ff1aafbdbb05abdded38f271396205,0f074743131d1c16,194,172,8719,74.634860,35.142364,83.616077,exact-c0eac22bbeac,near-0f3c2725424a,quarantine,"MISSING_PROVENANCE:subject_id,session_id,clip_id,device_id"
7e901805c9f7724e606a,val/images/1774342231413588.jpg,val,1,,,,,,,,383542fa1e48035e2351a0435ed99aa31de26f143c19872be6587189e1463812,0f074743031d1616,195,174,8877,73.037872,36.306236,86.012161,exact-5d5e6f2889b6,near-0f3c2725424a,quarantine,"MISSING_PROVENANCE:subject_id,session_id,clip_id,device_id"
16d7f8f71fa9eabcddf0,val/images/17743422314497867.jpg,val,1,,,,,,,,e5a53e2ecdb4d291da70171fdb9f69f6f15ba7c9f42b2e8c64252b70f96b54cf,0f074743191b1c04,190,169,8245,75.682093,34.563451,80.528982,exact-2c054135e870,near-0f3c2725424a,quarantine,"MISSING_PROVENANCE:subject_id,session_id,clip_id,device_id"
c62a89224598f6801f1a,val/images/17743422316089582.jpg,val,1,,,,,,,,eed9c21da35f122bf9a725d61762613a5b5f34f9714df2ee64310dd2617d901f,0f074742131d0c04,199,177,8816,72.222695,35.642477,84.977082,exact-49359fb2269e,near-0f3c2725424a,quarantine,"MISSING_PROVENANCE:subject_id,session_id,clip_id,device_id"
3579cd0148e3dac5f5ee,val/images/17743422320620198.jpg,val,1,,,,,,,,2a1d6ec7235e28b1c896d2b3cd0578697370a92449d8e291d2d5c61f9ee66030,0f074743131d0e04,195,174,8823,73.381904,36.041711,88.029979,exact-38b496b388d0,near-0f3c2725424a,quarantine,"MISSING_PROVENANCE:subject_id,session_id,clip_id,device_id"
3b919b9ba50dd48ad023,val/images/1774342232404866.jpg,val,1,,,,,,,,e5d7984fde896a4ad0303079e9549b891deeaee2c99a07dbde8883161e1f1e12,0f0727230b1b0e04,202,180,9250,71.742657,35.453444,80.830501,exact-7ce50d0bcfd7,near-7ce50d0bcfd7,quarantine,"MISSING_PROVENANCE:subject_id,session_id,clip_id,device_id"
692f395c1a44373609a6,val/images/17743422327661123.jpg,val,1,,,,,,,,c0381644a8ac6526076c6dba9558d9828fdc36b446cc2a20fb62d5ec3578b210,0f33313334050c03,172,153,7355,80.143221,31.894521,72.223186,exact-c2d136c8c6ce,near-c2d136c8c6ce,quarantine,"MISSING_PROVENANCE:subject_id,session_id,clip_id,device_id"
540cc51b8fbe14d32c26,val/images/17743422327944338.jpg,val,1,,,,,,,,c0381644a8ac6526076c6dba9558d9828fdc36b446cc2a20fb62d5ec3578b210,0f33313334050c03,172,153,7355,80.143221,31.894521,72.223186,exact-c2d136c8c6ce,near-c2d136c8c6ce,quarantine,"MISSING_PROVENANCE:subject_id,session_id,clip_id,device_id"
8410744b5297270adc5c,val/images/1774342232977504.jpg,val,1,,,,,,,,5433bcb19e19a1291159c0a3b7da715d25f54cb62c8c25240c870f9a4e8df6f4,0f1b333334010307,189,168,8194,77.371504,33.397568,80.729779,exact-e291578989aa,near-e291578989aa,quarantine,"MISSING_PROVENANCE:subject_id,session_id,clip_id,device_id"
b637b15ca64607543b9e,val/images/1774342233050628.jpg,val,1,,,,,,,,25a6b1be1ca13d0a677aba48e7bb6e26c5699c48a07c331874b097d30f27bba7,0f33313234010106,172,153,7306,80.082041,32.361781,67.115979,exact-19fd37bb8239,near-d807f3ed42b4,quarantine,"MISSING_PROVENANCE:subject_id,session_id,clip_id,device_id"
e316ef332fe4036a6443,val/images/17743422330772746.jpg,val,1,,,,,,,,25a6b1be1ca13d0a677aba48e7bb6e26c5699c48a07c331874b097d30f27bba7,0f33313234010106,172,153,7306,80.082041,32.361781,67.115979,exact-19fd37bb8239,near-d807f3ed42b4,quarantine,"MISSING_PROVENANCE:subject_id,session_id,clip_id,device_id"
dbe026ecc9ae8b0902e7,val/images/1774342233657098.jpg,val,1,,,,,,,,068cb76a302aff9a04a772c4fb7118dfe6c7bfeab3ffc59436bce1f78bf312ef,0f1b333334050902,182,162,7825,77.851682,33.611730,78.306013,exact-3f041d6cc07b,near-b76d857cee1a,quarantine,"MISSING_PROVENANCE:subject_id,session_id,clip_id,device_id"
fae7b192fac377da55f1,val/images/17743422339035587.jpg,val,1,,,,,,,,9d0b9afb33acf408d99dfb173b39f029dbfc3779876fc08bac051af92e8afd20,0f33333625010906,190,169,8115,75.927344,33.983249,79.612832,exact-6d394d28c61b,near-6d394d28c61b,quarantine,"MISSING_PROVENANCE:subject_id,session_id,clip_id,device_id"
e2959f8515f40de31606,val/images/1774342233965341.jpg,val,1,,,,,,,,f124626bff79770097f31ddd17b2c85135371142aa8973705904068b04d53d6e,0f3733352903060b,197,175,8587,75.080348,34.322004,82.824786,exact-30e6c91b1dd6,near-9919a1c5837c,quarantine,"MISSING_PROVENANCE:subject_id,session_id,clip_id,device_id"
f942cb412a40906d9534,val/images/17743422339932888.jpg,val,1,,,,,,,,f124626bff79770097f31ddd17b2c85135371142aa8973705904068b04d53d6e,0f3733352903060b,197,175,8587,75.080348,34.322004,82.824786,exact-30e6c91b1dd6,near-9919a1c5837c,quarantine,"MISSING_PROVENANCE:subject_id,session_id,clip_id,device_id"
71f03a7253f69bc2302f,val/images/17743422348156102.jpg,val,1,,,,,,,,b26e017f85b52a84cc3015c16540fb8c06d17844965a0055f73540c583684834,0e062633070f0f0e,216,192,10920,71.896267,37.466526,91.610773,exact-ecdf6b3ecb35,near-a1aa7a276873,quarantine,"MISSING_PROVENANCE:subject_id,session_id,clip_id,device_id"
01feba074db7e7b4592b,val/images/17743422348922863.jpg,val,1,,,,,,,,d27aa882dd484895db2e3763fe76416a69af6c06ea987ac86698f96f69852fff,0c062723070f070f,209,186,10553,72.076658,37.987591,91.971588,exact-f56c69bd6881,near-f56c69bd6881,quarantine,"MISSING_PROVENANCE:subject_id,session_id,clip_id,device_id"
42f45d64a6a1c8b12f92,val/images/17743422354649625.jpg,val,1,,,,,,,,e15497317a8d0fbeb659f5678fc9514f76b4bac18e79d510675be17e55cc8dc1,8f0c061f0f0f870c,228,202,11080,71.333898,38.610237,68.010029,exact-3c8e8d51ea09,near-3c8e8d51ea09,quarantine,"MISSING_PROVENANCE:subject_id,session_id,clip_id,device_id"
5250187a7ed496eda890,val/images/17743422354817505.jpg,val,1,,,,,,,,e15497317a8d0fbeb659f5678fc9514f76b4bac18e79d510675be17e55cc8dc1,8f0c061f0f0f870c,228,202,11080,71.333898,38.610237,68.010029,exact-3c8e8d51ea09,near-3c8e8d51ea09,quarantine,"MISSING_PROVENANCE:subject_id,session_id,clip_id,device_id"
931ca54a595f7bdfa10f,val/images/17743422357560573.jpg,val,1,,,,,,,,9b99449430ddde9adfe088ec204d705a171ca661b442402ef817ed67607bb565,0e0f061713190707,191,170,8587,81.601817,37.328929,68.660906,exact-d6263d907675,near-d6263d907675,quarantine,"MISSING_PROVENANCE:subject_id,session_id,clip_id,device_id"
9938725275113ff36226,val/images/17743422358130648.jpg,val,1,,,,,,,,9b99449430ddde9adfe088ec204d705a171ca661b442402ef817ed67607bb565,0e0f061713190707,191,170,8587,81.601817,37.328929,68.660906,exact-d6263d907675,near-d6263d907675,quarantine,"MISSING_PROVENANCE:subject_id,session_id,clip_id,device_id"
bf97b201d8bf9cfc95bf,val/images/17743422358893447.jpg,val,1,,,,,,,,f66316473b12f45b27d7682e5b6abc12a7ce72e1d5fa4613d6a7403fcf2d824a,ce0c0717171b070e,221,198,9845,73.851570,39.459614,66.787937,exact-83ce7ab80e3b,near-83ce7ab80e3b,quarantine,"MISSING_PROVENANCE:subject_id,session_id,clip_id,device_id"
1f931daf1d2f81116c5b,val/images/17743422364579513.jpg,val,1,,,,,,,,341f29d2859f6d360d5dbd92338606911563573b0ff136ae921f68c638f37188,87070b2b0d0f0f0f,217,193,11072,69.674387,37.549780,96.974827,exact-0a32bbf5346d,near-a0220459d8a2,quarantine,"MISSING_PROVENANCE:subject_id,session_id,clip_id,device_id"
3bb5d819e8ca1464659e,val/images/1774342284253274.jpg,val,0,,,,,,,,32547a69babdc39f339e0e466a524d455c0162153ab43ac47ba39b4becf02310,1e0e37370f0f0fce,140,124,7438,119.395737,72.344193,242.322533,exact-4459b2909cef,near-4459b2909cef,quarantine,"MISSING_PROVENANCE:subject_id,session_id,clip_id,device_id"
80282b20ad895281ea09,val/images/1774342284926559.jpg,val,0,,,,,,,,c7530d17210a9837107d47e4d37a6cfab967812f667d0c1bde4910b160a4d5e1,0f2f37330f0f0f6f,149,133,8190,140.484836,84.520373,104.256898,exact-ef13ebc3a57a,near-da8c9db6731d,quarantine,"MISSING_PROVENANCE:subject_id,session_id,clip_id,device_id"
c0813072fac7f733bcbf,val/images/1774342285571195.jpg,val,0,,,,,,,,7aa3268220cc82f712bf7b76556bc099e95631511529a4f7d7869f07c9c6f963,0f0733330f0f0f2d,160,142,8597,133.710960,85.866986,108.611600,exact-23147de99973,near-da8c9db6731d,quarantine,"MISSING_PROVENANCE:subject_id,session_id,clip_id,device_id"
81acf344d5d10b8a61d2,val/images/1774342285720562.jpg,val,0,,,,,,,,89968c726de64c817157e0149aa0b74dce502330d9b01007601bc644b25302e1,0f2723335f0f0f4f,137,122,6891,155.034582,71.287381,113.049457,exact-1788c74b1c92,near-1788c74b1c92,quarantine,"MISSING_PROVENANCE:subject_id,session_id,clip_id,device_id"
d4af955d8ccaa27d4b38,val/images/1774342306552582.jpg,val,0,,,,,,,,c3cb961e44fe826f5786c6b8b4f1b32927418b100abb5b5a83fd85d1544448c9,c387078393031190,203,181,12164,182.288545,65.770140,46.691260,exact-20756d2b18a4,near-8dbbf895c2c0,quarantine,"MISSING_PROVENANCE:subject_id,session_id,clip_id,device_id"
d5692b9d511531faf148,val/images/1774342307356471.jpg,val,0,,,,,,,,971f043f548340407a1463bc2d8b5b94aaed61d7f6bf440a00a874260390f223,c707079313030390,220,195,13035,187.280163,68.442697,45.505676,exact-016562d2d357,near-8dbbf895c2c0,quarantine,"MISSING_PROVENANCE:subject_id,session_id,clip_id,device_id"
1bc6afa518a22e35bfa2,val/images/1774342309335874.jpg,val,0,,,,,,,,9859fa4883b5fc77710f558df83e4aaad48d39d0c33bee2d94fba2653f8a0902,c30f0f8b13030380,197,175,10767,177.145874,63.750242,59.492482,exact-b8dc2c143be8,near-8dbbf895c2c0,quarantine,"MISSING_PROVENANCE:subject_id,session_id,clip_id,device_id"
fea7423b840b1b113e94,val/images/1774342309382936.jpg,val,0,,,,,,,,3773432513a9732968206d2c4e9350643d77b13ddf4e8d8be3dcd8e1f1ae3e4f,c70f0f8b93030390,198,176,10658,174.990329,64.257845,56.341924,exact-589f5ed0ac1c,near-8dbbf895c2c0,quarantine,"MISSING_PROVENANCE:subject_id,session_id,clip_id,device_id"
9b3a0ceb3e27aeb9ff54,val/images/1774342310878442.jpg,val,0,,,,,,,,5027cebfeb7480baa42964f0011442dc887d1b0dfe1b52890c0b280e7ed1efb8,870f070b03030300,172,153,8159,165.728416,61.912489,47.737140,exact-35a99a53ff1b,near-8dbbf895c2c0,quarantine,"MISSING_PROVENANCE:subject_id,session_id,clip_id,device_id"
2d187f3e52ff69ff948c,val/images/1774342311114905.jpg,val,0,,,,,,,,d7bd4ef1755b70d9b9b78babcff4309baeea9907bdcbc730164791f0db03f880,870f07190b030301,168,150,7783,158.160119,59.154357,49.350565,exact-70e8d52a9b46,near-8dbbf895c2c0,quarantine,"MISSING_PROVENANCE:subject_id,session_id,clip_id,device_id"
42c75b0f7a2c6fb1d4d8,val/images/1774342311945426.jpg,val,0,,,,,,,,f083baa604a7e788e4ba2cd1609755616256b56b2aba5028a33ee835d2461986,c70f070913030310,175,156,8676,138.877875,59.888640,70.371501,exact-43e8852bef63,near-8dbbf895c2c0,quarantine,"MISSING_PROVENANCE:subject_id,session_id,clip_id,device_id"
58c198000d80694bb652,val/images/1774342320791516.jpg,val,0,,,,,,,,51ea4947afb98515a2b7dbe3a76587f8e3614d820525340fdac36673bf75913a,737151536507078e,117,104,5431,143.814924,77.574630,231.101400,exact-d8adfb796bd2,near-01d5dc8ca5eb,quarantine,"MISSING_PROVENANCE:subject_id,session_id,clip_id,device_id"
06d1a28ed5a5f972bf01,val/images/1774346715298755.jpg,val,1,,,,,,,,4ddb637bdf21e36ce2775987927648fc1d2396c7d51bc843a3fa53fd410f4751,4703333131070707,282,250,23224,95.537206,58.024005,111.208827,exact-06ceef971553,near-ba562e161c72,quarantine,"MISSING_PROVENANCE:subject_id,session_id,clip_id,device_id"
cbeded38866e29e09ab1,val/images/1774346715491782.jpg,val,1,,,,,,,,09dd32f23498e1e472e35866d7b6d0f230eae92140e8479388933ff25bba1c65,4713131111070707,279,248,22811,94.469635,58.083622,113.904122,exact-629bde821526,near-ba562e161c72,quarantine,"MISSING_PROVENANCE:subject_id,session_id,clip_id,device_id"
f70b702b6d00d2295e43,val/images/1774346716319597.jpg,val,1,,,,,,,,0ff8437bf2020b9dbeffd8bba83ff03d622ec8d6747e8a831dcd3b9df7f515a7,9f871b191b890303,238,212,16485,87.456180,42.783777,52.052877,exact-33f849de3622,near-33f849de3622,quarantine,"MISSING_PROVENANCE:subject_id,session_id,clip_id,device_id"
05a4651199b41d9a4a6f,val/images/1774346716421164.jpg,val,1,,,,,,,,6a1d35a1eccd0418a93466d9d3701b6ee552c38e24681e57d6c938b59c459e24,9e86131111190b03,222,198,16011,91.309355,43.072494,99.665051,exact-bf7f42e13479,near-561664e61826,quarantine,"MISSING_PROVENANCE:subject_id,session_id,clip_id,device_id"
ca0ae6a55cebfc10e0ca,val/images/1774346716484591.jpg,val,1,,,,,,,,5c5a84347dc7b913165aa5d35ae470a6340d3a42fe2decb903a1a63b44ec4a2c,9e87111111090b03,220,195,15406,93.706247,41.962929,83.150185,exact-c49b0dece16c,near-561664e61826,quarantine,"MISSING_PROVENANCE:subject_id,session_id,clip_id,device_id"
6f677862141a25b11580,val/images/1774346717093106.jpg,val,1,,,,,,,,1b9037f0ba95b4251b20a2184bb2edc3a7da9f8af1b8a4953670e2bc79a03aae,8f060743121f0786,209,186,11703,69.409605,41.650092,44.389055,exact-ddc10a5906f8,near-1718eb7b9ec4,quarantine,"MISSING_PROVENANCE:subject_id,session_id,clip_id,device_id"
59c725fd58ba20f7d642,val/images/177434671717167.jpg,val,1,,,,,,,,b60ca8d6008374cbdef90a49e95a713b902321f8469226262f834dd1ca131ed1,8f070743121e0f8e,202,180,11331,69.948542,41.242142,55.029828,exact-3c1d9213f876,near-1718eb7b9ec4,quarantine,"MISSING_PROVENANCE:subject_id,session_id,clip_id,device_id"
e2eb70ad77ad25dd54eb,val/images/177434671762027.jpg,val,1,,,,,,,,d2da17af1fc9f0257ffc554c91b25a626e0332981fd47792d9e2787b62b71e70,8e072323110f0707,176,157,8224,78.441083,38.397361,35.327897,exact-67282af7a521,near-d6b1e3bf3af6,quarantine,"MISSING_PROVENANCE:subject_id,session_id,clip_id,device_id"
5f8e51ae991e7dc9c2c8,val/images/1774346718082504.jpg,val,1,,,,,,,,15f84a3e5cf020125936a6904ba95d2ba2d786a24375606454461d7615344d88,3f1f1313198b8303,167,148,8033,79.184294,38.541201,56.490215,exact-65991f9aa0b2,near-cd6ce44e98a6,quarantine,"MISSING_PROVENANCE:subject_id,session_id,clip_id,device_id"
58fa8562956a824864e2,val/images/1774346718444508.jpg,val,1,,,,,,,,2cffbd66ce063f8e5c286703a5d540b5b40f53296553e94a26b4f60c04c87421,1f1f13138b830303,180,160,8469,72.313264,40.505719,45.987403,exact-907bdcbc11fe,near-907bdcbc11fe,quarantine,"MISSING_PROVENANCE:subject_id,session_id,clip_id,device_id"
b522a63e917e1908c20f,val/images/1774346719583361.jpg,val,1,,,,,,,,e58958f3826c796af32b147278d11596c01156c670f72254a1ef8a153c7e2faa,07873323130b0f06,199,177,9721,84.883769,45.632260,35.493901,exact-f4c21610c1c9,near-f4c21610c1c9,quarantine,"MISSING_PROVENANCE:subject_id,session_id,clip_id,device_id"
3d8a45101ea30cfb4ea3,val/images/1774346721016201.jpg,val,1,,,,,,,,a09f971319c2cb5591e2aa2c8f3dbdc6857812a5897fb5d596fe34f706304e82,c0111121211b0e0e,214,190,13163,141.907157,57.251515,119.010666,exact-b3773ecbf749,near-156a3e238ff0,quarantine,"MISSING_PROVENANCE:subject_id,session_id,clip_id,device_id"
70984b416570f47ba210,val/images/1774346721412259.jpg,val,1,,,,,,,,94ae1af5a26f7524eefa76c3ab61edc595411e8931487fe4cd50161b67f04973,c21911111b0f0f0e,222,198,12171,132.227182,62.368924,48.347082,exact-f3c39d0642f4,near-05148d143287,quarantine,"MISSING_PROVENANCE:subject_id,session_id,clip_id,device_id"
dcd5eb01391c4a54bead,val/images/1774346723322933.jpg,val,1,,,,,,,,00d2d885057ce3dbb71b38ce9da1d34f01e8150aee60a1ce0f46d2cc0f2dafe3,cd9b13138b070303,279,248,17997,68.776043,43.074022,36.631676,exact-920a6421f4b7,near-7eb3b3cd334e,quarantine,"MISSING_PROVENANCE:subject_id,session_id,clip_id,device_id"
c48ae3763537946ba1f8,val/images/1774346724033245.jpg,val,1,,,,,,,,fc30c01f420c70d81635dc5b30c0c5c86a696f4de5ad6bbbd837b180d0d3bf9a,1222030333191d9e,276,246,20044,104.401555,53.028498,41.027276,exact-1744784df13e,near-1744784df13e,quarantine,"MISSING_PROVENANCE:subject_id,session_id,clip_id,device_id"
00f0f2b6c5b43cc18a89,val/images/1774346725202326.jpg,val,1,,,,,,,,c2557755ae82fe0eb0e1ce4e4f17ce7e7181962ed6e8cbea5b8812cd40e3d4de,22111111110f0f07,211,188,11726,129.776218,49.662057,46.192606,exact-8c9089be2f18,near-ba562e161c72,quarantine,"MISSING_PROVENANCE:subject_id,session_id,clip_id,device_id"
b809c5114076b1fee1d1,val/images/1774346725633881.jpg,val,1,,,,,,,,ecd5c16124cf4423928cb9b356544024de9758107ca69bf927c8e725bed39275,b2711111130b0f0e,236,210,14302,135.388317,58.172372,50.586883,exact-21113a3f71a6,near-9f178388f4ff,quarantine,"MISSING_PROVENANCE:subject_id,session_id,clip_id,device_id"
0f91cace7dacd45bff2c,val/images/1774346725785299.jpg,val,1,,,,,,,,bf9e7edbd588b51f76e1336d01284adbec5abf2a097e549b9eaa46552a01a61b,b2315111130b0f06,248,220,16653,125.483156,56.931421,112.631061,exact-db6529e972a4,near-9f178388f4ff,quarantine,"MISSING_PROVENANCE:subject_id,session_id,clip_id,device_id"
34ea0fbd1d016d20f0d1,val/images/1774346726129985.jpg,val,1,,,,,,,,3a7a13328e51f2a96e697156f9b122502b3f2405a715affe466e4c726a362c38,933951110b0f0707,251,223,18178,127.525807,65.943201,121.446058,exact-41332273b091,near-78fee23a58b8,quarantine,"MISSING_PROVENANCE:subject_id,session_id,clip_id,device_id"
0bd008d540a31c70a582,val/images/1774346727235891.jpg,val,1,,,,,,,,20c77875ff8e996f837cf0619abeacc157a41afee4c9ea5b48ace6eb5abd5b0c,83333123331f1f18,187,166,10721,87.628020,48.660491,81.907454,exact-29caeac1835e,near-29caeac1835e,quarantine,"MISSING_PROVENANCE:subject_id,session_id,clip_id,device_id"
972b4ca1a4425795e0fc,val/images/1774346727340896.jpg,val,1,,,,,,,,4e904dd2acfcb71648310b308fff80c4771ee365b4980ed8cdea702785769727,83b13125313b1f1c,168,150,9418,97.665238,43.602240,98.762016,exact-f8f88c3ddf69,near-f8f88c3ddf69,quarantine,"MISSING_PROVENANCE:subject_id,session_id,clip_id,device_id"
fce1d829e48c7f70605d,val/images/1774346728199651.jpg,val,1,,,,,,,,57ebdc34e916e0122f3b9d72e07f01e86d26235e6d7f93de5eeba27f5f38ec82,08091819131f0f0e,198,176,12585,121.974346,47.403103,128.767727,exact-2c6499976963,near-a9adf48b4161,quarantine,"MISSING_PROVENANCE:subject_id,session_id,clip_id,device_id"
144aa3d8a64788b83794,val/images/1774346728329338.jpg,val,1,,,,,,,,5bd857db8cb4cc1251d61dae7c6f76a0356a6abfb463219f232ff78a3a99169c,18191919131b0f0e,206,183,13623,118.115497,52.530750,150.542961,exact-d8912eba4a0d,near-a9adf48b4161,quarantine,"MISSING_PROVENANCE:subject_id,session_id,clip_id,device_id"
0e3a140a21cde5ad566e,val/images/1774346734226741.jpg,val,1,,,,,,,,b83b3bfe170b1b5788071cdf3430ce3802c88b1f1456cbcb46a647bb79bd78f8,634319210b1e0f4c,371,295,29853,82.839390,57.857452,67.145022,exact-81b187544ef8,near-81b187544ef8,quarantine,"MISSING_PROVENANCE:subject_id,session_id,clip_id,device_id"
dccd366d114acff396b7,val/images/1774346736389127.jpg,val,1,,,,,,,,990c1a8268749b84af97b54a83dabc50fc7a4b6fbafb92790ae48c910aea450b,e121210148030706,292,260,21167,108.758851,61.806348,49.074275,exact-ec2f62c81490,near-ec2f62c81490,quarantine,"MISSING_PROVENANCE:subject_id,session_id,clip_id,device_id"
56b1ea2958e78fc23f47,val/images/1774346738291698.jpg,val,1,,,,,,,,06ed2ac2065e2c3235d70428ac219ccdc849449d5e743f279df17359d16f7cb2,c3933121110f0707,291,259,24611,108.486102,55.915882,119.883313,exact-7e8250dfc4ec,near-ba562e161c72,quarantine,"MISSING_PROVENANCE:subject_id,session_id,clip_id,device_id"
0dbbb00dc5d042eefe8d,val/images/1774346739559349.jpg,val,1,,,,,,,,cfd14c77868b2ad453715c261e5c7bacc87b13dd35ee2895b2afd2ce3f932602,0703870b132f1d19,282,250,19813,103.709191,61.786421,51.375028,exact-a823bd31ca41,near-a823bd31ca41,quarantine,"MISSING_PROVENANCE:subject_id,session_id,clip_id,device_id"
a4167ac0dc158085c4eb,val/images/1774346739939683.jpg,val,1,,,,,,,,b124b4f179930bf774e124116ed6f59cd9824ce40fd67c8767cf96b58ef7867d,83050f0b4b0f0e18,290,259,22351,100.841379,60.925796,89.601037,exact-9e3b6232cb7b,near-6c07a78be974,quarantine,"MISSING_PROVENANCE:subject_id,session_id,clip_id,device_id"
16a0e089b88f374274f4,val/images/1774346743696956.jpg,val,1,,,,,,,,2427ede8b0de516808e7341f2a4b85873d5bc285c21d8655dca075e57230cadd,8f0f191b89830303,259,230,17331,94.075122,47.407556,48.732538,exact-6ae2718959c4,near-26b9a5d91351,quarantine,"MISSING_PROVENANCE:subject_id,session_id,clip_id,device_id"
69032c8feb7db4e9157e,val/images/1774346743786504.jpg,val,1,,,,,,,,b531b0df9ddc7679ee52e6aa9944f06bb6fdf6aa217672c4d462e230c8b2c963,9f0f191b89830303,257,229,17414,104.618864,49.481918,48.479801,exact-188db7f5c98d,near-26b9a5d91351,quarantine,"MISSING_PROVENANCE:subject_id,session_id,clip_id,device_id"
00ee5d03fc58c78b5cc2,val/images/1774346745218236.jpg,val,1,,,,,,,,66db0ee72a431e31f8ae80199345609b59c6e62bb0b78bd7f7c722fba122c079,bfaf8d0406406040,311,277,23413,132.104751,59.073602,54.286092,exact-3a6e2b22591e,near-b1a55687ae23,quarantine,"MISSING_PROVENANCE:subject_id,session_id,clip_id,device_id"
44ea6a459e8cb9696e06,val/images/17743468728139317.jpg,val,0,,,,,,,,4cdcb96c88467dad8c9a1363510b07ede32c1c5ab7ce577fa13f7362af30ecef,e2f092056c0d0382,144,128,5492,146.963650,46.929867,54.114088,exact-f06ca10f4977,near-938105284fe4,quarantine,"MISSING_PROVENANCE:subject_id,session_id,clip_id,device_id"
98b5aef9dda2c46633df,val/images/17743468729939573.jpg,val,0,,,,,,,,8461859e36a7d4dbf130813f9edd96a94da677fe03b98ae238254c0b87068098,c0e0b029ed0d8382,153,136,6177,145.938389,48.531822,48.676211,exact-86748254b6bf,near-938105284fe4,quarantine,"MISSING_PROVENANCE:subject_id,session_id,clip_id,device_id"
1239dfa3955fa020d337,val/images/1774346873250898.jpg,val,0,,,,,,,,4c8c74d7feef3cdc437e050c2c16cfc65eaa05f7debb647ae9180c50fccda629,c2f0b00de90d8282,147,130,5939,149.775092,54.735053,55.478495,exact-fa66df2f99ce,near-fa66df2f99ce,quarantine,"MISSING_PROVENANCE:subject_id,session_id,clip_id,device_id"
29c9fae95ae4a29c46cc,val/images/1774346875184962.jpg,val,0,,,,,,,,65415ac73cf523da120700e8ca8bab2d425bfe8a371202e9f48dbe665e90479b,d6e0f088e9098282,143,127,5326,164.658719,46.972219,37.556235,exact-f2bdda2192b2,near-f2bdda2192b2,quarantine,"MISSING_PROVENANCE:subject_id,session_id,clip_id,device_id"
ec78ab9b6bc75e216fb8,val/images/17743468761776748.jpg,val,0,,,,,,,,a12f589ec11cefde62f89b7a7f0a1e4dc0f9d366d2e6f3b6adb2e52f6d4911ea,def6f03a4d4d0382,170,151,7331,162.461979,41.975043,34.073221,exact-6532ddd66812,near-6532ddd66812,quarantine,"MISSING_PROVENANCE:subject_id,session_id,clip_id,device_id"
2449b65b6155edc3b536,val/images/17743468764202838.jpg,val,0,,,,,,,,131c864e610d06a7949114db76369efe0bafb1f31dfa50596b6351f342409872,dee4f06b4d4d4382,170,151,7545,153.199727,45.955456,46.857733,exact-5e9abe7a56ed,near-938105284fe4,quarantine,"MISSING_PROVENANCE:subject_id,session_id,clip_id,device_id"
af87084cde44cd3b82c4,val/images/17743468764512258.jpg,val,0,,,,,,,,bf4288872fccb8c3fe681312518e49fc2f5d620a80a24f16a1c61e66d53272a8,f6e0724f4d4d4383,163,145,7097,152.625132,45.965103,47.966583,exact-34df2d15ee33,near-938105284fe4,quarantine,"MISSING_PROVENANCE:subject_id,session_id,clip_id,device_id"
a760fcd6ea4bee5b7e64,val/images/17743468764872327.jpg,val,0,,,,,,,,1e165544ccefc6e27f4ad6381cc4c4d64cec68a173633dd58dad50c0a7ba1372,dee4f06b494d4382,167,148,7158,153.457962,45.183742,49.559925,exact-ace0a2197f29,near-938105284fe4,quarantine,"MISSING_PROVENANCE:subject_id,session_id,clip_id,device_id"
993ac8364062ca5782ed,val/images/17743468767507827.jpg,val,0,,,,,,,,367e3085de29b935630fb5931a864067d216e3fd1eb9d3cb09d5d8826986db9e,def4f0294d4d43c3,168,150,7164,155.021825,44.346599,48.595543,exact-7bccba2d3a3f,near-938105284fe4,quarantine,"MISSING_PROVENANCE:subject_id,session_id,clip_id,device_id"
3af8f700b55cf80809c6,val/images/17743468767854338.jpg,val,0,,,,,,,,45404b0b331e5021efe0039bd5024aec380d0f5a222a54bfa2e3d309b3f94ca0,dee0f26d4d4d43c3,160,142,6397,155.477817,43.838202,41.951804,exact-9f7d97be4c6d,near-938105284fe4,quarantine,"MISSING_PROVENANCE:subject_id,session_id,clip_id,device_id"
b4b1e5696f223a31804f,val/images/1774346877042191.jpg,val,0,,,,,,,,6c0491a05d2198f2ad60c3ba261c56568e1d3d173c28489634d8313e4aa39b36,dee4f02849494382,167,148,7287,163.283217,45.729158,37.087276,exact-59933d776452,near-938105284fe4,quarantine,"MISSING_PROVENANCE:subject_id,session_id,clip_id,device_id"
9ee110aba35b27fc699d,val/images/17743468771830862.jpg,val,0,,,,,,,,504c039fdeb1180b2e21162c044c37ba6ccc05b76754b254a89c49b3e6e5db26,d2e0f02d4c4d0382,151,134,6115,168.053870,45.416112,40.289078,exact-e2135c76ca78,near-938105284fe4,quarantine,"MISSING_PROVENANCE:subject_id,session_id,clip_id,device_id"
91f47d04b48a19374f00,val/images/17743468879455926.jpg,val,0,,,,,,,,a92c3f2f960081046124e34571e98bd7ef7cec90610b1f11b766844defcac15e,d6e0b04a490ac280,128,114,5031,183.944422,46.323660,51.646887,exact-8debf6e4d23b,near-938105284fe4,quarantine,"MISSING_PROVENANCE:subject_id,session_id,clip_id,device_id"
8cc1bba597505c912f4d,val/images/1774346891768009.jpg,val,0,,,,,,,,bd06d3dcbcc8408a5a9ccd69beba9022f2b093aeb88ee4b920c0624fef670972,f6f0f0adec8da3c3,175,156,7833,176.742564,44.546922,38.525361,exact-c324b7cb6568,near-c90c0c55e393,quarantine,"MISSING_PROVENANCE:subject_id,session_id,clip_id,device_id"
895d549e2c7646b5e212,val/images/1774346891891702.jpg,val,0,,,,,,,,03993c8596edc390a4e021acff021b00e4fafe7a57ca637e9edcc7420a9ca020,e6f0f24d6c0d21c3,155,138,6642,174.773072,42.460592,38.413240,exact-77334823791b,near-77334823791b,quarantine,"MISSING_PROVENANCE:subject_id,session_id,clip_id,device_id"
45055113f254c5404b61,val/images/1774346892032665.jpg,val,0,,,,,,,,54f703efaab95a3bc437d0e7936c1575457e088eaccafea85ae78dbb53cc6b17,f0e0704d4c4d6183,137,122,5402,172.425212,42.158339,52.136326,exact-983589f68a61,near-938105284fe4,quarantine,"MISSING_PROVENANCE:subject_id,session_id,clip_id,device_id"
a40e58091c51b2ab65a1,val/images/17743468962726943.jpg,val,0,,,,,,,,55f75daadef52bf11c40f9f80805e5b29b5fd43e1b5bbfbb8e3fb24d9c37c0da,e0d0b0eced058280,133,112,5450,210.837137,49.809912,85.898420,exact-a41b6fde8b21,near-a41b6fde8b21,quarantine,"MISSING_PROVENANCE:subject_id,session_id,clip_id,device_id"
d60f39901ecbc82adc9e,val/images/17743468966060095.jpg,val,0,,,,,,,,7463098bbe4b95262858bf33f4764619a48e3663f0c34d9dc8e10179dac7dc60,c0f09048480d4382,149,133,6526,219.754100,46.028255,60.347894,exact-81ea96707fb0,near-938105284fe4,quarantine,"MISSING_PROVENANCE:subject_id,session_id,clip_id,device_id"
0708f03ab9ecb219dee9,val/images/17743468968832984.jpg,val,0,,,,,,,,879ee39412e836effb479a574e0d588d5ca60b6a8698d6d7ca75bbd11669f83d,c0e0b000480a4280,164,146,6601,226.032701,44.682168,49.945338,exact-396b8e65a84a,near-46576a3bb024,quarantine,"MISSING_PROVENANCE:subject_id,session_id,clip_id,device_id"
4050b99d6156ccb6991f,val/images/17743468985952163.jpg,val,0,,,,,,,,8761dae2b3d5bde37466303d0df4fb14e224ae79bd93aa09b1b3138c91793e7b,6260f0a0a88a82c0,159,141,5938,222.103528,48.865102,33.780561,exact-d933c1002482,near-d933c1002482,quarantine,"MISSING_PROVENANCE:subject_id,session_id,clip_id,device_id"
03931b48f0c0e2f5b0dd,val/images/17743468990584502.jpg,val,0,,,,,,,,0046b682b7743e0f58f30bca8d2e33db4603c20ce1737ed3747ba58c79ff7849,72e0f0d0e882c2c0,147,130,6305,178.236839,44.364988,66.517159,exact-1523b662871b,near-1523b662871b,quarantine,"MISSING_PROVENANCE:subject_id,session_id,clip_id,device_id"
fd0b4711044b2375d79e,val/images/17743469049592295.jpg,val,0,,,,,,,,9f7c7bea038b49ad245185f1ba8c5c6d595b3be5eb877ce3fd37272d37296e14,c0e0f0b049690dc2,178,158,8436,198.144610,45.033365,39.442748,exact-9e6296be2bb9,near-9e6296be2bb9,quarantine,"MISSING_PROVENANCE:subject_id,session_id,clip_id,device_id"
9b5fc488f9af17d61ff0,val/images/17743469050306866.jpg,val,0,,,,,,,,2ede9d150854536a14ee018059a0d8e999d28979d3365b7e4418586cac69b0ff,e2f0b025646c07c3,155,138,6833,195.564890,42.391850,41.236350,exact-25dbd7ca6d95,near-25dbd7ca6d95,quarantine,"MISSING_PROVENANCE:subject_id,session_id,clip_id,device_id"
4d86ff8010924b932c4f,val/images/17743469050943074.jpg,val,0,,,,,,,,70d170f5158a8ccbbc355c9e055236b0ca0146088919251ced86f307ffc63fcf,e2f0b0256c0d03c2,157,140,7131,189.015560,50.368620,49.048110,exact-c060be6d9bf1,near-938105284fe4,quarantine,"MISSING_PROVENANCE:subject_id,session_id,clip_id,device_id"
7b385fda3a9c0e17796f,val/images/17743469052426116.jpg,val,0,,,,,,,,d9298ba503b3f9ce7a13e502a54a9d780b30dfbb51ff195aab379b0c4dd4f94e,f0f2204d6d0d4382,148,132,6191,186.465090,52.239922,47.028012,exact-dc0d4285dca5,near-938105284fe4,quarantine,"MISSING_PROVENANCE:subject_id,session_id,clip_id,device_id"
8751eea7cbe5eef799db,val/images/17743469053622746.jpg,val,0,,,,,,,,5e078b9875277ad95b53887c36a4b26feab0a8b550d645db31937c6e4d97670c,e0f0204d6c0d4383,136,121,5431,191.763308,44.672771,36.088692,exact-bc83cbb2d6dc,near-938105284fe4,quarantine,"MISSING_PROVENANCE:subject_id,session_id,clip_id,device_id"
f8ec1845b218c280efd3,val/images/17743469053951263.jpg,val,0,,,,,,,,943e1b47d8288b792ec8f4848fcfd16678a8cceb1f8d6ef5b933fc3f7207943c,e2f0b2456c0d4382,148,132,6716,191.926853,44.249086,50.297298,exact-8e4e975f9024,near-938105284fe4,quarantine,"MISSING_PROVENANCE:subject_id,session_id,clip_id,device_id"
0ee56494eecb5a2b1b9d,val/images/17743469054886656.jpg,val,0,,,,,,,,4d302cfdb736a071bec19644da9a2de31136660e8a12abff20cec4d6567b2330,f0f0304d6c0d4386,139,123,5552,191.091478,44.877728,38.898067,exact-33743b03c28f,near-938105284fe4,quarantine,"MISSING_PROVENANCE:subject_id,session_id,clip_id,device_id"
90bed483aa82059fd82a,val/images/1774346920104077.jpg,val,0,,,,,,,,6c839d44394e9f755adcfd01c1c157a6e4126a8f4e752e925fb52b6ff1ff9e4c,0e132331333183c2,130,116,5535,195.402255,46.653925,119.806428,exact-ee1102863183,near-ee1102863183,quarantine,"MISSING_PROVENANCE:subject_id,session_id,clip_id,device_id"
9ad53691f90f18f2c290,val/images/17743469202204375.jpg,val,0,,,,,,,,4b4cda5e2947d8627b40f988ffaec6df19915ddb819230efb28c5d478af6c0a7,0f1321b11a3281c2,132,117,7053,161.750648,59.382571,280.048763,exact-2d2c33c52e3d,near-201a7f5a6474,quarantine,"MISSING_PROVENANCE:subject_id,session_id,clip_id,device_id"
8d2826c70490198c21ad,val/images/17743469203140533.jpg,val,0,,,,,,,,899fb98f8e39c048060fd12844e65383f76b5bf7c95a40e5e31acb8991ed08e0,0e07219311a183e0,144,128,7789,144.901421,67.503713,217.820281,exact-24fae883d5ce,near-24fae883d5ce,quarantine,"MISSING_PROVENANCE:subject_id,session_id,clip_id,device_id"
dc8b1d7aadc10e98a18e,val/images/17743469204770563.jpg,val,0,,,,,,,,ed9ac063ed4740327e7fe201b02ec4e99d57f3b8588a5b79a38f256cbe985271,8e86a283d39286f0,122,109,5830,126.524891,72.938798,174.578685,exact-493de4a5324b,near-8309e77799eb,quarantine,"MISSING_PROVENANCE:subject_id,session_id,clip_id,device_id"
571804c966767ba58821,val/images/17743469205127463.jpg,val,0,,,,,,,,c190b9dead2ef9ccc9b7f0b625ac2f24da23104597bb35a93e285544c1374d98,0e0721331a3091c3,136,121,7058,142.534152,64.027284,190.220703,exact-660fb496e959,near-201a7f5a6474,quarantine,"MISSING_PROVENANCE:subject_id,session_id,clip_id,device_id"
463b831ac2bd4ddb327b,val/images/1774346920520447.jpg,val,0,,,,,,,,ed9ac063ed4740327e7fe201b02ec4e99d57f3b8588a5b79a38f256cbe985271,8e86a283d39286f0,122,109,5830,126.524891,72.938798,174.578685,exact-493de4a5324b,near-8309e77799eb,quarantine,"MISSING_PROVENANCE:subject_id,session_id,clip_id,device_id"
6f3f34fdc648970ee31c,val/images/17743469205967076.jpg,val,0,,,,,,,,0fc292e82faf04f8d4da1eac3f2d627180c91e4c287b4ead43d3665e01e1d1ee,8e8683a3c3d2c6f1,135,120,6400,128.667963,75.440463,128.472514,exact-707f6b27b356,near-707f6b27b356,quarantine,"MISSING_PROVENANCE:subject_id,session_id,clip_id,device_id"
8aa793c756a936b42e53,val/images/1774346920629763.jpg,val,0,,,,,,,,3ac1492d865d8d2dfb03501c3b4ec2266de04cfb9343e4123260ee9cd375aad2,86c683a1c9d3c6f0,130,116,6235,131.957692,72.764383,123.990760,exact-d1b0b7687f7b,near-f1b8ad495e88,quarantine,"MISSING_PROVENANCE:subject_id,session_id,clip_id,device_id"
53bafb86c88574385e06,val/images/17743469206509721.jpg,val,0,,,,,,,,36b4071d104f4749b1a2f9e384cf3ce18e05a7879728c619d084af5a5955899b,0e0721b39ab1c1e2,157,140,8816,137.774977,66.519127,116.646838,exact-24210acff902,near-201a7f5a6474,quarantine,"MISSING_PROVENANCE:subject_id,session_id,clip_id,device_id"
563959cc3c437171fb7f,val/images/17743469206604338.jpg,val,0,,,,,,,,378e07163f196a422e45ceff28a24b380047b92ec5c53a60e811dfc072c8cbe9,868683a1c9d3c6f0,129,115,6181,127.492686,70.047107,98.442878,exact-5bc05e241527,near-f1b8ad495e88,quarantine,"MISSING_PROVENANCE:subject_id,session_id,clip_id,device_id"
495f9f69e93c3c756528,val/images/17743469206951044.jpg,val,0,,,,,,,,cf8b19ddda7a3495b0e6201cdf7fc918142b5c366cd7c19009516d73becc90a8,0e0721a19ab081c2,153,136,8268,138.823337,64.157417,112.616936,exact-17560583c120,near-201a7f5a6474,quarantine,"MISSING_PROVENANCE:subject_id,session_id,clip_id,device_id"
423df0ac0ef55c66bc9d,val/images/1774346920726168.jpg,val,0,,,,,,,,a301c2d315d4c6ecc4891f5afaef19f3a5b4df2d604e06beb6a764fec8089310,0e072121122181c2,153,136,8399,140.821078,64.339144,113.054740,exact-2bbb0ed9e593,near-201a7f5a6474,quarantine,"MISSING_PROVENANCE:subject_id,session_id,clip_id,device_id"
abbb00998481c4fb0004,val/images/1774346920817069.jpg,val,0,,,,,,,,fcbfd545438c3241c3a345fca52f8bb31e1758c65307f51142e19304a1473c34,0e0721b3123181c2,167,148,9538,142.675878,64.080837,89.955058,exact-72821751ff3e,near-201a7f5a6474,quarantine,"MISSING_PROVENANCE:subject_id,session_id,clip_id,device_id"
b0491ebb72da05fafe85,val/images/17743469208434396.jpg,val,0,,,,,,,,fcbfd545438c3241c3a345fca52f8bb31e1758c65307f51142e19304a1473c34,0e0721b3123181c2,167,148,9538,142.675878,64.080837,89.955058,exact-72821751ff3e,near-201a7f5a6474,quarantine,"MISSING_PROVENANCE:subject_id,session_id,clip_id,device_id"
d9e9c4364829af3818b5,val/images/17743469209163895.jpg,val,0,,,,,,,,9f3f5cadeecb2bd7df8d8642b9aa386c1b2305124fe9c864b551686c83702527,07039392818181c1,140,124,7029,141.443318,63.028042,87.117469,exact-2f8375d2a98f,near-276e820f36a7,quarantine,"MISSING_PROVENANCE:subject_id,session_id,clip_id,device_id"
e0070e9876c4d2176c57,val/images/17743469210534403.jpg,val,0,,,,,,,,d0afbf99940ad8af78adb7b3566a8a39eee0d78411d4001ac037b5b856ba4aa6,0e0725331a3081c3,176,157,10452,145.811233,63.741081,104.534145,exact-c5d4a63dbef4,near-201a7f5a6474,quarantine,"MISSING_PROVENANCE:subject_id,session_id,clip_id,device_id"
641c8c9cfed1b13ac4b0,val/images/17743469211664965.jpg,val,0,,,,,,,,0e523ceba7013e347de06a14334c48cc0d97a16ef1e22ae47f3815cc1a3f87b0,1e0725211a3091c3,179,159,10915,143.925407,63.290272,97.133877,exact-4e893a5e600e,near-201a7f5a6474,quarantine,"MISSING_PROVENANCE:subject_id,session_id,clip_id,device_id"
1196bce24f1eb099a755,val/images/17743469211746533.jpg,val,0,,,,,,,,d8de7ee21e7b05927435e42ba39401b9a8f74bad83ef9c8cefd950360d83b61a,170393928181c1c1,141,126,7353,145.548463,60.188950,97.007980,exact-85987aa65060,near-276e820f36a7,quarantine,"MISSING_PROVENANCE:subject_id,session_id,clip_id,device_id"
aaae494cf29f9ac0ffe3,val/images/17743469212091002.jpg,val,0,,,,,,,,b02487083ce7f3252b68bc72ec8c95341f77d0ee7920ee630a6e201787d5d8b7,17031392918181c1,140,124,7291,143.874424,60.703238,102.143428,exact-7a337084c11f,near-276e820f36a7,quarantine,"MISSING_PROVENANCE:subject_id,session_id,clip_id,device_id"
4863220f05defdb8c324,val/images/1774346921305929.jpg,val,0,,,,,,,,b81746dda51985e4643d1ab1b7093d7688b8643e106df7a98efdd7dbb586a83f,e1c1c8527266e0f5,132,117,5927,120.328671,60.310955,81.134564,exact-408311ba9b03,near-408311ba9b03,quarantine,"MISSING_PROVENANCE:subject_id,session_id,clip_id,device_id"
011f195c7f1e51e6a659,val/images/1774346921682885.jpg,val,0,,,,,,,,a34bca3af8042b359f12c1c7695d88ac206188dd2b3ecffe7ad0071e093d3b52,0e0721211a3091c3,176,157,10495,148.670708,61.032490,94.534086,exact-153ebeeacf6b,near-201a7f5a6474,quarantine,"MISSING_PROVENANCE:subject_id,session_id,clip_id,device_id"
ebccab9eff05b67553da,val/images/17743469217170908.jpg,val,0,,,,,,,,84763be0b42991675e2de6b2a12f4c40c48ec08755362ddd9690ff6969180827,0e0721b31a3091c2,183,163,11769,147.392001,62.560075,99.801614,exact-c838df5335c1,near-201a7f5a6474,quarantine,"MISSING_PROVENANCE:subject_id,session_id,clip_id,device_id"
d5b2ea1effcad07b33dc,val/images/17743469217522812.jpg,val,0,,,,,,,,70fa58d076f88017fc60d2151168cc6eeff11b5f45c1dab6760b8f02e3e88ff0,0703938a8a808181,136,121,7044,151.320795,57.474605,105.431852,exact-6a175db84aee,near-276e820f36a7,quarantine,"MISSING_PROVENANCE:subject_id,session_id,clip_id,device_id"
afebe7935ccc160972f3,val/images/17743469218294404.jpg,val,0,,,,,,,,5116a04670bb20b96190c919a1942ba069ac4e5347792131bc4300f663ac4dfb,170393928181c161,148,132,8299,153.861179,58.359103,102.190415,exact-9e4067ac93c6,near-276e820f36a7,quarantine,"MISSING_PROVENANCE:subject_id,session_id,clip_id,device_id"
7203fab706ba9902b453,val/images/17743469218511612.jpg,val,0,,,,,,,,b83c1bed7f898b68b8c87057380ed825331cddf9f2ef4b631982dac40b0359be,1e0725a1123091c3,186,165,12043,148.979863,62.207111,112.342611,exact-4321a844ee76,near-201a7f5a6474,quarantine,"MISSING_PROVENANCE:subject_id,session_id,clip_id,device_id"
a93aaaf471abc454d6d1,val/images/177434692214513.jpg,val,0,,,,,,,,9a23f60bf4bc377efc0a0c7e21c133aef00cba5c2625ec3dcd30eeee7c1ec5f8,170393928a80c1c1,137,122,7287,153.058394,56.333266,98.374950,exact-ac1964eb0896,near-276e820f36a7,quarantine,"MISSING_PROVENANCE:subject_id,session_id,clip_id,device_id"
ca870bce05b41ac5bb4d,val/images/1774346922175076.jpg,val,0,,,,,,,,f7a253e17b05b1f82a04a78c970fbd7d32fe319bee9a3a869130d2e758a55a63,170393928a8081c1,136,121,6948,154.570673,55.511489,92.812523,exact-05c8bd5d4dcd,near-276e820f36a7,quarantine,"MISSING_PROVENANCE:subject_id,session_id,clip_id,device_id"
bc1a0d24ffdce6195fc7,val/images/17743469222816823.jpg,val,0,,,,,,,,9109126a57544ab603a6238219dedc7962acb1024049c913aa2c4992b3ad89f6,0e0725b31ab081e2,170,151,10136,159.152591,58.666568,98.241332,exact-66153fa005c1,near-201a7f5a6474,quarantine,"MISSING_PROVENANCE:subject_id,session_id,clip_id,device_id"
b559a9bf42b3cd1bcfda,val/images/17743469222924874.jpg,val,0,,,,,,,,2b20c6d5f12a53333087e2bebfe94ad805be3bd604333979c52e522427f7436b,0783918a8bc1c1e1,141,126,7202,156.512721,58.055756,95.079006,exact-47cad2ffa943,near-92fffba8ec54,quarantine,"MISSING_PROVENANCE:subject_id,session_id,clip_id,device_id"
4e5ca2a14be3b765c4ca,val/images/17743469227362146.jpg,val,0,,,,,,,,f8da5b030c5ba22b994b25b60b8d675c1d3aee61f04c0ea33b496e0d9f1edfc0,0e0725b39ab0c1e2,157,140,8413,165.949181,56.276256,79.296232,exact-7de25656de2f,near-201a7f5a6474,quarantine,"MISSING_PROVENANCE:subject_id,session_id,clip_id,device_id"
ee66d0a83e49db5cbc79,val/images/1774346922805875.jpg,val,0,,,,,,,,a9146a6e4c8c32b5a7ac79686210e6765273f4df234c8e559d20f841d4152a25,1e0725f19ab081e3,151,134,7689,165.447712,53.686419,68.615706,exact-5b12bb4e8bd8,near-201a7f5a6474,quarantine,"MISSING_PROVENANCE:subject_id,session_id,clip_id,device_id"
316073930b73a2b1ab7d,val/images/17743469230748594.jpg,val,0,,,,,,,,1cc3f6cb4dfeb63e21da5e1b329e830730193ffb10a85b191b67875dbd6d1f80,5e0765731ab0c1e3,152,135,7761,159.618762,54.245619,79.122929,exact-1dffd68e5364,near-201a7f5a6474,quarantine,"MISSING_PROVENANCE:subject_id,session_id,clip_id,device_id"
c1338ae8ddebf93436a7,val/images/17743469231999876.jpg,val,0,,,,,,,,13084b0ffaa3557817629597b9d5d0f54435e87cb684acf733502c616157ceef,1e2765f3123081e3,140,124,6794,164.572465,51.476206,75.862781,exact-58763bceaddc,near-201a7f5a6474,quarantine,"MISSING_PROVENANCE:subject_id,session_id,clip_id,device_id"
53ea5f8a801ef0882a3a,val/images/17743469232305887.jpg,val,0,,,,,,,,736262405dbd853a65c35cdd876ca84b92394e003240e3e80e2934c42639b778,3e0e67e197b181e2,145,129,7457,162.576744,53.340857,77.797155,exact-52018340d525,near-52018340d525,quarantine,"MISSING_PROVENANCE:subject_id,session_id,clip_id,device_id"
2960b970e5aae28673fe,val/images/17743469232649007.jpg,val,0,,,,,,,,b63c21c4a5b7eb7d77ac4158bd9fa0cedd21bbcb50b29288eebe80fa5cf62628,1e0765f39ab0c1e2,141,126,6834,166.575256,53.460950,70.596653,exact-230ad27c6e6e,near-201a7f5a6474,quarantine,"MISSING_PROVENANCE:subject_id,session_id,clip_id,device_id"
b99543c1dae2b8eb80e5,val/images/17743469234063344.jpg,val,0,,,,,,,,4f1471aac1198f37d40ae04d0f933865cbf73f894c6e3ea5af8a3d627aa04ac7,0e2765b7112181e2,121,108,5558,173.375038,52.865097,79.656011,exact-0337d6fcd298,near-0337d6fcd298,quarantine,"MISSING_PROVENANCE:subject_id,session_id,clip_id,device_id"
9baa0138b0fb67350241,val/images/17743469234453065.jpg,val,0,,,,,,,,24d7c0397a78f3c9557b684db5c9f1df2e447bb96841ea2b6a5afd833129e4ff,1e2765f315b181e2,122,109,5731,172.368100,54.231081,91.526933,exact-edee29f88254,near-edee29f88254,quarantine,"MISSING_PROVENANCE:subject_id,session_id,clip_id,device_id"
391e4c278ff5e17b4460,val/images/1774346923713771.jpg,val,0,,,,,,,,9a0a96fc885b6a35b1026b04fbd16dabd971a0cc3657a78a42370a49014a7bc1,3c0e63a79583c2f0,121,108,6291,169.804943,60.303817,170.623385,exact-fccb6362a9a7,near-5b293c17a03e,quarantine,"MISSING_PROVENANCE:subject_id,session_id,clip_id,device_id"
3d01a85e931e43db816f,val/images/17743469237498136.jpg,val,0,,,,,,,,9b11525c1c98fe73df3f8fdb44ea10a9af423c6e53b9ae06a96fdd3437f4f0b3,1c0e6297b3c3e070,128,114,6397,176.462719,61.577204,150.436024,exact-9d9f3c4ea93d,near-9d9f3c4ea93d,quarantine,"MISSING_PROVENANCE:subject_id,session_id,clip_id,device_id"
356b01a8c0eb0bbc1945,val/images/17743469244770014.jpg,val,0,,,,,,,,41b23492e51e647fe1966f8c03ea5933ee26973936df067eb7d9f7f1f8906b32,0e0e89cd64262681,187,166,12890,146.032762,77.304293,118.994176,exact-90d441ee3fce,near-90d441ee3fce,quarantine,"MISSING_PROVENANCE:subject_id,session_id,clip_id,device_id"
04fc2747983b6b65cd3c,val/images/17743469247096586.jpg,val,0,,,,,,,,2e60706a5ade2e49b3b3777a9cd4018705f4aaa4c59a84840438f440cba9bfbd,4e0e8ccc6c662603,210,187,14576,130.837510,69.785815,68.432213,exact-cf2661b79280,near-cf2661b79280,quarantine,"MISSING_PROVENANCE:subject_id,session_id,clip_id,device_id"
cf526ac228e0a962799c,val/images/17743469251700654.jpg,val,0,,,,,,,,7637104bc5eb00ac007e865816b59590c163545c13b57311ee19a9a2309f937d,8391928295818302,155,138,8546,144.570033,59.721583,96.993207,exact-2730a07b0900,near-04e8f11a00da,quarantine,"MISSING_PROVENANCE:subject_id,session_id,clip_id,device_id"
7422657b8bf3508af1d0,val/images/17743469252011092.jpg,val,0,,,,,,,,8c857e8b6c99ad83bacfc97723efdb012a2885f6fdeed5e43aac1075b3c20f96,8321415111130684,149,133,7605,160.133320,58.519712,83.329551,exact-3f14a60b7590,near-ae48a99dd97e,quarantine,"MISSING_PROVENANCE:subject_id,session_id,clip_id,device_id"
226612d7fe5d716e94a1,val/images/17743469253410332.jpg,val,0,,,,,,,,cb400f44c2540292c8c9a7f8d552bb8889154af90888749830d06b123fc595a7,8323614111130684,157,140,8097,165.049591,59.467191,68.428579,exact-09dc1bb2b25a,near-ae48a99dd97e,quarantine,"MISSING_PROVENANCE:subject_id,session_id,clip_id,device_id"
a322554548dc601421aa,val/images/17743469253475695.jpg,val,0,,,,,,,,7d74208f5f06de08bd110f837accad0ffb25fe7548bfc67a65862ef1ccf90e82,0311121211050182,155,138,7919,153.503787,57.573635,61.409673,exact-903a4207be29,near-903a4207be29,quarantine,"MISSING_PROVENANCE:subject_id,session_id,clip_id,device_id"
45462c8ad191eae48b6f,val/images/17743469254634025.jpg,val,0,,,,,,,,537e77c6ee3f9d2db115b57df6db9000f9d7098be0e694855d5a022eb4627ebf,0703811102020280,179,159,8873,171.168265,58.033115,38.608560,exact-b847856411ae,near-b847856411ae,quarantine,"MISSING_PROVENANCE:subject_id,session_id,clip_id,device_id"
b716c82ea2e73886ce36,val/images/17743469255204003.jpg,val,0,,,,,,,,5469732b64e0062ebffa63bf4cc060ffbe920581858daf4944b404fb7ab24455,8383a10191918386,157,140,7789,175.340582,55.909539,58.110053,exact-48fe0661615d,near-940fb6e6cc11,quarantine,"MISSING_PROVENANCE:subject_id,session_id,clip_id,device_id"
be062b39088afd9e0ff9,val/images/17743469255552757.jpg,val,0,,,,,,,,8c1f5ae9bfb59f2c0898fa5acb7227c0a5877bee4168736c2beff73577448872,8383a189899183c4,163,145,8445,173.959932,57.247207,51.302818,exact-bcac371b54f5,near-940fb6e6cc11,quarantine,"MISSING_PROVENANCE:subject_id,session_id,clip_id,device_id"
ea60a512e14815dffab5,val/images/17743469255784006.jpg,val,0,,,,,,,,822d10e058720abf48cf0a78750ed05bb0038fbb20cb34f1bb26b761d6a24aed,0723611991910386,153,136,7443,175.825692,53.349309,58.623208,exact-79a2c13a558c,near-79a2c13a558c,quarantine,"MISSING_PROVENANCE:subject_id,session_id,clip_id,device_id"
6ef413920cb3ce93fa1f,val/images/17743469255854602.jpg,val,0,,,,,,,,93b95a04566f951de9fa58c9fb11483f791fddc38c974d7434d6a3f14c06ce99,3a0e4b836dc10305,233,167,12474,147.622009,53.151157,48.432962,exact-f4a96c08caf0,near-f4a96c08caf0,quarantine,"MISSING_PROVENANCE:subject_id,session_id,clip_id,device_id"
9bb8133950fb0c10fd1b,val/images/17743469256127336.jpg,val,0,,,,,,,,822d10e058720abf48cf0a78750ed05bb0038fbb20cb34f1bb26b761d6a24aed,0723611991910386,153,136,7443,175.825692,53.349309,58.623208,exact-79a2c13a558c,near-79a2c13a558c,quarantine,"MISSING_PROVENANCE:subject_id,session_id,clip_id,device_id"
0ebd4d811b8fc032978d,val/images/17743469256575716.jpg,val,0,,,,,,,,3b75ad91960242e10b8e1c942d3d8d8cba464dd6c3f9367a062fa92435ec096c,0303212181919383,152,135,7224,174.125585,54.933570,61.054819,exact-7e62ce154998,near-7e62ce154998,quarantine,"MISSING_PROVENANCE:subject_id,session_id,clip_id,device_id"
cf38ecec63da33a25837,val/images/1774346925665799.jpg,val,0,,,,,,,,b002ae86091160340e2930add77d7711ee2aa8a1489b41583cec7118207b489c,1f07034125214103,225,178,12849,147.402797,55.394704,43.160027,exact-7a98c22ae38c,near-7a98c22ae38c,quarantine,"MISSING_PROVENANCE:subject_id,session_id,clip_id,device_id"
f481393540611d3405d4,val/images/17743469258155806.jpg,val,0,,,,,,,,34cd6e281a48bd2c47feb889238fb93c243d937b718a5217a0156eeac29cd9e5,078383a1a0888899,147,130,7286,143.673365,68.865309,72.538376,exact-e0f1d28eabdb,near-c8d6226acb0d,quarantine,"MISSING_PROVENANCE:subject_id,session_id,clip_id,device_id"
8f5385e6e8f7114cf5ec,val/images/17743469259945424.jpg,val,0,,,,,,,,2ff122f197362587722539367d03b9ce957292ebb893ab891bf5a74a601b7451,58191e0613a19191,230,205,17037,139.011538,66.530509,72.377392,exact-d7c3eeb209b9,near-c03f64c0154a,quarantine,"MISSING_PROVENANCE:subject_id,session_id,clip_id,device_id"
176ccc00107479817c21,val/images/17743469260275853.jpg,val,0,,,,,,,,81e2975078f4ffad5b6fcc81b4ccc8562b1c9a19f2db4fd7abdef48037ef876f,1a1a061321939391,203,181,13751,152.478377,63.782496,72.798753,exact-3b731d7620bf,near-3b731d7620bf,quarantine,"MISSING_PROVENANCE:subject_id,session_id,clip_id,device_id"
824f504a5290be7a7c75,val/images/17743469469265144.jpg,val,0,,,,,,,,7856fddd649fc3077583d20277c9cd3c9eb2fb2c47af5688192fc2d59589571e,f068880834148686,113,100,4825,200.551327,55.743760,88.971011,exact-49fdfc988e29,near-dad8ad20e199,quarantine,"MISSING_PROVENANCE:subject_id,session_id,clip_id,device_id"
3a7f9674fb4a00559b2c,val/images/17743469470260637.jpg,val,0,,,,,,,,e79f32643eff9b64fb31324dd010056c8e8ee8e3b252a386b6eee40665265f9b,f960080c30108286,110,98,4837,183.688312,58.982151,96.641689,exact-0def2c97214e,near-0def2c97214e,quarantine,"MISSING_PROVENANCE:subject_id,session_id,clip_id,device_id"
d19e5f49f0760b3946f0,val/images/17743469471092458.jpg,val,0,,,,,,,,3c859ddb25ce26f6cfa3e8eec4eafaeb3c7280f8be92172348b7542c962f2abd,f8604c121802c6f0,118,105,5410,172.723648,65.613499,115.780698,exact-8698df0ec492,near-47e7babb4c03,quarantine,"MISSING_PROVENANCE:subject_id,session_id,clip_id,device_id"
198b8799ef104fecddac,val/images/17743469472321224.jpg,val,0,,,,,,,,318be295aef3f260ccc9484f23f6cddd8343ed28393d6cee4a8cbd3771511818,f0608818341484a4,109,97,4748,180.740093,63.464522,119.498589,exact-e0b372a86dbf,near-dad8ad20e199,quarantine,"MISSING_PROVENANCE:subject_id,session_id,clip_id,device_id"
be3287c2bab6ab879b20,val/images/17743469473008304.jpg,val,0,,,,,,,,43aceca0e77c7ed0b2c26d1b563ea0cf6899a44e79f94585f92859abc133731e,f0c08810340404e0,110,98,4714,182.128664,63.681953,123.292102,exact-f6903a126cfb,near-f6903a126cfb,quarantine,"MISSING_PROVENANCE:subject_id,session_id,clip_id,device_id"
a734dee0c42c9fc300cc,val/images/17743469478471775.jpg,val,0,,,,,,,,708eaa7b867aa18a58e60339976121cc21dfe50d758bc8fde93603c3a9537f0a,b398c1e1e1f1d518,156,139,7943,190.926443,57.130904,95.717287,exact-c6d34483cedd,near-c6d34483cedd,quarantine,"MISSING_PROVENANCE:subject_id,session_id,clip_id,device_id"
0eb52f5b30627b7d665e,val/images/1774346949711661.jpg,val,0,,,,,,,,76a610ac4e3da6e367a53551b7b6fb39543c3705ca53c20b050c67150872a26c,f2604818341485f1,122,109,5360,189.886524,59.459377,75.582500,exact-c96d630ec3a1,near-dad8ad20e199,quarantine,"MISSING_PROVENANCE:subject_id,session_id,clip_id,device_id"
b42b1faef6df95227f66,val/images/17743469504210472.jpg,val,0,,,,,,,,804548131a1d25effd32a05d27eaefaec720fc3640f92602f5f84d6d4fcf16ed,f860080834348484,116,103,4842,197.337295,53.923880,98.114078,exact-82c7725c70dc,near-dad8ad20e199,quarantine,"MISSING_PROVENANCE:subject_id,session_id,clip_id,device_id"
cec51083c2758dcd1406,val/images/1774346951175612.jpg,val,0,,,,,,,,748842dd66b5f3f9941531fd214dc8009cc0477d8c70798a867c6aabb5fd2aff,f0600834348585e1,109,97,4623,187.545541,59.753177,98.761820,exact-109605b9bd37,near-109605b9bd37,quarantine,"MISSING_PROVENANCE:subject_id,session_id,clip_id,device_id"
52e832b40f42d960977a,val/images/17743469657455587.jpg,val,0,,,,,,,,2b0fde66b25e9a40baa5d86efbb21187c63b128477f4a99c13acfaf0d907ff26,3824041a8ac24270,149,133,6822,214.319069,51.865188,100.763589,exact-be76c2df8ced,near-be76c2df8ced,quarantine,"MISSING_PROVENANCE:subject_id,session_id,clip_id,device_id"
c1b8d865f98b278704ed,val/images/1774346965777781.jpg,val,0,,,,,,,,2b0fde66b25e9a40baa5d86efbb21187c63b128477f4a99c13acfaf0d907ff26,3824041a8ac24270,149,133,6822,214.319069,51.865188,100.763589,exact-be76c2df8ced,near-be76c2df8ced,quarantine,"MISSING_PROVENANCE:subject_id,session_id,clip_id,device_id"
69e22d459036de968ad9,val/images/17743469658387392.jpg,val,0,,,,,,,,b5736a06aed68717dc245b55d3cba69ebac51fe1a1fd1f6157820e462fa3d7fe,705c4c121a9206e8,143,127,6692,211.330929,57.819789,163.307646,exact-605e9e90d537,near-605e9e90d537,quarantine,"MISSING_PROVENANCE:subject_id,session_id,clip_id,device_id"
775a99448a4aeaf982d0,val/images/17743469661457727.jpg,val,0,,,,,,,,457931a113b40dedbf722d1fa785740f536e7b5e639e06908353d25b909e8218,704c4c14321282a4,136,121,6445,208.626519,54.940825,136.021724,exact-091ebb75152d,near-dad8ad20e199,quarantine,"MISSING_PROVENANCE:subject_id,session_id,clip_id,device_id"
f56c9bfd1c5e7063cd84,val/images/17743469661791496.jpg,val,0,,,,,,,,fd52c04eff2f9ab63804b316eac4457793b829f4f3c0064031c8fa79d4ec76c1,706c4c10309286ec,143,127,6849,206.091295,56.152841,151.148667,exact-899b9a314067,near-dad8ad20e199,quarantine,"MISSING_PROVENANCE:subject_id,session_id,clip_id,device_id"
d92ce8cfd0f709301c48,val/images/17743469666726038.jpg,val,0,,,,,,,,6c09b58878b6a1e2d0a47cf02ef79e38fe8430542f60565b2346958a2ec3d0f7,3934041a98c244f8,145,129,7212,203.749265,57.652879,126.369196,exact-90a2e778e9a1,near-4fbf528ef59c,quarantine,"MISSING_PROVENANCE:subject_id,session_id,clip_id,device_id"
ce6d7407cc5c36555d50,val/images/17743469669142575.jpg,val,0,,,,,,,,66f06f782fcefd8d26e20ad68b3e7a593f21d60caaf7bf0c98cd56b03293bccc,79300c9089c5f1c1,162,144,8183,211.299511,53.324692,143.431037,exact-399b19bd30c0,near-09e9c51d33bb,quarantine,"MISSING_PROVENANCE:subject_id,session_id,clip_id,device_id"
dcee82111e2ec0649611,val/images/17743469673095796.jpg,val,0,,,,,,,,b683800c8357d6a6cfa95823cfb22a73522d01b84233babae346685d51f3c580,79300c9088c5f1c1,156,139,7642,209.503782,53.463961,134.636083,exact-ea215720034a,near-09e9c51d33bb,quarantine,"MISSING_PROVENANCE:subject_id,session_id,clip_id,device_id"
55f31fdbf045e05eac24,val/images/17743469673408213.jpg,val,0,,,,,,,,2e3eaafe82827d1de8686b08df6274d544f0f85066e3ee5e906d4d39316af499,79300c909cc478c1,147,130,7275,208.137938,54.762289,149.431681,exact-2f5b70c621fd,near-09e9c51d33bb,quarantine,"MISSING_PROVENANCE:subject_id,session_id,clip_id,device_id"
fc5d4eaa38669a0a38dd,val/images/17743469673785188.jpg,val,0,,,,,,,,9fcaed802a2317b6f540f091137f077b3c5356a774ce0a2c8efdac96d9e79c7c,79300c9098c478e1,145,129,7125,207.577706,54.866812,145.627706,exact-50181e9eff2d,near-09e9c51d33bb,quarantine,"MISSING_PROVENANCE:subject_id,session_id,clip_id,device_id"
9d257fbd361163df7f9f,val/images/17743469674431832.jpg,val,0,,,,,,,,d3894bd64efc4b85d077ad2ec9daa093f2a96240e85dc6dec06bd42bc9af3aab,78340c9088c478c1,145,129,6990,208.685913,54.095126,140.294985,exact-2206b111c94d,near-09e9c51d33bb,quarantine,"MISSING_PROVENANCE:subject_id,session_id,clip_id,device_id"
0d3f837b6c506fda8ea4,val/images/1774346967569908.jpg,val,0,,,,,,,,fa8cb1f9039f7bd060547b47b58c2e5b60fc6f0f550c6e483a07dcb46fea7890,78340498ccc4f1c1,147,130,6994,209.212402,54.587556,139.299301,exact-891b18b75944,near-891b18b75944,quarantine,"MISSING_PROVENANCE:subject_id,session_id,clip_id,device_id"
0bc24d935c8fcf3713b0,val/images/17743469679346223.jpg,val,0,,,,,,,,8871e529d5e816873349859bf2c0ed7b66187bec4d6adab569b6f80eb15b9bf8,5b30281095c5f1e3,149,133,7321,208.652672,54.854381,145.657347,exact-2fec73f20596,near-2fec73f20596,quarantine,"MISSING_PROVENANCE:subject_id,session_id,clip_id,device_id"
712860ca3a7eaed371a4,val/images/17743469686766481.jpg,val,0,,,,,,,,a2f63dd45fba1d14a2a091ac48871ef2c9f4f093db17f23ccfa875fa769d04ef,6938240c98c4f0e1,140,124,6994,199.313306,60.829593,198.122319,exact-314c8125db7e,near-4a7e456d1883,quarantine,"MISSING_PROVENANCE:subject_id,session_id,clip_id,device_id"
ded71a0f0ec3520a0ed6,val/images/17743469688414917.jpg,val,0,,,,,,,,d4749d24cef35d59d8881465251b02a71aa27499c491021157c6674e6d22c3c9,7b300891c5c1f107,151,134,7534,204.533360,58.806894,199.549624,exact-10fc5d072454,near-baa9275071e8,quarantine,"MISSING_PROVENANCE:subject_id,session_id,clip_id,device_id"
19226f847e1046c86677,val/images/17743469688805382.jpg,val,0,,,,,,,,effbe8517a3f17d2f8920af6272ceaa8c5e1cbe15cb77bd39f6dc1c08bab0fca,7b300895c5c5f167,148,132,7522,203.950962,58.890040,199.912937,exact-e5481aa7df58,near-baa9275071e8,quarantine,"MISSING_PROVENANCE:subject_id,session_id,clip_id,device_id"
9cd7dd3d85d543acc4c4,val/images/177434696944492.jpg,val,0,,,,,,,,79bf3fbcf0bf3932e37193db7c594674a51cac9c4a989e91f46374b47824e3a8,6b79340498cde1f1,141,126,7488,195.980581,63.027126,238.733281,exact-f2545297c461,near-f2545297c461,quarantine,"MISSING_PROVENANCE:subject_id,session_id,clip_id,device_id"
05f695a38f4c9bfd6915,val/images/17743469702281787.jpg,val,0,,,,,,,,898156e40619fc228c62e0e6b35ae2e20496bf4a836a5b05b6e5b7bfffa6b6e5,2b3814084865f1a5,141,126,7334,193.275414,70.006534,244.814716,exact-661f91000f33,near-661f91000f33,quarantine,"MISSING_PROVENANCE:subject_id,session_id,clip_id,device_id"
7e34d07f02de394bda13,val/images/17743469707371037.jpg,val,0,,,,,,,,99b5436022bc66412ac546711278834dc4027e8d57803cfb8017d77d2b3790fa,6e3209134be3c70d,151,134,8316,188.487991,73.318548,253.150938,exact-5292478e83f6,near-5292478e83f6,quarantine,"MISSING_PROVENANCE:subject_id,session_id,clip_id,device_id"
080c8c356532bce379f7,val/images/1774346971113042.jpg,val,0,,,,,,,,06a49565827ce0a724d143e5e7a9e25de83b6c303a32163cf0d9f1a5da75af54,2e30095343730701,153,136,8601,179.716503,80.552586,354.653775,exact-bcb941e218d8,near-08f30e8cadeb,quarantine,"MISSING_PROVENANCE:subject_id,session_id,clip_id,device_id"
c3a66733a7cab79c0903,val/images/1774346971661128.jpg,val,0,,,,,,,,545a9a6b75c55f2fd5216fdb025943d5ccdebd99a6f61789d03e18127927cbe3,46740313c3e70f08,166,147,9696,181.592083,77.494523,252.274680,exact-1f3b8e699416,near-573dba03a221,quarantine,"MISSING_PROVENANCE:subject_id,session_id,clip_id,device_id"
a61110fd36b7519a4a0d,val/images/1774346971791833.jpg,val,0,,,,,,,,fdb32f75e88d9d5fcbb340943e7f25de83692573ced1be5f3dc3b4d6e9aa33d7,46302993cbe3c729,155,138,8562,196.212529,66.420358,205.035668,exact-1134c0a7d44f,near-82ba7c043c75,quarantine,"MISSING_PROVENANCE:subject_id,session_id,clip_id,device_id"
761341eb65c379faf656,val/images/1774346972786884.jpg,val,0,,,,,,,,6736c23b808d5a62eb18ceba0b4246af95d223f1a3b85107f5349607b5205037,f860440c321a8286,143,127,6828,200.944552,59.368559,120.265575,exact-14eefdd0989a,near-dad8ad20e199,quarantine,"MISSING_PROVENANCE:subject_id,session_id,clip_id,device_id"
dc5e5bf4768f92784ff5,val/images/17743469729975326.jpg,val,0,,,,,,,,52ef6cde214557b1223303e3eac49a1741ffb4aa2373711e228d44529f7a3a65,fc70440c321a8682,144,128,6924,196.052409,57.558472,112.476210,exact-f11a7d64cc02,near-dad8ad20e199,quarantine,"MISSING_PROVENANCE:subject_id,session_id,clip_id,device_id"
d84fc2919eb353ccddd0,val/images/17743469730855768.jpg,val,0,,,,,,,,60cf11fb49548afce885eaeca4d7c955b37c4fef54bb2fab854f224a57b8343f,f0640c0c32128286,140,124,6892,195.560772,60.387390,127.430105,exact-2bc805107667,near-dad8ad20e199,quarantine,"MISSING_PROVENANCE:subject_id,session_id,clip_id,device_id"
0d6960597c09515c5473,val/images/17743469734324148.jpg,val,0,,,,,,,,118f877b2de6b04916980a66d774a11c1be96957d10e1af3a161b37a7c3be103,f834441a1a0a82f8,136,121,6775,185.269932,66.717916,147.437487,exact-131127203c89,near-131127203c89,quarantine,"MISSING_PROVENANCE:subject_id,session_id,clip_id,device_id"
521e74972fa99837c60c,val/images/17743469735737367.jpg,val,0,,,,,,,,0dff17bf84a8a0be62f78eab3b7234b6685b5d4040b05f6458b63f652ba5a6bf,f93404149084c4f8,144,128,6788,194.331217,60.581721,110.384385,exact-56eff0923675,near-56eff0923675,quarantine,"MISSING_PROVENANCE:subject_id,session_id,clip_id,device_id"
dda0e8d3f7434dbb78fa,val/images/1774346979811453.jpg,val,0,,,,,,,,ad7d10d1a8a38b3ed9b748b30ca2215e8e74bc4403c0314fc88179401d3de833,7860080834350de9,128,114,5294,215.865406,50.704436,96.400823,exact-9106f1ec4a21,near-9106f1ec4a21,quarantine,"MISSING_PROVENANCE:subject_id,session_id,clip_id,device_id"
96607e864ee50ebc598b,val/images/17743469799270825.jpg,val,0,,,,,,,,d759def5eddc1608f49d7739a95a55cbade45d9c2aca353e75e187742641bc74,72604818309589e1,141,126,6200,213.696386,51.347299,94.256720,exact-3b7ffedfd591,near-3b7ffedfd591,quarantine,"MISSING_PROVENANCE:subject_id,session_id,clip_id,device_id"
7ccb6ade5a56168232cb,val/images/17743469977205684.jpg,val,0,,,,,,,,033940e416bc5d3c5fc23efd75a0bd4a437b3d6ae7f733dacb1cbcc1c3dc29b8,e3e36a2b090d83cc,265,236,20201,144.263064,61.190379,125.994618,exact-27bb55ca7d1e,near-cfad0a67c103,quarantine,"MISSING_PROVENANCE:subject_id,session_id,clip_id,device_id"
0eff94b51784511c4656,val/images/17743469981107502.jpg,val,0,,,,,,,,a151b887c763a7488a468ac1ae4b2d8f2f17717c099a1d4d42c9ae7850436778,e263632b490d8386,233,207,16290,118.623810,57.626340,168.955103,exact-cc30b5886e1f,near-cfad0a67c103,quarantine,"MISSING_PROVENANCE:subject_id,session_id,clip_id,device_id"
191449046ebd0b8b1eb3,val/images/17743469982102835.jpg,val,0,,,,,,,,85c77a1d8a54cc887f8947c6663125c0d8d4eb425a1623526b70b5e9a1b16c9f,e2c3632b490d8386,221,196,15515,120.351833,57.319733,208.489381,exact-8b4b1582ca45,near-cfad0a67c103,quarantine,"MISSING_PROVENANCE:subject_id,session_id,clip_id,device_id"
b2840ca73465a59983c9,val/images/17743469982418761.jpg,val,0,,,,,,,,0ce515d549f1e081347d60afb1765223179bd5761f90e86eba0a0fc7e68ace0d,e263632b490d8386,218,194,15084,121.402937,56.885530,222.138702,exact-bfad68fe2ab8,near-cfad0a67c103,quarantine,"MISSING_PROVENANCE:subject_id,session_id,clip_id,device_id"
3770dc9e457a40cdf875,val/images/17743469983072343.jpg,val,0,,,,,,,,ca27a8b783f8375608592cef0e2cc4aa56d1898e2ec05ad4eb3ca8598045f658,e263632b490d8386,218,194,15302,121.916414,57.990193,240.664185,exact-659479bf8d74,near-cfad0a67c103,quarantine,"MISSING_PROVENANCE:subject_id,session_id,clip_id,device_id"
2e3cb1acf03ca9ec49f3,val/images/17743469983462853.jpg,val,0,,,,,,,,e93c8405057e6621caee41301ef3bca7574c8eeaae0ddc713e966d89513af542,e263632b090d83c6,217,193,15288,122.469521,57.892648,230.896586,exact-d8f548dedc43,near-cfad0a67c103,quarantine,"MISSING_PROVENANCE:subject_id,session_id,clip_id,device_id"
7874cb2d43e4c206eb2f,val/images/1774346998541041.jpg,val,0,,,,,,,,cc605e94ce84e30a77c92c6c362c6edf4ef8e1d5d08ccfb91d4d734e129e76e6,f2f367032d038340,229,204,16899,124.796173,60.693448,167.581448,exact-2564f21bc22c,near-2564f21bc22c,quarantine,"MISSING_PROVENANCE:subject_id,session_id,clip_id,device_id"
cdd344de9beaef164b46,val/images/17743469987033162.jpg,val,0,,,,,,,,8de180e5ef637ecc2ea8bc63d9153272cf279b9e17f721df3c31aa832e7f251b,e2f3571725018386,207,184,14102,130.953004,55.799703,189.978233,exact-4ea837ac2e51,near-1f864a29eafe,quarantine,"MISSING_PROVENANCE:subject_id,session_id,clip_id,device_id"
5ea452fe8b87faafad68,val/images/17743469988327541.jpg,val,0,,,,,,,,0f169fd3ef352cea89ecc1f8d6c0169b8e6e190324eff83311b8aab53e0b997f,f2f16707250583c6,205,182,14137,136.661136,55.315872,248.731811,exact-6a551776eead,near-1f864a29eafe,quarantine,"MISSING_PROVENANCE:subject_id,session_id,clip_id,device_id"
b156b117ba2e4497ea91,val/images/17743469992701793.jpg,val,0,,,,,,,,b36ffc3301ca9ca9408cfeb3a6f052f95ddaa1bf67fb093002f00a2aff12b008,f2f17327250d8386,179,159,11287,144.396964,53.217940,279.141857,exact-b830921ffa70,near-1f864a29eafe,quarantine,"MISSING_PROVENANCE:subject_id,session_id,clip_id,device_id"
597830f41b5091ed7a26,val/images/17743469995676575.jpg,val,0,,,,,,,,52ba43513760b25b880cb67e137e51fd531888eab0198e8445cf1e2bd45903cb,e2f1632349090386,153,136,8489,152.869137,50.758684,273.253034,exact-808c9cfebd38,near-1f864a29eafe,quarantine,"MISSING_PROVENANCE:subject_id,session_id,clip_id,device_id"
436e493650eddb7347a9,val/images/17743469996338084.jpg,val,0,,,,,,,,f1562a641784c26afc27b216ecd310866da5c504b044df0dc2d1430655521a16,f2f173230d0d0386,156,139,9228,152.297593,53.386013,254.911551,exact-60bfa6b5188a,near-1f864a29eafe,quarantine,"MISSING_PROVENANCE:subject_id,session_id,clip_id,device_id"
294076963b122eae259d,val/images/1774346999730164.jpg,val,0,,,,,,,,734a816140170fed0a9250678ed034af1c7b774c80d3574330edc15d6b7f91df,e0f17325450d0186,145,129,7886,153.775033,50.173202,177.877138,exact-6a6581ce785d,near-1f864a29eafe,quarantine,"MISSING_PROVENANCE:subject_id,session_id,clip_id,device_id"
c7e23242b4d66f5bd7d8,val/images/17743469997600517.jpg,val,0,,,,,,,,25ffd41fede1351ccd067b95d8d998bef4aa43f86c3d89d68d8a93cf55c09f67,e0f163234d0d0386,151,134,8329,150.596274,53.929352,175.873384,exact-83d7ce01060c,near-1f864a29eafe,quarantine,"MISSING_PROVENANCE:subject_id,session_id,clip_id,device_id"
0f3abedc666f6c540cc5,val/images/1774346999874924.jpg,val,0,,,,,,,,bb208762802196bc73ec974e54c9f49e86bc673b5578f8bb6ddba95eeb76585f,e171733525058186,144,128,7768,151.794542,52.372105,270.052953,exact-967ae5f964cd,near-1f864a29eafe,quarantine,"MISSING_PROVENANCE:subject_id,session_id,clip_id,device_id"
bfa4b3e7eac7af4297a7,val/images/1774346999901353.jpg,val,0,,,,,,,,edb7e37f7d7b35b43b3e49c2421596c69b1a2c5035800964d90104f2a025c259,e1e17325450d0187,139,123,7630,153.741124,50.295487,295.375641,exact-7995b28bf42b,near-1f864a29eafe,quarantine,"MISSING_PROVENANCE:subject_id,session_id,clip_id,device_id"
4be5b95d2df095a074d5,val/images/1774347000182394.jpg,val,0,,,,,,,,e85780b0c10a80908320e933dabbbd2293683f881be8cccf8bb1dd2395f75b57,f1717315050d8386,132,117,7283,147.492748,57.618874,302.390411,exact-84ebd46efa45,near-1f864a29eafe,quarantine,"MISSING_PROVENANCE:subject_id,session_id,clip_id,device_id"
2c6d960cce2c4e44b03b,val/images/1774347000339409.jpg,val,0,,,,,,,,d3bf7d6492e2cd4963abcf921cf977a7a5061f686a2821849cf72da993447578,f3e07117050d8386,129,115,7053,154.852174,56.597029,295.083413,exact-f72ec490c516,near-f63ef2f92563,quarantine,"MISSING_PROVENANCE:subject_id,session_id,clip_id,device_id"
c9c0587ca012821d5b64,val/images/17743470003678873.jpg,val,0,,,,,,,,efc2a839074d8d3ee54410872112da4ffef6e2893e71396540442f27e37c6880,e2f16323490b0384,125,111,6430,146.832865,57.489041,295.031655,exact-e8dedb66d09f,near-1f864a29eafe,quarantine,"MISSING_PROVENANCE:subject_id,session_id,clip_id,device_id"
526b4b6dbcd1a8a61b77,val/images/17743470017932198.jpg,val,0,,,,,,,,960e364406f108800b948181ee62de403d9f38a5b314265e7cc97b8bf0c8c7d1,c192820bb3030380,133,118,6218,142.361603,52.755556,116.423073,exact-84b564f96061,near-84b564f96061,quarantine,"MISSING_PROVENANCE:subject_id,session_id,clip_id,device_id"
4b64f2574cba2afc291c,val/images/177434700206448.jpg,val,0,,,,,,,,3b7dc7bc8b5af26b3ce69d8105d5c27fbac5a05206cce3a20761a42bdef45b27,e3da4a0313038380,140,124,6640,124.300403,51.691029,104.355227,exact-fc5101a7f55d,near-602f4af33f5c,quarantine,"MISSING_PROVENANCE:subject_id,session_id,clip_id,device_id"
8052c2652129e7dcef5c,val/images/17743470021174254.jpg,val,0,,,,,,,,18e141eba3e3626858b058e442d888868b3fe4bc0b105ac36fd52328a7800895,e3f2420313838280,141,126,6787,124.656254,52.619221,103.217432,exact-a0bd500821a8,near-a0bd500821a8,quarantine,"MISSING_PROVENANCE:subject_id,session_id,clip_id,device_id"
9d04b68922470275b515,val/images/17743470021672087.jpg,val,0,,,,,,,,2135f1e1c42abe89956fcbbc103f136f7fe18f5e9017ef2c22dce7edf9620fa5,e17a4b0b130382c0,149,133,7772,143.179038,58.230155,111.894259,exact-594686bcfe8a,near-594686bcfe8a,quarantine,"MISSING_PROVENANCE:subject_id,session_id,clip_id,device_id"
eeaf820a84d60d7232ec,val/images/1774347002220245.jpg,val,0,,,,,,,,7aee6923a2244703a8af3e5b5e5e6877442c95df4dc66102ac51fbe8abb09499,e3cacb0b13030182,135,120,6590,173.446049,43.568591,128.853490,exact-dc7b81fd2fff,near-dc7b81fd2fff,quarantine,"MISSING_PROVENANCE:subject_id,session_id,clip_id,device_id"
42b95a31a4aa5847259e,val/images/1774347002311882.jpg,val,0,,,,,,,,dc84d8a036fa51ab3fe928f7edad67f2d7ad51f81bd0d702d6c1b5c848bbcde7,c3c20b0313018384,136,121,6827,178.905688,46.716737,120.805311,exact-09d5c5c0c4a7,near-09d5c5c0c4a7,quarantine,"MISSING_PROVENANCE:subject_id,session_id,clip_id,device_id"
190442654dfdded73fd2,val/images/17743470024020848.jpg,val,0,,,,,,,,ab7a266fe6b2d15ef79ea127462196c60ce8fbf5ea61b2701116898c9ec3c4b2,e3d24a0317030284,149,133,8251,184.201948,45.946611,130.501638,exact-9a5a48758da3,near-9a5a48758da3,quarantine,"MISSING_PROVENANCE:subject_id,session_id,clip_id,device_id"
ba8f905e0d127afd1731,val/images/17743470024721606.jpg,val,0,,,,,,,,0ad79fd24474c9b68c44c8f78f87156620d23f61f7ebc17217e794b12a52d2ae,e3ca0b0333030384,144,128,7335,186.063314,44.962650,123.150287,exact-b4c8ac20a87e,near-b4c8ac20a87e,quarantine,"MISSING_PROVENANCE:subject_id,session_id,clip_id,device_id"
71ae192eba880957e13b,val/images/17743470025760202.jpg,val,0,,,,,,,,eeab1967fbcf6e3394188bff7f12f58efff43052cb78cd2efd2f64e8b401abff,e1530b0b13030302,147,130,8082,186.412768,42.005429,135.930230,exact-3b2643ce9139,near-3b2643ce9139,quarantine,"MISSING_PROVENANCE:subject_id,session_id,clip_id,device_id"
62e90f1342873ccc8efb,val/images/17743470026239042.jpg,val,0,,,,,,,,fa068417ee82833dda579294b89ad00ee46c722caf116ad05fc9117a849d227b,6141090b13030306,143,127,6620,189.852816,41.564363,96.124933,exact-9fa97c95f2d4,near-9fa97c95f2d4,quarantine,"MISSING_PROVENANCE:subject_id,session_id,clip_id,device_id"
0dd94012e2d30b42b262,val/images/17743470026471643.jpg,val,0,,,,,,,,fa068417ee82833dda579294b89ad00ee46c722caf116ad05fc9117a849d227b,6141090b13030306,143,127,6620,189.852816,41.564363,96.124933,exact-9fa97c95f2d4,near-9fa97c95f2d4,quarantine,"MISSING_PROVENANCE:subject_id,session_id,clip_id,device_id"
ae49d765af3fc2bd55b3,val/images/17743470026880982.jpg,val,0,,,,,,,,31a1245e1682bc1a7c42ab485dac9b1a0746af6a1f3556a558d77dfad7651d9c,614b0b0307030684,159,141,7420,195.058611,44.967332,84.824706,exact-b0459094437e,near-b0459094437e,quarantine,"MISSING_PROVENANCE:subject_id,session_id,clip_id,device_id"
b8adb7e929c8da0d6fe5,val/images/17743470035642817.jpg,val,0,,,,,,,,f2bb9a6209066e04f2370dd596960af481af6d2065d29e265a9b3862450d90a2,e34905011101018a,199,177,9477,228.557306,41.895647,51.473787,exact-da04c999d1e7,near-da04c999d1e7,quarantine,"MISSING_PROVENANCE:subject_id,session_id,clip_id,device_id"
9b83edbd18530352987b,val/images/17743470036332824.jpg,val,0,,,,,,,,64e213ab3b8f681beaf7c43a57a1b73df001ba98f205184ba70516748149883c,c31909112703038a,195,174,10133,226.085765,43.451694,74.360978,exact-4e3f2b4c612b,near-4e3f2b4c612b,quarantine,"MISSING_PROVENANCE:subject_id,session_id,clip_id,device_id"
f9b53a9fb46e85e19d58,val/images/17743470045793903.jpg,val,0,,,,,,,,bdf42694bf7c94e37b7e484f09c30eb5061d2fa26e358139d06e9ba2faec6fbf,c3f319112727038e,206,183,11550,225.719534,40.939624,129.077473,exact-7a6f8a3c7e1b,near-e395a68b9817,quarantine,"MISSING_PROVENANCE:subject_id,session_id,clip_id,device_id"
830886fccf83d8213562,val/images/17743470047128944.jpg,val,0,,,,,,,,d941ca92b35ecff08638a0f9bfdfbe4f7adc284a722db3e78a4c915dfebad879,60e1cb0b130b0582,233,207,12774,226.878211,37.940459,67.039135,exact-bb1ec7132acb,near-bb1ec7132acb,quarantine,"MISSING_PROVENANCE:subject_id,session_id,clip_id,device_id"
011f932540b783ae47da,val/images/17743470049577613.jpg,val,0,,,,,,,,fe3e05de1e95279ce640f640cc8d695085dc79dff59a91412e0388561dd8818d,e1f3131325230386,234,208,13510,223.457738,44.890192,84.730715,exact-2df86060e56e,near-5a76d000a634,quarantine,"MISSING_PROVENANCE:subject_id,session_id,clip_id,device_id"
41e21646bfd2ec43f2c5,val/images/17743470050289981.jpg,val,0,,,,,,,,dbeba3995451c48c6a9f065921c1ff23fde2e43118e70dbc359cbe73a6be4382,e1f313132527838e,236,210,13949,223.085734,43.854115,67.876391,exact-7ba25437383a,near-5a76d000a634,quarantine,"MISSING_PROVENANCE:subject_id,session_id,clip_id,device_id"
a5309dcd34580a2d6333,val/images/17743470051742628.jpg,val,0,,,,,,,,4e4cb492bc286391d23dac18bace6fb9fa33446315954ce872678c279538c828,60f363230d05818e,228,202,12868,229.068200,38.402395,77.178667,exact-04b23e301a09,near-04b23e301a09,quarantine,"MISSING_PROVENANCE:subject_id,session_id,clip_id,device_id"
9e59d2f830c0b7c7bb06,val/images/17743470052360988.jpg,val,0,,,,,,,,43344bd544174b2ecfea86520d20972f44bc9e72f4f952d1b29feb8df592fa1a,e0e363294d0d018f,209,186,10691,235.041776,31.098444,73.379025,exact-f5e9cf847bb6,near-1f864a29eafe,quarantine,"MISSING_PROVENANCE:subject_id,session_id,clip_id,device_id"
5a4bcacb9d423eec6092,val/images/177434700526131.jpg,val,0,,,,,,,,43344bd544174b2ecfea86520d20972f44bc9e72f4f952d1b29feb8df592fa1a,e0e363294d0d018f,209,186,10691,235.041776,31.098444,73.379025,exact-f5e9cf847bb6,near-1f864a29eafe,quarantine,"MISSING_PROVENANCE:subject_id,session_id,clip_id,device_id"
0aa2898c5d4a62c3e12f,val/images/17743470056030672.jpg,val,0,,,,,,,,ec6c2bb024b95a246ea130477b832cbe3163c1ffa082ed0b823dbeb6631199bf,606363234d0d0386,207,184,11053,226.661494,38.179356,94.908456,exact-26c5e1ba181a,near-1f864a29eafe,quarantine,"MISSING_PROVENANCE:subject_id,session_id,clip_id,device_id"
5a02812c7c50c2ee4c56,val/images/17743470064356163.jpg,val,0,,,,,,,,366915ef83e02724b90c3f305376c35f01c328ec04fa9765a1d108cf07546ebb,4213110164218582,171,152,5745,241.037165,27.685785,73.271743,exact-274809c20b9a,near-274809c20b9a,quarantine,"MISSING_PROVENANCE:subject_id,session_id,clip_id,device_id"
52a0eb3ac30eb1b00caa,val/images/17743470190099356.jpg,val,0,,,,,,,,ceb163c1ee696ce950d615e4daf31c17739a924f79348285ff3f2f03a46e4164,28c083a7a78fbcb8,130,116,5724,187.273541,50.630817,49.417772,exact-63c5cd559eaf,near-63c5cd559eaf,quarantine,"MISSING_PROVENANCE:subject_id,session_id,clip_id,device_id"
521ba201ba9192bda7fd,val/images/17743470284000094.jpg,val,0,,,,,,,,c775c4e73051a3470e099abe5fefedfe98d8fe4d423078c9cc31401d2d596519,33278f23130e840d,265,236,17646,191.518964,64.057094,47.163840,exact-3fcbfb0eb465,near-3fcbfb0eb465,quarantine,"MISSING_PROVENANCE:subject_id,session_id,clip_id,device_id"
0d3f8171d7e0b91af356,val/images/17743470284698775.jpg,val,0,,,,,,,,afb5d01e55b7280d1f1ba227cebf2c01f4a6b1484d0a651b795abe293bd8d772,13378f111986840d,272,242,18169,189.926972,64.851523,46.344554,exact-d7beef8333b3,near-b9f2a9e13aab,quarantine,"MISSING_PROVENANCE:subject_id,session_id,clip_id,device_id"
90417d964dfb59985b34,val/images/17743470290450842.jpg,val,0,,,,,,,,f9e226b0bedb36d6541a172aaf1be40508c17c468295674c7970c77b8f2d1079,1b378f911986860c,255,226,17623,178.960680,66.032517,63.196237,exact-f16dd3720cdb,near-b9f2a9e13aab,quarantine,"MISSING_PROVENANCE:subject_id,session_id,clip_id,device_id"
50c43fa8425bdcf1cc6d,val/images/17743470292022085.jpg,val,0,,,,,,,,9c9108f93a8a1b690f3be01e624008b93bc984fc260ea6b81060169b7800d477,33658f13198e864c,240,213,15199,186.986072,61.931785,51.910487,exact-bf2d877090d1,near-bf2d877090d1,quarantine,"MISSING_PROVENANCE:subject_id,session_id,clip_id,device_id"
50c0c165db0e43a610ea,val/images/17743470293114882.jpg,val,0,,,,,,,,f51c24396dca0927353c4503503ba2d06d71175e7da6dcc4675b0f739f0df4b4,336d8f111906868e,214,190,12371,194.856911,62.728318,50.879468,exact-a384c007ec3c,near-a384c007ec3c,quarantine,"MISSING_PROVENANCE:subject_id,session_id,clip_id,device_id"
08aa71e380b718eb6881,val/images/17743470295344439.jpg,val,0,,,,,,,,791fc11cb28aad21d30ae13dda9a914714ad8f768873ab01314c743681b637f7,3363cd1319078606,205,182,12242,188.171697,68.398224,73.273257,exact-f70ddbcb78e1,near-f70ddbcb78e1,quarantine,"MISSING_PROVENANCE:subject_id,session_id,clip_id,device_id"
6a84a1d8e6ed7e234662,val/images/17743470297144263.jpg,val,0,,,,,,,,728c00dd381dea164198de3015765605e049770c61ec17b964b8d9074dfe58e9,63c78f1119078786,186,165,10621,184.686966,69.658653,83.843303,exact-8f4affe203b3,near-fdac530cc6b2,quarantine,"MISSING_PROVENANCE:subject_id,session_id,clip_id,device_id"
c084e0fb618a458997ed,val/images/177434702980437.jpg,val,0,,,,,,,,4c2d688faf36a19cc8592317b4ef8b1909daeb297de4ca1808c70c8ff0bb424a,63c58f1119878786,186,165,10727,183.187292,70.037785,88.990013,exact-761753df271e,near-fdac530cc6b2,quarantine,"MISSING_PROVENANCE:subject_id,session_id,clip_id,device_id"
0ecb6985266d0ae6edba,val/images/17743470299254494.jpg,val,0,,,,,,,,9ef2c28a062d8ad3e9371054d2fad38502d35d26a506fb25619f1c97d1dffbac,62c38f1319078786,193,171,11606,176.655304,72.995996,93.681028,exact-53ae9c35c40b,near-fdac530cc6b2,quarantine,"MISSING_PROVENANCE:subject_id,session_id,clip_id,device_id"
5e033c942c72d3d1d8b5,val/images/1774347036579069.jpg,val,0,,,,,,,,923011de1e44a96f36150b61832934775644007159a65d40ae0058fdbc03e7dd,d1dd1141c3f63e0e,167,148,10583,152.036940,59.156174,139.582900,exact-ae9123de2fc4,near-ae9123de2fc4,quarantine,"MISSING_PROVENANCE:subject_id,session_id,clip_id,device_id"
688a14fb690ce2d0ac78,val/images/17743470386776414.jpg,val,0,,,,,,,,cd282c9ca0dd0dc70feb1a3868c795eeec3c2755d3079c7a70019ed33d110db9,b339797934a67c8b,163,145,9838,171.706198,57.038607,113.022012,exact-124640bf2792,near-124640bf2792,quarantine,"MISSING_PROVENANCE:subject_id,session_id,clip_id,device_id"
bade3b5e8daeea18e8b4,val/images/17743470391657178.jpg,val,0,,,,,,,,b138b079d86df3425ecac8632a14986dc8aa4bcf1d5503a6e545276de99d712a,f9396b793925ce7e,147,130,8184,184.723967,55.384638,128.949295,exact-44d39c6e5e7b,near-44d39c6e5e7b,quarantine,"MISSING_PROVENANCE:subject_id,session_id,clip_id,device_id"
3735bdedfa3a67e0fd03,val/images/17743470401594863.jpg,val,0,,,,,,,,bc074682f6dace1e1c819c9f885c28b3589308b1d3efcf921526dc479107450e,fb733999904ecefc,172,153,10430,167.028766,50.114447,89.044036,exact-de74413100cf,near-de74413100cf,quarantine,"MISSING_PROVENANCE:subject_id,session_id,clip_id,device_id"
b24583a4c27b8262d874,val/images/177434704105558.jpg,val,0,,,,,,,,bff2f5331a29c696d280bd72d4b02087432c80e2aa5593f9b11e65cc47bd5efc,29b131a1c3627cbc,151,134,8763,152.880152,50.288709,142.830666,exact-100e667d1f4c,near-100e667d1f4c,quarantine,"MISSING_PROVENANCE:subject_id,session_id,clip_id,device_id"
119abaa9f0be0c5ff99c,val/images/17743470774402194.jpg,val,0,,,,,,,,29c1fb50a0a6aaa0b4efdbe9dc592d54d881300ee6076384efa1b1bd43192ac5,4fcf1a1e4e1e1c9d,126,112,6353,155.934453,85.364713,275.556532,exact-ed3c9dc579bb,near-054758cb40f9,quarantine,"MISSING_PROVENANCE:subject_id,session_id,clip_id,device_id"
9aeafda254b3b9adf2fb,val/images/1774347077501431.jpg,val,0,,,,,,,,bbac121a032cf46474657ea6ed9029bf5b63e4434f1a357be1dc296fbb5f00c1,4fcf1a1e4e1e1c98,126,112,6254,153.611182,87.591282,248.349846,exact-f59f52637e1f,near-054758cb40f9,quarantine,"MISSING_PROVENANCE:subject_id,session_id,clip_id,device_id"
2777f4cf279db43f2308,val/images/17743470776050625.jpg,val,0,,,,,,,,2e386cd369916938e596380615d27d1ecaf9404270d2d439a1d3297c04784b6c,cfdf3e165e1e1c99,129,115,6812,153.747287,85.708787,212.113496,exact-ab7e67e9480c,near-ab7e67e9480c,quarantine,"MISSING_PROVENANCE:subject_id,session_id,clip_id,device_id"
da519cb026c6fca948b4,val/images/17743470776965468.jpg,val,0,,,,,,,,a6bba0a44262f21fb16d2421a2705fa1e0410051a6e3f41500a08de12bbbc307,cf1f3a3f571e1e1c,121,108,5843,166.388200,82.250880,153.613575,exact-f15a3a5d3461,near-f15a3a5d3461,quarantine,"MISSING_PROVENANCE:subject_id,session_id,clip_id,device_id"
5c97c7e7e4df72530597,val/images/17743470778825896.jpg,val,0,,,,,,,,dfa5d273a1700c6841901af65864144560ac6edd797cc0609ab3341ec50c6668,4f9d1d1b4b0f1f0e,126,112,5322,163.808815,72.840942,83.602817,exact-27d73d98c36f,near-054758cb40f9,quarantine,"MISSING_PROVENANCE:subject_id,session_id,clip_id,device_id"
55be0d3e5f69ff29e1f3,val/images/1774347077946396.jpg,val,0,,,,,,,,da7e135545521425d0413bf3fc8bb65348ac740cf056f7e5b1de806b1964861d,4f9d1d0b4f0f1f8e,133,118,6094,160.742640,78.592454,96.594244,exact-93a2b2c62298,near-054758cb40f9,quarantine,"MISSING_PROVENANCE:subject_id,session_id,clip_id,device_id"
651c7db8427aaf2cee9f,val/images/1774347078195132.jpg,val,0,,,,,,,,c94c7794f89d6288223f223fcb3b2211b43147ab4e204b190445325abe8fe44b,cf9b1b1b4b1f1e8e,140,124,7029,151.423848,83.966250,148.871716,exact-0d2625cc8c95,near-054758cb40f9,quarantine,"MISSING_PROVENANCE:subject_id,session_id,clip_id,device_id"
baf50164c778bf11f472,val/images/17743470782860847.jpg,val,0,,,,,,,,f76e75a2d97af63df6612baf8dda45025a3ee84c93d598a1ab7eb93ad4f4423b,4f9a1b1b4f1e1e8c,137,122,7080,151.358681,83.722244,164.392266,exact-3b5aa0daf8ef,near-054758cb40f9,quarantine,"MISSING_PROVENANCE:subject_id,session_id,clip_id,device_id"
923f0685fc54faf772f9,val/images/1774347078430311.jpg,val,0,,,,,,,,607250b1df35dc5e74d3b5531bdc5f71a4fd80c53a554027a8051889d93420bb,4f9b3b5b4b1f1f1e,120,106,5306,166.993003,77.134453,112.871284,exact-38083c7ee912,near-054758cb40f9,quarantine,"MISSING_PROVENANCE:subject_id,session_id,clip_id,device_id"
4e4de07921fd2f9ee453,val/images/17743470785631618.jpg,val,0,,,,,,,,057f8730a2410799434ca3a0dc2c91ac54b00effd46d4a708d5a0538ef834bd9,cfcf1a1b4b1f1e1e,122,109,6028,164.771469,75.911404,146.168972,exact-597180d3039f,near-054758cb40f9,quarantine,"MISSING_PROVENANCE:subject_id,session_id,clip_id,device_id"
963fec2a4f00c73c5f6e,val/images/177434707862379.jpg,val,0,,,,,,,,24ec109f9626a43ea8d9c4eceb43dfd310f45a9540fcdc77c4005d29008affde,4f9b191b4b0f1f0e,114,102,5400,171.008772,75.640267,124.237453,exact-954f95d35f50,near-054758cb40f9,quarantine,"MISSING_PROVENANCE:subject_id,session_id,clip_id,device_id"
ca40e3725eb0067a8a81,val/images/17743470786790361.jpg,val,0,,,,,,,,331bca6fa448a0bca9193eae67e3685a32dc89abcc3e22f0487726a5930a7bc4,c79b1d1b4b0f0f8e,117,104,5529,166.876972,77.748293,140.027550,exact-f6e5ff547d5a,near-054758cb40f9,quarantine,"MISSING_PROVENANCE:subject_id,session_id,clip_id,device_id"
df14a7a5a5e88b0e5bcd,val/images/17743470794216783.jpg,val,0,,,,,,,,8b7250a2a7c0ec64d2ac2b77533126b885723100a1d2a0c70bd5c9bc98cc87ab,cfcf9a1a4b1e1e8c,117,104,6242,138.704060,79.414763,334.575483,exact-c29ee91a4bd5,near-054758cb40f9,quarantine,"MISSING_PROVENANCE:subject_id,session_id,clip_id,device_id"
f18fecad181d9e6a6ea4,val/images/17743470796683815.jpg,val,0,,,,,,,,0da047ec71e941ef493de88bd1f03ca2dc688bb012a0c71010c5bb1edded6b9d,c7cf9a1b2b0f1e8e,117,104,5690,140.675378,80.612543,231.102125,exact-8c0b66d905f1,near-054758cb40f9,quarantine,"MISSING_PROVENANCE:subject_id,session_id,clip_id,device_id"
c813aab3ecd44e6ad93b,val/images/17743470797030897.jpg,val,0,,,,,,,,0527993f7c636da07419336de24ed2082d73e111ee20c290a2da314dc95a06c4,cf4f9a1b4b0f1e8e,112,99,5398,148.079004,79.465864,253.122168,exact-9551dc186746,near-054758cb40f9,quarantine,"MISSING_PROVENANCE:subject_id,session_id,clip_id,device_id"
571ca669b2e6640f52a0,val/images/17743470797953656.jpg,val,0,,,,,,,,aa8a8befa1e9dea3beb05c1b682bd59b2c8d7350e0c1f8ad67eb7ffbae823632,c78f9a1a0f1e1e8e,121,108,6201,136.302724,81.220051,233.476480,exact-e38ce65f50a8,near-054758cb40f9,quarantine,"MISSING_PROVENANCE:subject_id,session_id,clip_id,device_id"
a473364c52013dfa23f5,val/images/17743470798936577.jpg,val,0,,,,,,,,f3d917cdfcb195c3c5e37d53f9ff548e41dc40d6fa745e0bb9af7bacc558f2ae,cfcf9a0b2f0f0ece,117,104,5794,139.179980,79.987066,229.127379,exact-a3d501a5be54,near-054758cb40f9,quarantine,"MISSING_PROVENANCE:subject_id,session_id,clip_id,device_id"
27c0cd78316a24cea48e,val/images/17743470800150979.jpg,val,0,,,,,,,,232695f90824c8575fd8849da5ca85cc0808e7000e8848679f0834bcd8c0a19b,cfcf9a1b2b0f1e8e,116,103,5621,142.083026,79.814501,225.549544,exact-680f612e343a,near-054758cb40f9,quarantine,"MISSING_PROVENANCE:subject_id,session_id,clip_id,device_id"
b265f9a9921bc3d6a403,val/images/17743470800461738.jpg,val,0,,,,,,,,862713171bbab0523d4b2d34013ac790b571b5b49b5a8b8da335b40a3cd52b54,cfcf9a0b0f0f1e8e,113,100,5452,144.524159,79.168094,216.968266,exact-017ae987199a,near-054758cb40f9,quarantine,"MISSING_PROVENANCE:subject_id,session_id,clip_id,device_id"
424911e1c5853e8987fe,val/images/17743470802923262.jpg,val,0,,,,,,,,b8370e3f13215c46fef22129c4c8ce79a343c21297166b8e2e71429d6411f45c,cfdf1a1a4a1e1e8c,121,108,6092,135.430594,80.335570,221.583050,exact-08eb507fdfc2,near-054758cb40f9,quarantine,"MISSING_PROVENANCE:subject_id,session_id,clip_id,device_id"
5bf4f67ac535ceb382b0,val/images/1774347080452032.jpg,val,0,,,,,,,,589a6483e0d9f5e6c19059848ab30507ba4d257a0dae89a5a38fd72c00d3efe5,cf9f1a1b4b1f1e8e,116,103,5665,142.513391,77.642839,232.953147,exact-e40aa9d56ec9,near-054758cb40f9,quarantine,"MISSING_PROVENANCE:subject_id,session_id,clip_id,device_id"
bc06c4b7c6f5ffc6cadc,val/images/17743470805301328.jpg,val,0,,,,,,,,ae979e2c85dd81ecdcfcefaf09adb6c3d10d98ebfda2fa51d044549942c4359a,4f3a3a5b5b1e1e8c,113,100,5577,146.419823,76.753567,290.111060,exact-4bbcd97e4d53,near-f876eb7c5cd4,quarantine,"MISSING_PROVENANCE:subject_id,session_id,clip_id,device_id"
4e53530df9daad392968,val/images/1774347080696584.jpg,val,0,,,,,,,,36a6f59aa0bb36de4e24a95376b1f48755bdd181249f7264d8bb18d2ec7f1306,4f9b191b6d0f1f8f,114,102,5728,155.874785,74.041606,288.987321,exact-ea2c89be738f,near-054758cb40f9,quarantine,"MISSING_PROVENANCE:subject_id,session_id,clip_id,device_id"
1ad40c296a7f35c4de91,val/images/17743470808450973.jpg,val,0,,,,,,,,aa7548e39d0a98435327ef27acc9589ccfcb6c2d6f4d0200eb32159e0e8db00f,5f1d1d4d6f0f0f87,109,97,5093,168.080866,69.552085,282.698625,exact-ba977edd7884,near-ba977edd7884,quarantine,"MISSING_PROVENANCE:subject_id,session_id,clip_id,device_id"
29e20af7223f62d58366,val/images/17743470813911693.jpg,val,0,,,,,,,,3e1e7401e7846ae673b55b90a56c839bec591adee227834f17dc820d43d4fae2,cf1b1b1b4f0f0f0f,122,109,5827,163.676042,76.750421,184.993304,exact-f5ea2dd1e63e,near-054758cb40f9,quarantine,"MISSING_PROVENANCE:subject_id,session_id,clip_id,device_id"
f7650498eba905e2109b,val/images/17743470815450616.jpg,val,0,,,,,,,,1d56deb55b4c6f1323e7d2b6d0c6ec6606eead35b2dbdd38a09f2ae1f4e2fad0,cf1b1b1b4f0f0f0e,126,112,5855,158.593325,79.415538,159.259400,exact-f157f9e9b536,near-054758cb40f9,quarantine,"MISSING_PROVENANCE:subject_id,session_id,clip_id,device_id"
3d85d8318f370d53a5ba,val/images/17743470815821714.jpg,val,0,,,,,,,,1d56deb55b4c6f1323e7d2b6d0c6ec6606eead35b2dbdd38a09f2ae1f4e2fad0,cf1b1b1b4f0f0f0e,126,112,5855,158.593325,79.415538,159.259400,exact-f157f9e9b536,near-054758cb40f9,quarantine,"MISSING_PROVENANCE:subject_id,session_id,clip_id,device_id"
a459c33b02d141a9ab19,val/images/1774347081675086.jpg,val,0,,,,,,,,8aacc20cbdcc870bdf50947bb87784003874e0d5d68b0309f3eccfd40c6cff5d,cf1b1b1b4f0f0f1f,120,106,5581,164.774292,76.132712,172.070925,exact-9e910c76fe4c,near-054758cb40f9,quarantine,"MISSING_PROVENANCE:subject_id,session_id,clip_id,device_id"
1906ae5373b7dbf959c3,val/images/1774347081704185.jpg,val,0,,,,,,,,792f85087826d40b297f75c2ee2ef8aa71950e79686d188fc25f69c02bc19d9b,cf9b191b4f0f0f0f,122,109,5844,161.093999,77.732513,176.039256,exact-cfa8624c2d1e,near-054758cb40f9,quarantine,"MISSING_PROVENANCE:subject_id,session_id,clip_id,device_id"
60f9a82a90c0d0702e0f,val/images/17743470817641737.jpg,val,0,,,,,,,,dc9621f7ea7f08741facdcd92696c3a9f6c65b5159e1c2fe1aeabdaa46f0e748,cfd9191b4f0f0f0f,118,105,5487,165.836239,75.786216,184.900513,exact-d0832287613b,near-054758cb40f9,quarantine,"MISSING_PROVENANCE:subject_id,session_id,clip_id,device_id"
a1106fabbe8b22451a7f,val/images/17743470819982162.jpg,val,0,,,,,,,,8b7d733c86a798fea2ed66f75daeda9715f0ec9b64ec764f73f7e7a73f8afd16,cf9919196f0f0f8f,120,106,5569,164.604638,76.429974,199.590479,exact-cb5611d87825,near-054758cb40f9,quarantine,"MISSING_PROVENANCE:subject_id,session_id,clip_id,device_id"
54e61ade16391dd5d586,val/images/1774347082023137.jpg,val,0,,,,,,,,a16a647341a805d3b59865fff8607c52d13211763d56b8bf1a72d80c5b87a053,cf99191b6f0f0f8f,120,106,5579,163.293947,76.609622,194.413437,exact-50f33355a7ee,near-054758cb40f9,quarantine,"MISSING_PROVENANCE:subject_id,session_id,clip_id,device_id"
18de7c43e0cef6718eec,val/images/1774347082259615.jpg,val,0,,,,,,,,7798002502e122b9e0345ebac7e46484addd2cf9ae0323b032efc87d52226947,4f9d191b4d0f0f8f,118,105,5602,157.936158,76.426015,201.880595,exact-1ee4e10c0c7e,near-054758cb40f9,quarantine,"MISSING_PROVENANCE:subject_id,session_id,clip_id,device_id"
d941796a03bd4903bd9e,val/images/1774347082287956.jpg,val,0,,,,,,,,aff4c97c63f36af2f93a528c9a6221699a72bd0f298d6c4797b473030822ee12,cf9b1b1b4d0f0f8f,121,108,5779,152.460361,78.510855,206.874742,exact-d0a8a882c042,near-054758cb40f9,quarantine,"MISSING_PROVENANCE:subject_id,session_id,clip_id,device_id"
d03695c649ff8f564205,val/images/1774347082385133.jpg,val,0,,,,,,,,8cfce9d7253fe68bf10c1c60a6cf55ff86aff4a1eb1452df2f843bcd87d2a56b,4f9b1b4b4d0f0f8f,122,109,5802,147.344488,80.204301,182.726714,exact-8833ec27c2d4,near-054758cb40f9,quarantine,"MISSING_PROVENANCE:subject_id,session_id,clip_id,device_id"
39d97fe3a4a580c8525f,val/images/17743470824153502.jpg,val,0,,,,,,,,9ef5850e3c1beb6adf97fef45e3c28d5d283295a89fd93b62c357f22d7d4799a,4f9b1b1b4d0f0f8f,121,108,5816,150.480563,78.994535,192.564938,exact-eb3d9dac4607,near-054758cb40f9,quarantine,"MISSING_PROVENANCE:subject_id,session_id,clip_id,device_id"
e82abb15272c9f6046aa,val/images/17743470824443045.jpg,val,0,,,,,,,,e225509d590beed4ff7adcee727c743efa0e643ba34c3fb16e1552b5691199b4,cf9b1b0b2f0f0f8f,125,111,5909,145.355532,80.252352,194.087905,exact-aabe8732aaba,near-054758cb40f9,quarantine,"MISSING_PROVENANCE:subject_id,session_id,clip_id,device_id"
4c140a02633bb28b04f6,val/images/17743470827870622.jpg,val,0,,,,,,,,52b1fe2c922cfe5658608a2fcc62b1c40c4bde362c3f2ca1dedd33362cbaa404,0f8f1d1d37170f87,124,110,5621,148.809824,80.946963,171.594387,exact-92128c7fc22f,near-604161be429f,quarantine,"MISSING_PROVENANCE:subject_id,session_id,clip_id,device_id"
28162d1f9a6515239497,val/images/17743470828796363.jpg,val,0,,,,,,,,5132186517a267d52c5e71850b3850b69587bb5c04a53006de452a0b0f0b92dd,0e1f1f3737170fc7,125,111,5746,139.733477,81.915613,176.397320,exact-ecf8103662b9,near-a6fb97589b5b,quarantine,"MISSING_PROVENANCE:subject_id,session_id,clip_id,device_id"
87464d775c98ded95e8d,val/images/1774347082911821.jpg,val,0,,,,,,,,e522b8d5436b43edc1016b03b534d644a73ff3e7053ddc33174de0f373a89fec,0e0f1f1717078746,129,115,6160,128.852309,81.667890,157.421822,exact-c181bc1cc850,near-a6fb97589b5b,quarantine,"MISSING_PROVENANCE:subject_id,session_id,clip_id,device_id"
a56593060e60dc141471,val/images/1774347083346184.jpg,val,0,,,,,,,,3226cb801fe2ef12fc4b40dbb804790568b02b53916697b4662e945ae304709d,cf9b1b0b6e0e0f8e,126,112,6226,142.852891,79.167788,283.078870,exact-1a5de96b8308,near-054758cb40f9,quarantine,"MISSING_PROVENANCE:subject_id,session_id,clip_id,device_id"
65854757dcaff384c670,val/images/1774347083521613.jpg,val,0,,,,,,,,a3eb813a42934825d8c31a1fa70aff2d043f6121ce17cf225d7302394a8f4462,cf1a1b1b4e0e1e9e,122,109,6271,141.789442,78.319564,285.220721,exact-a7631504c6cd,near-054758cb40f9,quarantine,"MISSING_PROVENANCE:subject_id,session_id,clip_id,device_id"
99ce34858375f42eba04,val/images/17743470835888448.jpg,val,0,,,,,,,,768968b8f342fbc1e2babff7431da092c48acc6a2578fbfdbd07072c119c0671,cf1333335f1f1f1e,113,100,5226,150.724336,75.565109,252.526135,exact-011ba6714bb6,near-d947a58d8bab,quarantine,"MISSING_PROVENANCE:subject_id,session_id,clip_id,device_id"
c9367c9094853574516d,val/images/1774347083678494.jpg,val,0,,,,,,,,ede62da64b8d653859a2e63357c76e4e92b8551c6c7da8133bb856bc355a122b,cf1233171b1f1f1f,117,104,5460,141.852318,77.869505,272.385756,exact-86af1a4e8605,near-d947a58d8bab,quarantine,"MISSING_PROVENANCE:subject_id,session_id,clip_id,device_id"
886825379518bd394d20,val/images/1774347084079069.jpg,val,0,,,,,,,,6cd1cd36e5508707dd28d383ad860ce4780eb7d2b9f589ce69178b9ba2f9847d,cf2627371f1f1f1f,112,99,5014,143.222312,74.927242,224.317181,exact-607f6bfaff66,near-d947a58d8bab,quarantine,"MISSING_PROVENANCE:subject_id,session_id,clip_id,device_id"
20034084df8305d5fb4b,val/images/17743470841488724.jpg,val,0,,,,,,,,1baf173d452698db4faa568442000c91010e4ffe710ce6c768c36dcd0b81b458,8f2727371f1f1f1f,113,100,5106,138.686814,76.380136,200.161058,exact-9f4ea8281f1d,near-d947a58d8bab,quarantine,"MISSING_PROVENANCE:subject_id,session_id,clip_id,device_id"
f09bc65b0e2631bb0322,val/images/17743470842120774.jpg,val,0,,,,,,,,b3725a7ca65c497dbfd4a7c869d6e2fda6a0fe085feb44161491b02cff1f4de3,8f3636371f1f1f1f,118,105,5377,128.429136,77.877014,164.836400,exact-8f5c5451afb1,near-d947a58d8bab,quarantine,"MISSING_PROVENANCE:subject_id,session_id,clip_id,device_id"
81528a43ee8eb37f3eb9,val/images/17743470844832602.jpg,val,0,,,,,,,,d38f0374492eb0613fc6a424020830e0c3a0609ea8a0e406f2986c832a84a753,cf5a1a1b0e0f0ece,126,112,5570,113.138393,78.787281,168.330878,exact-02176ff993f4,near-054758cb40f9,quarantine,"MISSING_PROVENANCE:subject_id,session_id,clip_id,device_id"
e5013a8c474d11ade8ad,val/images/17743470849766016.jpg,val,0,,,,,,,,2e6e35c8436d72e914dfbe293a5da5c312bb171398a2363d1b97b5ca0f03e226,cf9a1a1b2e0e0e8e,121,108,5871,121.195210,74.698811,205.125803,exact-23cd823b961b,near-054758cb40f9,quarantine,"MISSING_PROVENANCE:subject_id,session_id,clip_id,device_id"
1aa4b99ba1516514862b,val/images/177434708507165.jpg,val,0,,,,,,,,07d2e926751c9e49a545280b2d8ede580d7608dbcc387216f6291b8824de6f52,8f9a1a1b4e0e1e8e,120,106,5650,112.682862,72.852959,142.893426,exact-63a7db0259ce,near-054758cb40f9,quarantine,"MISSING_PROVENANCE:subject_id,session_id,clip_id,device_id"
132605278b7d28016192,val/images/17743470851442032.jpg,val,0,,,,,,,,e6425f0a1e64656985fc4abcba896bb0befcd2eb729c3fd04803c426fcbeb2ce,cf8b9b0b2f0f0ece,121,108,5953,102.270202,72.450229,220.150224,exact-21694999947c,near-054758cb40f9,quarantine,"MISSING_PROVENANCE:subject_id,session_id,clip_id,device_id"
7966becb186755884ea1,val/images/17743470851995134.jpg,val,0,,,,,,,,4f44e5fe49fc32a7941d48f9617e95e2441bd1a8c4b679e2757ad269ad56c98e,cf8b9b0b2f0f0ece,120,106,5589,100.676887,73.393095,230.466309,exact-858a794b9a1d,near-054758cb40f9,quarantine,"MISSING_PROVENANCE:subject_id,session_id,clip_id,device_id"
067a9bcd3fbe5a1e5266,val/images/17743470854382207.jpg,val,0,,,,,,,,02f472b9dc3246510011584774062d442b4483a988968357f0785544a178e7c7,8f8e9a1a4f1e1e8d,121,108,6066,114.745485,71.813801,216.050855,exact-c81b352b270b,near-c81b352b270b,quarantine,"MISSING_PROVENANCE:subject_id,session_id,clip_id,device_id"
6c07b24b3ad258ca04fd,val/images/17743470854684827.jpg,val,0,,,,,,,,dec0b2e6ce360d3f8334d7e4ac5a7acb4d982dba87f78a2e5e8dbfc05a3b5d82,8e8f9a3a5f0e1e1d,120,106,5860,118.411950,71.446031,214.244176,exact-22492061879a,near-22492061879a,quarantine,"MISSING_PROVENANCE:subject_id,session_id,clip_id,device_id"
2a4c16c694a952f358b5,val/images/17743470857522788.jpg,val,0,,,,,,,,874e8192d14a08d559d9fb9f9ff485cdd993dd3911f797cc055a87f832fd2a1d,cf5bbb1b4f0e1e8e,120,106,5739,117.629403,75.958580,249.796811,exact-2120ea176dd1,near-054758cb40f9,quarantine,"MISSING_PROVENANCE:subject_id,session_id,clip_id,device_id"
37302a74bac6c4a4417c,val/images/17743470859026937.jpg,val,0,,,,,,,,88da00c96a203438a6de4bbf729750c7e83433e51382077790c30bdb5d2122b5,8f9b1b0b0f1f1ece,120,106,5475,119.499057,78.782724,196.078283,exact-4a1b1c59f8ad,near-054758cb40f9,quarantine,"MISSING_PROVENANCE:subject_id,session_id,clip_id,device_id"
fec50bb835cccdcf5907,val/images/1774347085941018.jpg,val,0,,,,,,,,5b2013c0f43d9caa1d12b77c54caed1b1e72445dbb7dd21c03c4580b69f7d251,8f9a1a0b0f1f8ece,122,109,5658,116.264401,79.410720,201.260523,exact-fea0c15bfd19,near-054758cb40f9,quarantine,"MISSING_PROVENANCE:subject_id,session_id,clip_id,device_id"
0e59cb5655ca33457ae2,val/images/17743470859686365.jpg,val,0,,,,,,,,de4a795419978c436bedfa4034606cad097cbe560d399cdfefcd8801e6975d26,cfdb1a0b0f1f8ece,124,110,5713,114.732698,79.821053,184.547399,exact-456d12e33d0e,near-054758cb40f9,quarantine,"MISSING_PROVENANCE:subject_id,session_id,clip_id,device_id"
6939757f1c84bf43b0ef,val/images/17743470860485878.jpg,val,0,,,,,,,,3bf27e07458d7ae023ac8e0184e3a9cfa0a7693477916bac4df30a44bf897244,4f9b1a0b2f1f8e46,122,109,5527,114.221236,80.273873,183.151061,exact-b98c5b564cba,near-054758cb40f9,quarantine,"MISSING_PROVENANCE:subject_id,session_id,clip_id,device_id"
4d8f3e181473d964bf6e,val/images/17743470860792627.jpg,val,0,,,,,,,,bc223058a9ce2ef67dddc962f5f93b5fdec28a8d8ba2eb7dc351a3c4ffc0aec8,cf991b0b2f1f8fcf,120,106,5374,118.077594,79.645945,182.450153,exact-8b49203c3d36,near-054758cb40f9,quarantine,"MISSING_PROVENANCE:subject_id,session_id,clip_id,device_id"
5e85163cec5bc3abbad6,val/images/17743470861852598.jpg,val,0,,,,,,,,b12dc58c26d733c8b6023f32a41b0825bdcefb21f2f6f72cc6831bd5220a50e1,cfdb1a0b2f0f8ece,124,110,5660,115.477053,79.784530,174.485703,exact-cbbe2e41fff1,near-054758cb40f9,quarantine,"MISSING_PROVENANCE:subject_id,session_id,clip_id,device_id"
1cf572a214d6c100c127,val/images/17743470862143443.jpg,val,0,,,,,,,,7009bf69330bf38f7702202e4eb3bc3e681289d8e8eca3fb65abeb1c38234525,8f9b9a0b2f0f0fcf,122,109,5490,118.417130,78.762333,167.464576,exact-02f7cd8e067c,near-054758cb40f9,quarantine,"MISSING_PROVENANCE:subject_id,session_id,clip_id,device_id"
2db3ac04732dc13f45b8,val/images/17743470862495875.jpg,val,0,,,,,,,,6b3bb2c9f5521e832bfd1dc9ee9bbfe82fe2bbb971cf2bbdb5368ab15df5b61b,8f9b9a0b2f0f0fcf,122,109,5283,118.214920,79.579882,155.206135,exact-3b25e0d5df8f,near-054758cb40f9,quarantine,"MISSING_PROVENANCE:subject_id,session_id,clip_id,device_id"
0aa1676f701f0ee38916,val/images/17743470863428936.jpg,val,0,,,,,,,,656b34a201a2ab590463ad7380e2a65cd4373a707cd49f440111cd8ecff43e76,868a9a2b0f0e0e66,133,118,6971,108.523194,78.750551,242.903348,exact-8350242b2df4,near-8350242b2df4,quarantine,"MISSING_PROVENANCE:subject_id,session_id,clip_id,device_id"
23d0f8356f0a779b1c5f,val/images/1774347086400662.jpg,val,0,,,,,,,,532dbc4c5daf006a54f6aba5fb4d31521de8fcfa9e3c2c5ff6e6056519abf4a1,cf9f1e270f0e4662,133,118,6501,104.118071,79.288286,196.342520,exact-66ba11c8b570,near-66ba11c8b570,quarantine,"MISSING_PROVENANCE:subject_id,session_id,clip_id,device_id"
9a74ed2a5dc0e91f48e5,val/images/17743470867114043.jpg,val,0,,,,,,,,07fe2006b1652d6eabdded98cbde3e5892c1cfb42353b636d28b02b6f58eb6b6,061e1f2f2e0f0ec7,132,117,7259,111.217884,75.079363,297.684518,exact-4708f9c61a5e,near-4708f9c61a5e,quarantine,"MISSING_PROVENANCE:subject_id,session_id,clip_id,device_id"
5c73c38543df2a14a2d3,val/images/17743470868382955.jpg,val,0,,,,,,,,3d8c2402ec0c509234ad08f9427ccdb770a4a1417c570d0fe025bc5d23d70238,969f1e2f0f0e0e66,132,117,6892,107.514310,77.071381,308.121418,exact-da567b5f09f0,near-da567b5f09f0,quarantine,"MISSING_PROVENANCE:subject_id,session_id,clip_id,device_id"
cc75cd7faffdb0e9f76f,val/images/17743470871647608.jpg,val,0,,,,,,,,2ba9200483fb7cd1c9b7ac437bdd915d68a5c5b337b4504cde03c6532daf91d5,4fcf9b2b2f0f0ec6,129,115,6862,109.087226,73.316196,267.904717,exact-62c488bbaded,near-054758cb40f9,quarantine,"MISSING_PROVENANCE:subject_id,session_id,clip_id,device_id"
d200889af0cd34953b1f,val/images/17743470872398794.jpg,val,0,,,,,,,,758fd2cf781d9119682e8dd5364e6486bbac5fbb0a5e3b44e000d3992e01ce0a,ce9b1b0b4f0f1e8e,122,109,6263,115.183486,72.049335,296.859757,exact-cd444afadcc6,near-054758cb40f9,quarantine,"MISSING_PROVENANCE:subject_id,session_id,clip_id,device_id"
62ea50b1b9d300ffcc57,val/images/17743470873213925.jpg,val,0,,,,,,,,8c1ad9b1201130047c196840613cac020334e008d1b8577fc06841e98f499a64,cc8b9b1b2f0f1f8e,121,108,6090,118.740817,70.192258,292.507275,exact-d2b7fb53758a,near-d2b7fb53758a,quarantine,"MISSING_PROVENANCE:subject_id,session_id,clip_id,device_id"
b91734e9231f2ffd5499,val/images/17743470875108497.jpg,val,0,,,,,,,,38259b7470bfbbaee6498c7c407bbfa5a21808df80f60d3b75a0ab69e3a6a100,8f9d1b4b0f0f1f8f,118,105,5452,122.159564,71.777546,239.069260,exact-957b4de48fd8,near-054758cb40f9,quarantine,"MISSING_PROVENANCE:subject_id,session_id,clip_id,device_id"
966cb17b522bfb453d9b,val/images/17743470877792227.jpg,val,0,,,,,,,,2ebd4479fc941f38eabbfc7b7afe9efdaa0ccf4e2a35e07ef4d0e5463ffe7153,4b1d1b4b0f1f1e8e,120,106,5456,119.856997,72.479291,252.379925,exact-45c7b309a477,near-054758cb40f9,quarantine,"MISSING_PROVENANCE:subject_id,session_id,clip_id,device_id"
cc6c1505a609f92ec10a,val/images/1774347087806432.jpg,val,0,,,,,,,,aa660fe40f3c5308da6bb2e5162aa5dd7aa870d7a589e6bd3e1d43052adff875,4b1b1b4b4f1f1e8e,120,106,5575,120.017138,72.284107,265.514642,exact-cb889e05f912,near-054758cb40f9,quarantine,"MISSING_PROVENANCE:subject_id,session_id,clip_id,device_id"
319b3dc3465c2a68f031,val/images/17743470878402627.jpg,val,0,,,,,,,,17a566872d86bba289947cf54632af59d1c9e15d72f184aea5ecd62ebe366506,0b9d1b4b0f1f1e8e,121,108,5802,119.070478,72.117530,259.485870,exact-d896af65d5b6,near-054758cb40f9,quarantine,"MISSING_PROVENANCE:subject_id,session_id,clip_id,device_id"
d633d002695da6d897d6,val/images/1774347087970227.jpg,val,0,,,,,,,,f3e5e769ed65908a114b41c456b6c3da94973efe46f5438057f4187be8da0f09,4f9d1d492f0f0f0f,108,96,4357,139.679109,63.117703,148.017780,exact-50f72405baf1,near-054758cb40f9,quarantine,"MISSING_PROVENANCE:subject_id,session_id,clip_id,device_id"
d8d92aa81d0f8db2b2fa,val/images/1774347088274489.jpg,val,0,,,,,,,,5868e775c8fbefd9e1af98366fc8cabde7b9dbd6b6331e9f3514d785319673d1,4f1a3b5b4f1f1f0f,118,105,5781,122.303067,68.071506,286.336055,exact-93e2a45037eb,near-054758cb40f9,quarantine,"MISSING_PROVENANCE:subject_id,session_id,clip_id,device_id"
08fa112a6332342ffaac,val/images/17743470883351367.jpg,val,0,,,,,,,,cc7c90a814de084ea3a42459f9dcfd3a3ba533c3045def61baef1b2e5dfe9b6e,4e9b3b1b5f1f1f1f,116,103,5665,127.617174,65.442795,297.243589,exact-bcf1b6a7a986,near-054758cb40f9,quarantine,"MISSING_PROVENANCE:subject_id,session_id,clip_id,device_id"
bff4c29a892d6808325b,val/images/17743470883703833.jpg,val,0,,,,,,,,1a15c0317264dab07edddaa674196af69d0234c872d4103b10b13cdbc8acc508,469b1b1b5f1f1f1f,118,105,5703,130.057789,65.858269,251.349651,exact-e1fee01ee26d,near-054758cb40f9,quarantine,"MISSING_PROVENANCE:subject_id,session_id,clip_id,device_id"
